{
"type": "FeatureCollection",
"name": "blocks_cut",
"crs": { "type": "name", "properties": { "name": "urn:ogc:def:crs:OGC:1.3:CRS84" } },
"features": [
{ "type": "Feature", "properties": { "area": 215193 }, "geometry": { "type": "Polygon", "coordinates": [ [ [ 102.7126245, 57.9573979 ], [ 102.7126566, 57.9579978 ], [ 102.7126711, 57.9583723 ], [ 102.7128179, 57.958574 ], [ 102.7130692, 57.9586451 ], [ 102.7134518, 57.9587083 ], [ 102.713699, 57.9587998 ], [ 102.7138446, 57.9589257 ], [ 102.7143642, 57.9601102 ], [ 102.7146185, 57.9608058 ], [ 102.7148327, 57.9610766 ], [ 102.7151049, 57.9612754 ], [ 102.7154365, 57.9614426 ], [ 102.7161318, 57.9616452 ], [ 102.7166214, 57.9616689 ], [ 102.7180728, 57.9614692 ], [ 102.7170617, 57.9596806 ], [ 102.7172298, 57.9594725 ], [ 102.7171738, 57.9578671 ], [ 102.71652, 57.9560435 ], [ 102.7166694, 57.9555182 ], [ 102.716931, 57.9547055 ], [ 102.71751, 57.9540315 ], [ 102.7187803, 57.953298 ], [ 102.7189484, 57.9530205 ], [ 102.7199001, 57.9519123 ], [ 102.7173296, 57.9515318 ], [ 102.716128, 57.9527387 ], [ 102.7158276, 57.9531828 ], [ 102.715098, 57.9535244 ], [ 102.7147761, 57.9539456 ], [ 102.7144328, 57.9540139 ], [ 102.7142826, 57.95431 ], [ 102.7144328, 57.9543783 ], [ 102.7144757, 57.9546857 ], [ 102.7140466, 57.9552435 ], [ 102.7136389, 57.9556079 ], [ 102.7133814, 57.9559608 ], [ 102.7131024, 57.9561885 ], [ 102.7127806, 57.9565642 ], [ 102.7126245, 57.9573979 ] ] ] } },
{ "type": "Feature", "properties": { "area": 134492 }, "geometry": { "type": "Polygon", "coordinates": [ [ [ 102.703226392924378, 57.922537685494028 ], [ 102.7002785, 57.9227855 ], [ 102.7002302, 57.9228325 ], [ 102.7001175, 57.9228923 ], [ 102.6999727, 57.9229878 ], [ 102.6999056, 57.9230604 ], [ 102.6998439, 57.9231373 ], [ 102.6997715, 57.923237 ], [ 102.6997232, 57.9233368 ], [ 102.6996535, 57.9234607 ], [ 102.6995918, 57.9235575 ], [ 102.6994953, 57.9236758 ], [ 102.6993906, 57.9238054 ], [ 102.6993048, 57.9238951 ], [ 102.6991385, 57.9240504 ], [ 102.6989883, 57.9241957 ], [ 102.6988649, 57.9242797 ], [ 102.6986368, 57.9243924 ], [ 102.6985538, 57.924452 ], [ 102.6985297, 57.9245275 ], [ 102.6985377, 57.9245873 ], [ 102.698594, 57.9246344 ], [ 102.698704, 57.924697 ], [ 102.6987925, 57.9247455 ], [ 102.6988783, 57.9248167 ], [ 102.6989374, 57.9248993 ], [ 102.6990044, 57.9249748 ], [ 102.69916, 57.9250773 ], [ 102.6992807, 57.9251998 ], [ 102.6993772, 57.925297 ], [ 102.6994899, 57.9254434 ], [ 102.6995811, 57.9255473 ], [ 102.6996294, 57.925583 ], [ 102.6997098, 57.9255958 ], [ 102.6997715, 57.9255815 ], [ 102.6998466, 57.9255203 ], [ 102.6999217, 57.9255089 ], [ 102.7000263, 57.9255103 ], [ 102.7001631, 57.9255345 ], [ 102.7003294, 57.9255701 ], [ 102.7005038, 57.9256385 ], [ 102.7007586, 57.9257966 ], [ 102.7009141, 57.9259034 ], [ 102.7010354, 57.9260114 ], [ 102.7011448, 57.9261427 ], [ 102.7012467, 57.9262666 ], [ 102.7013111, 57.926392 ], [ 102.7013847, 57.9265057 ], [ 102.701413, 57.926584199999986 ], [ 102.702931677696199, 57.926901003830487 ], [ 102.703568262589087, 57.926475337577322 ], [ 102.7041229, 57.927824799999989 ], [ 102.7049525, 57.9277502 ], [ 102.7055176, 57.9276994 ], [ 102.7055383, 57.9271212 ], [ 102.7049482, 57.9261612 ], [ 102.7051574, 57.9258279 ], [ 102.705034, 57.9249221 ], [ 102.7043796, 57.924133 ], [ 102.704112800000019, 57.923678900000013 ], [ 102.7041128, 57.9236789 ], [ 102.703638994243846, 57.923745945805535 ], [ 102.703179238487849, 57.923470491073907 ], [ 102.703226392924378, 57.922537685494028 ] ] ] } },
{ "type": "Feature", "properties": { "area": 308162 }, "geometry": { "type": "Polygon", "coordinates": [ [ [ 102.7252327462202, 57.938800057491726 ], [ 102.723440645266308, 57.938560792723905 ], [ 102.7235952, 57.938982 ], [ 102.7235094, 57.9402121 ], [ 102.7228228, 57.9430936 ], [ 102.7214924, 57.9470226 ], [ 102.7207414, 57.9476945 ], [ 102.7287835, 57.9483259 ], [ 102.7287835, 57.9483259 ], [ 102.7287835, 57.9483259 ], [ 102.7291831, 57.9472504 ], [ 102.729237, 57.9469602 ], [ 102.729253, 57.9467419 ], [ 102.729221, 57.9464315 ], [ 102.7291283, 57.9461012 ], [ 102.7289313, 57.9456564 ], [ 102.7281171, 57.9441031 ], [ 102.7274724, 57.9429282 ], [ 102.7265864, 57.9412951 ], [ 102.7252327462202, 57.938800057491726 ] ] ] } },
{ "type": "Feature", "properties": { "area": 357341 }, "geometry": { "type": "Polygon", "coordinates": [ [ [ 102.755963008276495, 57.938349390514489 ], [ 102.76514016806118, 57.93691522413198 ], [ 102.76216943856106, 57.931432784574547 ], [ 102.753019276366416, 57.932970412593868 ], [ 102.755963008276495, 57.938349390514489 ] ] ] } },
{ "type": "Feature", "properties": { "area": 166789 }, "geometry": { "type": "Polygon", "coordinates": [ [ [ 102.749373198830199, 57.947349217966092 ], [ 102.746471687787462, 57.942178055964071 ], [ 102.7446966, 57.9424405 ], [ 102.7432193, 57.9426648 ], [ 102.7431222, 57.9426796 ], [ 102.7419745, 57.9428602 ], [ 102.7427764, 57.9442656 ], [ 102.7432243, 57.9450909 ], [ 102.743677, 57.9459251 ], [ 102.7446533, 57.9477562 ], [ 102.7447548, 57.9479465 ], [ 102.7453503, 57.9479163 ], [ 102.7459783, 57.9478635 ], [ 102.7460805, 57.9478507 ], [ 102.7463169, 57.9478172 ], [ 102.7488176, 57.9474251 ], [ 102.749373198830199, 57.947349217966092 ] ] ] } },
{ "type": "Feature", "properties": { "area": 43619 }, "geometry": { "type": "Polygon", "coordinates": [ [ [ 102.748516917075762, 57.951819613027794 ], [ 102.746275710886181, 57.947823036866808 ], [ 102.7460805, 57.9478507 ], [ 102.7459783, 57.9478635 ], [ 102.7453503, 57.9479163 ], [ 102.7447548, 57.9479465 ], [ 102.7448628, 57.9481596 ], [ 102.7450371, 57.9485038 ], [ 102.7454515, 57.9492535 ], [ 102.74579, 57.9498717 ], [ 102.7463168, 57.9508531 ], [ 102.7468196, 57.9517716 ], [ 102.7469735, 57.9520461 ], [ 102.7481439, 57.951876 ], [ 102.7482424, 57.9518611 ], [ 102.748516917075762, 57.951819613027794 ] ] ] } },
{ "type": "Feature", "properties": { "area": 27024 }, "geometry": { "type": "Polygon", "coordinates": [ [ [ 102.7614911, 57.9479915 ], [ 102.761492, 57.9484532 ], [ 102.7614798, 57.9521914 ], [ 102.7616159, 57.9521959 ], [ 102.7623621, 57.9521448 ], [ 102.7634208, 57.9521333 ], [ 102.7634609, 57.9517771 ], [ 102.7630255, 57.9511975 ], [ 102.7628077, 57.9510191 ], [ 102.7621197, 57.9504556 ], [ 102.7621021, 57.9479998 ], [ 102.7614911, 57.9479915 ] ] ] } },
{ "type": "Feature", "properties": { "area": 48015 }, "geometry": { "type": "Polygon", "coordinates": [ [ [ 102.742249845452093, 57.957786747303871 ], [ 102.743036525947261, 57.959336941519084 ], [ 102.747316067992429, 57.958692930915767 ], [ 102.746628526680723, 57.957120678847829 ], [ 102.7458268, 57.9572257 ], [ 102.7443681, 57.957455 ], [ 102.7440809, 57.9574993 ], [ 102.743191, 57.9576365 ], [ 102.7428215, 57.957693 ], [ 102.742249845452093, 57.957786747303871 ] ] ] } },
{ "type": "Feature", "properties": { "area": 187589 }, "geometry": { "type": "Polygon", "coordinates": [ [ [ 102.6532696, 57.9891702 ], [ 102.651659307175478, 57.987975796653913 ], [ 102.647303246308127, 57.987994880415584 ], [ 102.645512199999985, 57.988712199999981 ], [ 102.645512199999985, 57.988712199999988 ], [ 102.6455122, 57.9887122 ], [ 102.6461767, 57.9892566 ], [ 102.6461952, 57.9892721 ], [ 102.6465134, 57.9895191 ], [ 102.6472806, 57.9901607 ], [ 102.6477187, 57.9904999 ], [ 102.6477776, 57.9905324 ], [ 102.6481147, 57.9908024 ], [ 102.6484449, 57.9910777 ], [ 102.6496107, 57.9920494 ], [ 102.6500395, 57.992398 ], [ 102.6512245, 57.9933712 ], [ 102.6518129, 57.9938397 ], [ 102.6523247, 57.9939114 ], [ 102.6537226, 57.9937695 ], [ 102.6540052, 57.993714 ], [ 102.6538857, 57.9934451 ], [ 102.6537856, 57.9932423 ], [ 102.6536235, 57.9928761 ], [ 102.6534869, 57.9924456 ], [ 102.6534662, 57.9922555 ], [ 102.6533796, 57.9914056 ], [ 102.6532962, 57.9907016 ], [ 102.6532622, 57.9903996 ], [ 102.6532276, 57.9900927 ], [ 102.6532043, 57.989633 ], [ 102.6532696, 57.9891702 ] ] ] } },
{ "type": "Feature", "properties": { "area": 706083 }, "geometry": { "type": "Polygon", "coordinates": [ [ [ 102.7141673, 57.9315828 ], [ 102.7144703, 57.9315198 ], [ 102.7153493, 57.9313615 ], [ 102.7155365, 57.9313078 ], [ 102.7158478, 57.9312185 ], [ 102.7159621, 57.931182 ], [ 102.7164878, 57.9310144 ], [ 102.7165609, 57.9309778 ], [ 102.7170619, 57.930727 ], [ 102.7173964, 57.9305293 ], [ 102.7175535, 57.9304364 ], [ 102.7176647, 57.9303696 ], [ 102.7178484, 57.9302594 ], [ 102.7180645, 57.9301296 ], [ 102.718279, 57.9300354 ], [ 102.7184258, 57.9299855 ], [ 102.7186614, 57.9299118 ], [ 102.7189331, 57.9298339 ], [ 102.719171, 57.9297658 ], [ 102.7197916, 57.9296445 ], [ 102.7204396, 57.9295404 ], [ 102.7207664, 57.9294924 ], [ 102.722921, 57.9291763 ], [ 102.724218, 57.928988 ], [ 102.7243922, 57.9289617 ], [ 102.7277112, 57.9284542 ], [ 102.7293615, 57.9282041 ], [ 102.7303088, 57.9280566 ], [ 102.7311857, 57.9279156 ], [ 102.7333393, 57.9275777 ], [ 102.733465, 57.9275767 ], [ 102.7336424, 57.9272152 ], [ 102.733916, 57.9269901 ], [ 102.7349353, 57.9264432 ], [ 102.7347743, 57.9263122 ], [ 102.7361905, 57.925412 ], [ 102.7357614, 57.9252639 ], [ 102.7359009, 57.9245119 ], [ 102.7350426, 57.9239478 ], [ 102.7347314, 57.9239307 ], [ 102.7337766, 57.9245233 ], [ 102.7329826, 57.9244093 ], [ 102.7317274, 57.9241415 ], [ 102.730633, 57.9239421 ], [ 102.7291631, 57.9236117 ], [ 102.7291631, 57.9230989 ], [ 102.7285717, 57.9221266 ], [ 102.7270945, 57.9226304 ], [ 102.7247674, 57.92343 ], [ 102.723833, 57.9237145 ], [ 102.7227499, 57.9239831 ], [ 102.7204778, 57.9244237 ], [ 102.7202562, 57.9244667 ], [ 102.7196194, 57.9246057 ], [ 102.7191373, 57.9247448 ], [ 102.718685, 57.9249123 ], [ 102.7180228, 57.9252291 ], [ 102.7168595, 57.9259271 ], [ 102.7156562, 57.92671 ], [ 102.7154765, 57.9267749 ], [ 102.7148155, 57.9270136 ], [ 102.7138948, 57.9272263 ], [ 102.7132971, 57.9274712 ], [ 102.712758, 57.9285314 ], [ 102.7126605, 57.9287073 ], [ 102.7123134, 57.9293334 ], [ 102.7120246, 57.9298761 ], [ 102.711981, 57.9302812 ], [ 102.7121929, 57.9306395 ], [ 102.7125208, 57.9309578 ], [ 102.7131179, 57.9312514 ], [ 102.7141673, 57.9315828 ] ] ] } },
{ "type": "Feature", "properties": { "area": 361338 }, "geometry": { "type": "Polygon", "coordinates": [ [ [ 102.677141, 58.0106166 ], [ 102.678776686087474, 58.00838960740424 ], [ 102.682052731863763, 58.005375964001061 ], [ 102.6835489, 58.0058038 ], [ 102.6835489, 58.0058038 ], [ 102.6837708, 58.0058124 ], [ 102.6837963, 58.0057571 ], [ 102.6838815, 58.0055067 ], [ 102.6839816, 58.0052541 ], [ 102.6840859, 58.0050059 ], [ 102.684171, 58.0048051 ], [ 102.6842881, 58.0045276 ], [ 102.6843797, 58.0042908 ], [ 102.6844286, 58.0041498 ], [ 102.6845159, 58.003984 ], [ 102.6846351, 58.0038328 ], [ 102.6847671, 58.0036816 ], [ 102.6850609, 58.0033793 ], [ 102.685278, 58.003209 ], [ 102.6854782, 58.0030691 ], [ 102.6857379, 58.0029349 ], [ 102.6859955, 58.0028052 ], [ 102.6863254, 58.0026788 ], [ 102.6866874, 58.0025604 ], [ 102.6869066, 58.0024859 ], [ 102.6872983, 58.00239 ], [ 102.6875964, 58.0023483 ], [ 102.6880308, 58.0023166 ], [ 102.6883467, 58.0022742 ], [ 102.688670953166778, 58.002242111615168 ], [ 102.688635368026922, 58.002169714261647 ], [ 102.6883358, 58.0021998 ], [ 102.6874373, 58.0022745 ], [ 102.6864246, 58.0023402 ], [ 102.6850536, 58.0024354 ], [ 102.6838981, 58.0025157 ], [ 102.6823698, 58.0026543 ], [ 102.6817154, 58.0027136 ], [ 102.6813271, 58.0027488 ], [ 102.6807818, 58.0028116 ], [ 102.6798067, 58.002924 ], [ 102.6783684, 58.0029888 ], [ 102.6764577, 58.0028783 ], [ 102.6757011, 58.0027989 ], [ 102.6753503, 58.0027543 ], [ 102.6751108, 58.0030261 ], [ 102.6746874, 58.0035353 ], [ 102.6739902, 58.004243 ], [ 102.6728177, 58.0053436 ], [ 102.6727155, 58.0054443 ], [ 102.6724256, 58.0057134 ], [ 102.6721511, 58.0059452 ], [ 102.6728914, 58.0063007 ], [ 102.6732453, 58.0065174 ], [ 102.6737646, 58.0068353 ], [ 102.6738763, 58.0069481 ], [ 102.6742246, 58.0072998 ], [ 102.6746889, 58.0078969 ], [ 102.674903, 58.0083777 ], [ 102.6750374, 58.0087082 ], [ 102.6752625, 58.0094342 ], [ 102.6752918, 58.0095288 ], [ 102.675634, 58.0101716 ], [ 102.6758053, 58.0104169 ], [ 102.6759343, 58.0106071 ], [ 102.677141, 58.0106166 ] ] ] } },
{ "type": "Feature", "properties": { "area": 76280 }, "geometry": { "type": "Polygon", "coordinates": [ [ [ 102.6826706, 58.0103235 ], [ 102.683020773075896, 58.010323708018397 ], [ 102.6832008, 58.0099323 ], [ 102.6833805, 58.0096282 ], [ 102.6834905, 58.0094435 ], [ 102.6837587, 58.0089817 ], [ 102.6839974, 58.0086577 ], [ 102.6840967, 58.0085369 ], [ 102.6842979, 58.0082569 ], [ 102.6846305, 58.0078605 ], [ 102.6850864, 58.0073191 ], [ 102.6854002, 58.0068927 ], [ 102.6855746, 58.0066028 ], [ 102.6856416, 58.006411 ], [ 102.6856685, 58.0062305 ], [ 102.685639, 58.0060827 ], [ 102.6854861, 58.0057928 ], [ 102.6853788, 58.0055612 ], [ 102.6853386, 58.005419 ], [ 102.6853332, 58.005159 ], [ 102.6853627, 58.0049486 ], [ 102.6854217, 58.0047667 ], [ 102.6856416, 58.0043603 ], [ 102.6857275, 58.0042537 ], [ 102.6858401, 58.0041599 ], [ 102.686229, 58.0039496 ], [ 102.6863524, 58.00386 ], [ 102.6866046, 58.0035999 ], [ 102.6867789, 58.0034436 ], [ 102.6869908, 58.0033001 ], [ 102.6871571, 58.0032247 ], [ 102.6877364, 58.0030684 ], [ 102.688238, 58.0029192 ], [ 102.6885384, 58.0028154 ], [ 102.6890387, 58.0025973 ], [ 102.6890668, 58.0025639 ], [ 102.6890688, 58.0025401 ], [ 102.6890373, 58.0025084 ], [ 102.6888281, 58.0024328 ], [ 102.6887503, 58.0023763 ], [ 102.6887114, 58.0023244 ], [ 102.688670953166778, 58.002242111615168 ], [ 102.6883467, 58.0022742 ], [ 102.6880308, 58.0023166 ], [ 102.6875964, 58.0023483 ], [ 102.6872983, 58.00239 ], [ 102.6869066, 58.0024859 ], [ 102.6866874, 58.0025604 ], [ 102.6863254, 58.0026788 ], [ 102.6859955, 58.0028052 ], [ 102.6857379, 58.0029349 ], [ 102.6854782, 58.0030691 ], [ 102.685278, 58.003209 ], [ 102.6850609, 58.0033793 ], [ 102.6847671, 58.0036816 ], [ 102.6846351, 58.0038328 ], [ 102.6845159, 58.003984 ], [ 102.6844286, 58.0041498 ], [ 102.6843797, 58.0042908 ], [ 102.6842881, 58.0045276 ], [ 102.684171, 58.0048051 ], [ 102.6840859, 58.0050059 ], [ 102.6839816, 58.0052541 ], [ 102.6838815, 58.0055067 ], [ 102.6837963, 58.0057571 ], [ 102.6837708, 58.0058124 ], [ 102.6835388, 58.0065952 ], [ 102.6833642, 58.0072392 ], [ 102.683245, 58.007793 ], [ 102.6831983, 58.0080689 ], [ 102.6831844, 58.0081512 ], [ 102.6828043, 58.0097081 ], [ 102.6826706, 58.0103235 ] ] ] } },
{ "type": "Feature", "properties": { "area": 348275 }, "geometry": { "type": "Polygon", "coordinates": [ [ [ 102.6697605, 57.9964311 ], [ 102.667688531152336, 57.998928203917792 ], [ 102.66639251304305, 58.001522708549118 ], [ 102.666572515558229, 58.002171305329355 ], [ 102.670496570389147, 58.001808855635993 ], [ 102.671000577431641, 58.001961466480438 ], [ 102.6739902, 58.004243 ], [ 102.6739902, 58.004243 ], [ 102.6746874, 58.0035353 ], [ 102.6751108, 58.0030261 ], [ 102.6753503, 58.0027543 ], [ 102.6755664, 58.0024844 ], [ 102.6757952, 58.0021632 ], [ 102.6760544, 58.0018017 ], [ 102.6767069, 58.0010333 ], [ 102.6768007, 58.0009229 ], [ 102.6773676, 58.000521 ], [ 102.6781644, 58.0000032 ], [ 102.6784937, 57.9997602 ], [ 102.6789042, 57.9994574 ], [ 102.6789978, 57.9993219 ], [ 102.6789984, 57.9991644 ], [ 102.6788278, 57.998951 ], [ 102.6781782, 57.9981379 ], [ 102.6778092, 57.9980551 ], [ 102.6761771, 57.9980551 ], [ 102.6752515, 57.9978988 ], [ 102.6742896, 57.9977167 ], [ 102.6733651, 57.9974543 ], [ 102.6697605, 57.9964311 ] ] ] } },
{ "type": "Feature", "properties": { "area": 35387 }, "geometry": { "type": "Polygon", "coordinates": [ [ [ 102.6639126, 58.0036646 ], [ 102.6637557, 58.0035204 ], [ 102.6623119, 58.0023243 ], [ 102.6616142, 58.0017549 ], [ 102.6610907, 58.0019122 ], [ 102.6605116, 58.0020485 ], [ 102.6604328, 58.0020671 ], [ 102.6598662, 58.0022006 ], [ 102.6603099, 58.0027628 ], [ 102.6607386, 58.0034373 ], [ 102.6612165, 58.0041028 ], [ 102.661389, 58.0043427 ], [ 102.662122, 58.0041561 ], [ 102.6630131, 58.0038896 ], [ 102.6639126, 58.0036646 ] ] ] } },
{ "type": "Feature", "properties": { "area": 62581 }, "geometry": { "type": "Polygon", "coordinates": [ [ [ 102.671405, 58.005761 ], [ 102.6712269, 58.005717 ], [ 102.6695971, 58.0054366 ], [ 102.6681468, 58.0052593 ], [ 102.66693, 58.0050201 ], [ 102.6663535, 58.0048443 ], [ 102.6660381, 58.0047482 ], [ 102.6651041, 58.0043913 ], [ 102.6639126, 58.0036646 ], [ 102.6630131, 58.0038896 ], [ 102.662122, 58.0041561 ], [ 102.661389, 58.0043427 ], [ 102.6614322, 58.0044244 ], [ 102.6617483, 58.0048263 ], [ 102.6622273, 58.0047647 ], [ 102.6624116, 58.0047298 ], [ 102.6630532, 58.0046082 ], [ 102.6634225, 58.0047291 ], [ 102.6637293, 58.0049242 ], [ 102.6638589, 58.0050066 ], [ 102.6641835, 58.0052023 ], [ 102.6643961, 58.0053304 ], [ 102.6647352, 58.0054975 ], [ 102.665142, 58.005698 ], [ 102.665637, 58.0057953 ], [ 102.6658497, 58.0058371 ], [ 102.6662224, 58.0059103 ], [ 102.6664723, 58.0059518 ], [ 102.6671795, 58.0060693 ], [ 102.66783, 58.0061773 ], [ 102.6682569, 58.0062482 ], [ 102.6683301, 58.0062601 ], [ 102.6684748, 58.0062836 ], [ 102.6691439, 58.0063925 ], [ 102.6697544, 58.0064918 ], [ 102.6702914, 58.0065791 ], [ 102.6703739, 58.0065993 ], [ 102.6706002, 58.0063878 ], [ 102.6710853, 58.006007 ], [ 102.671405, 58.005761 ] ] ] } },
{ "type": "Feature", "properties": { "area": 44096 }, "geometry": { "type": "Polygon", "coordinates": [ [ [ 102.6721511, 58.0059452 ], [ 102.671405, 58.005761 ], [ 102.6710853, 58.006007 ], [ 102.6706002, 58.0063878 ], [ 102.6703739, 58.0065993 ], [ 102.6709159, 58.0067321 ], [ 102.671359, 58.0070558 ], [ 102.6713664, 58.0070629 ], [ 102.6715288, 58.0072189 ], [ 102.671827, 58.0075054 ], [ 102.6721528, 58.0078184 ], [ 102.6724507, 58.008091 ], [ 102.6727002, 58.0083194 ], [ 102.6727549, 58.0083695 ], [ 102.6731584, 58.0087166 ], [ 102.6735715, 58.0088222 ], [ 102.6745496, 58.0087392 ], [ 102.6750374, 58.0087082 ], [ 102.674903, 58.0083777 ], [ 102.6746889, 58.0078969 ], [ 102.6742246, 58.0072998 ], [ 102.6738763, 58.0069481 ], [ 102.6737646, 58.0068353 ], [ 102.6732453, 58.0065174 ], [ 102.6728914, 58.0063007 ], [ 102.6721511, 58.0059452 ] ] ] } },
{ "type": "Feature", "properties": { "area": 64049 }, "geometry": { "type": "Polygon", "coordinates": [ [ [ 102.6648241, 57.9900739 ], [ 102.6648073, 57.9898974 ], [ 102.6648557, 57.9897291 ], [ 102.6649274, 57.9894794 ], [ 102.6650225, 57.9890937 ], [ 102.6650682, 57.9888783 ], [ 102.6645914, 57.9888056 ], [ 102.6640335, 57.9886876 ], [ 102.6638626, 57.9885802 ], [ 102.663567, 57.9883812 ], [ 102.6630217, 57.9879668 ], [ 102.6625313, 57.9875789 ], [ 102.6625153, 57.9875671 ], [ 102.6619888, 57.9871912 ], [ 102.6617931, 57.9870462 ], [ 102.6612833, 57.9870542 ], [ 102.6610364, 57.987109 ], [ 102.660914, 57.9872919 ], [ 102.6608583, 57.9877863 ], [ 102.660755, 57.9882021 ], [ 102.660614, 57.988461 ], [ 102.6602346, 57.9886037 ], [ 102.6595485, 57.9887811 ], [ 102.6585098, 57.988989 ], [ 102.6581438, 57.9890891 ], [ 102.6579841, 57.989193 ], [ 102.6579101, 57.9892642 ], [ 102.6579317, 57.9893525 ], [ 102.6586099, 57.9894037 ], [ 102.6597406, 57.9895073 ], [ 102.6600103, 57.989529 ], [ 102.660895, 57.9896036 ], [ 102.6612325, 57.9896275 ], [ 102.6624819, 57.9897277 ], [ 102.6639761, 57.9898766 ], [ 102.6643, 57.9899102 ], [ 102.664556, 57.989979 ], [ 102.6648241, 57.9900739 ] ] ] } },
{ "type": "Feature", "properties": { "area": 107212 }, "geometry": { "type": "Polygon", "coordinates": [ [ [ 102.735115185933168, 57.945177703078421 ], [ 102.7291283, 57.9461012 ], [ 102.729221, 57.9464315 ], [ 102.729253, 57.9467419 ], [ 102.729237, 57.9469602 ], [ 102.7291831, 57.9472504 ], [ 102.7287835, 57.9483259 ], [ 102.7286526, 57.9487375 ], [ 102.7286337, 57.948797 ], [ 102.7289763, 57.948817 ], [ 102.7291021, 57.9488244 ], [ 102.7297319, 57.9487707 ], [ 102.7302232, 57.948683 ], [ 102.7307253, 57.9485546 ], [ 102.7313983, 57.9483456 ], [ 102.7316035, 57.9482819 ], [ 102.7322023, 57.9480959 ], [ 102.7328422, 57.9478972 ], [ 102.7330885, 57.9478207 ], [ 102.7340991, 57.9475288 ], [ 102.7341472, 57.947514 ], [ 102.7346804, 57.947409 ], [ 102.7352586, 57.947316 ], [ 102.7358561, 57.9472196 ], [ 102.7362072, 57.9471629 ], [ 102.7360909, 57.9469519 ], [ 102.7355755, 57.9460166 ], [ 102.735115185933168, 57.945177703078421 ] ] ] } },
{ "type": "Feature", "properties": { "area": 134482 }, "geometry": { "type": "Polygon", "coordinates": [ [ [ 102.6633338, 57.9847445 ], [ 102.6631272, 57.9849466 ], [ 102.6629677, 57.9850782 ], [ 102.662755, 57.9852409 ], [ 102.6625168, 57.9854213 ], [ 102.6618786, 57.9859054 ], [ 102.6612103, 57.9864137 ], [ 102.6610839, 57.9865906 ], [ 102.6617931, 57.9870462 ], [ 102.6619888, 57.9871912 ], [ 102.6625153, 57.9875671 ], [ 102.6625313, 57.9875789 ], [ 102.6630217, 57.9879668 ], [ 102.663567, 57.9883812 ], [ 102.6638626, 57.9885802 ], [ 102.6640335, 57.9886876 ], [ 102.6645914, 57.9888056 ], [ 102.6650682, 57.9888783 ], [ 102.6654582, 57.9888543 ], [ 102.6659883, 57.9887795 ], [ 102.6662788, 57.9887267 ], [ 102.6665705, 57.9886522 ], [ 102.6668699, 57.9884963 ], [ 102.6671578, 57.9883386 ], [ 102.6677066, 57.988027 ], [ 102.667806, 57.9879695 ], [ 102.6682806, 57.9876835 ], [ 102.6684873, 57.9875422 ], [ 102.6686898, 57.9874227 ], [ 102.6697389, 57.9866772 ], [ 102.6694205, 57.9865189 ], [ 102.6688387, 57.9863019 ], [ 102.6686329, 57.9862473 ], [ 102.6679147, 57.9859939 ], [ 102.6674035, 57.9858145 ], [ 102.6669268, 57.9856872 ], [ 102.6663033, 57.9855207 ], [ 102.6655402, 57.9853641 ], [ 102.6648062, 57.9851962 ], [ 102.6637474, 57.9848936 ], [ 102.6633338, 57.9847445 ] ] ] } },
{ "type": "Feature", "properties": { "area": 180239 }, "geometry": { "type": "Polygon", "coordinates": [ [ [ 102.7252327462202, 57.938800057491726 ], [ 102.731134360443406, 57.93786495559123 ], [ 102.7300507, 57.9358793 ], [ 102.7294025, 57.9346753 ], [ 102.7292456, 57.9343745 ], [ 102.728977, 57.9338595 ], [ 102.7289391, 57.9337868 ], [ 102.7288398, 57.9335965 ], [ 102.7284733, 57.9336509 ], [ 102.7279508, 57.9337294 ], [ 102.7263361, 57.9339721 ], [ 102.7259725, 57.9340377 ], [ 102.7254618, 57.9341565 ], [ 102.7249654, 57.9342883 ], [ 102.7245291, 57.9344372 ], [ 102.724272, 57.9345393 ], [ 102.7229256, 57.9352602 ], [ 102.7225145, 57.9354808 ], [ 102.7228513, 57.9356413 ], [ 102.7231543, 57.9358418 ], [ 102.7235712, 57.9361794 ], [ 102.7237905, 57.936389 ], [ 102.7238951, 57.9364925 ], [ 102.7242923, 57.9370565 ], [ 102.7243403, 57.9371457 ], [ 102.7249092, 57.9382037 ], [ 102.7252327462202, 57.938800057491726 ] ] ] } },
{ "type": "Feature", "properties": { "area": 49795 }, "geometry": { "type": "Polygon", "coordinates": [ [ [ 102.7274724, 57.9429282 ], [ 102.7281171, 57.9441031 ], [ 102.7294754, 57.9438922 ], [ 102.7325773, 57.9434105 ], [ 102.73327, 57.9433029 ], [ 102.7337687, 57.9432255 ], [ 102.7340223, 57.9431861 ], [ 102.7333982, 57.9420061 ], [ 102.7330975, 57.9420529 ], [ 102.7330141, 57.9420659 ], [ 102.7324682, 57.9421508 ], [ 102.7290274, 57.9426862 ], [ 102.7274724, 57.9429282 ] ] ] } },
{ "type": "Feature", "properties": { "area": 835122 }, "geometry": { "type": "Polygon", "coordinates": [ [ [ 102.8422859, 58.0535004 ], [ 102.8427118, 58.0534284 ], [ 102.8435728, 58.0532894 ], [ 102.8451796, 58.0529925 ], [ 102.8457487, 58.0528585 ], [ 102.8465256, 58.0525749 ], [ 102.8469944, 58.0523626 ], [ 102.847459, 58.0521375 ], [ 102.8479248, 58.0519179 ], [ 102.8486647, 58.0515678 ], [ 102.8494256, 58.0511867 ], [ 102.8505023, 58.0506762 ], [ 102.8515173, 58.0501934 ], [ 102.8520343, 58.0499554 ], [ 102.8524261, 58.049775 ], [ 102.8534728, 58.0492755 ], [ 102.8553235, 58.0484267 ], [ 102.856316, 58.0479384 ], [ 102.8565275, 58.0478299 ], [ 102.8566525, 58.0477244 ], [ 102.85671, 58.047644 ], [ 102.8567791, 58.047385 ], [ 102.856948, 58.046953 ], [ 102.857328, 58.0462677 ], [ 102.8576224, 58.0460844 ], [ 102.8578657, 58.0459914 ], [ 102.8581665, 58.0458913 ], [ 102.8584335, 58.0458412 ], [ 102.8587511, 58.045784 ], [ 102.8599852, 58.0456587 ], [ 102.8612995, 58.0455565 ], [ 102.8620105, 58.0455146 ], [ 102.8632736, 58.0454401 ], [ 102.865414, 58.045301 ], [ 102.8652594, 58.0449956 ], [ 102.8649671, 58.0448622 ], [ 102.8645034, 58.0449049 ], [ 102.8643422, 58.0448089 ], [ 102.86406, 58.0444941 ], [ 102.8633242, 58.0441474 ], [ 102.8624977, 58.0435339 ], [ 102.8610866, 58.0423069 ], [ 102.8607035, 58.0421788 ], [ 102.8604314, 58.0421948 ], [ 102.8530836, 58.0431284 ], [ 102.8498985, 58.0434058 ], [ 102.8482455, 58.0433845 ], [ 102.8460684, 58.0433045 ], [ 102.8459776, 58.0433525 ], [ 102.8462699, 58.0454597 ], [ 102.8460684, 58.0454703 ], [ 102.8450705, 58.045497 ], [ 102.8448588, 58.045609 ], [ 102.844244, 58.0459984 ], [ 102.8446673, 58.0481961 ], [ 102.8445665, 58.0483722 ], [ 102.842853, 58.0484362 ], [ 102.8423088, 58.0481748 ], [ 102.8412404, 58.0481001 ], [ 102.8406759, 58.0481161 ], [ 102.8407302, 58.0487065 ], [ 102.8407439, 58.0488548 ], [ 102.8407472, 58.0507251 ], [ 102.8409985, 58.0516204 ], [ 102.841452, 58.0534124 ], [ 102.841555, 58.053624 ], [ 102.8418081, 58.0535812 ], [ 102.8422859, 58.0535004 ] ], [ [ 102.8425124, 58.0495314 ], [ 102.842407, 58.0494024 ], [ 102.8424903, 58.0492954 ], [ 102.8424249, 58.0491758 ], [ 102.8424308, 58.0491317 ], [ 102.8427044, 58.049094 ], [ 102.8431049, 58.0490387 ], [ 102.84338, 58.0491133 ], [ 102.8433729, 58.0491917 ], [ 102.8431472, 58.0492776 ], [ 102.8428792, 58.0493 ], [ 102.8428369, 58.0493447 ], [ 102.8428228, 58.0494791 ], [ 102.8425124, 58.0495314 ] ] ] } },
{ "type": "Feature", "properties": { "area": 1228427 }, "geometry": { "type": "Polygon", "coordinates": [ [ [ 102.8074461, 58.058086 ], [ 102.812430193500603, 58.062964796430208 ], [ 102.812827251949571, 58.062929800239488 ], [ 102.813743113447529, 58.062879626681699 ], [ 102.813823682558635, 58.062873123983991 ], [ 102.813902699924583, 58.062862548446915 ], [ 102.813979434314689, 58.062847997937048 ], [ 102.814053175627237, 58.062829607105492 ], [ 102.814123241461473, 58.062807546141791 ], [ 102.81418898343297, 58.062782019198615 ], [ 102.814249793174199, 58.062753262502589 ], [ 102.814305107964429, 58.062721542167893 ], [ 102.814354415937188, 58.062687151733464 ], [ 102.814397260816861, 58.062650409446555 ], [ 102.814422952787837, 58.062622740677462 ], [ 102.814434140101113, 58.062633131351937 ], [ 102.814823936081382, 58.062959533505627 ], [ 102.814871477429762, 58.062995349660156 ], [ 102.814925375868711, 58.063028541036552 ], [ 102.814985118732338, 58.063058791917719 ], [ 102.815050137758035, 58.063085814555826 ], [ 102.815119814491808, 58.063109351909667 ], [ 102.815193486171012, 58.063129180089696 ], [ 102.815270452028969, 58.063145110488023 ], [ 102.815349979961155, 58.063156991572626 ], [ 102.815431313489597, 58.063164710328891 ], [ 102.815513678959263, 58.063168193334782 ], [ 102.815596292898022, 58.063167407459197 ], [ 102.815678369469921, 58.06316236017733 ], [ 102.815759127951026, 58.063153099499445 ], [ 102.815837800156572, 58.063139713514197 ], [ 102.815913637748835, 58.063122329550687 ], [ 102.817385950529172, 58.062738625334788 ], [ 102.817450318733123, 58.062719973669253 ], [ 102.817511401014855, 58.062698440647146 ], [ 102.81756873936375, 58.062674187730629 ], [ 102.817595035681379, 58.062660936345324 ], [ 102.817609258410258, 58.06267084042981 ], [ 102.817666601043086, 58.06270346884142 ], [ 102.817729767251578, 58.062732922026854 ], [ 102.817798134095767, 58.062758909514677 ], [ 102.81787102734171, 58.062781175012098 ], [ 102.817947728111065, 58.062799498932684 ], [ 102.818027479971178, 58.062813700562145 ], [ 102.818109496395678, 58.062823639840879 ], [ 102.818826439944488, 58.062890866891635 ], [ 102.819114788321883, 58.062975114602708 ], [ 102.81918714419399, 58.062993934630626 ], [ 102.819262547200708, 58.06300902534803 ], [ 102.819340314858806, 58.063020250165891 ], [ 102.819419743279823, 58.06302750748597 ], [ 102.819500113541679, 58.063030731620664 ], [ 102.819580698196461, 58.063029893387437 ], [ 102.819660767855495, 58.063025000373159 ], [ 102.81973959779188, 58.063016096865297 ], [ 102.819816474500854, 58.063003263451179 ], [ 102.819890702158645, 58.06298661628837 ], [ 102.820767609909907, 58.062763313825812 ], [ 102.820836305582191, 58.062743707739401 ], [ 102.820901306553779, 58.062720835337672 ], [ 102.82096206150996, 58.062694890618531 ], [ 102.821959842993962, 58.062227035431675 ], [ 102.822723829186813, 58.062432577442372 ], [ 102.822792904169745, 58.062449144483153 ], [ 102.822864497277891, 58.062462372127435 ], [ 102.822938035095262, 58.062472154429422 ], [ 102.823944846900844, 58.062580955839515 ], [ 102.824027724581867, 58.062587667795064 ], [ 102.824111448194571, 58.062590005356491 ], [ 102.824195197780043, 58.062587945630334 ], [ 102.824278153124965, 58.062581508788639 ], [ 102.824359501795243, 58.062570757871256 ], [ 102.824438447093698, 58.062555798168511 ], [ 102.824514215863289, 58.062536776189887 ], [ 102.824586066059894, 58.062513878228955 ], [ 102.82465329402001, 58.062487328538829 ], [ 102.824715241352649, 58.062457387135602 ], [ 102.824771301387329, 58.062424347251721 ], [ 102.82482092511566, 58.062388532463913 ], [ 102.824863626567662, 58.062350293524048 ], [ 102.824898987570805, 58.062310004923795 ], [ 102.824926661844614, 58.062268061226732 ], [ 102.824989036187063, 58.06215601307418 ], [ 102.825055121321483, 58.062355899097341 ], [ 102.8250730802541, 58.062398128374241 ], [ 102.825098628655468, 58.062439244819672 ], [ 102.825131529081247, 58.062478866259781 ], [ 102.825171475747752, 58.062516624415515 ], [ 102.825218097373565, 58.062552168325809 ], [ 102.825270960629837, 58.062585167609754 ], [ 102.825329574167739, 58.062615315538061 ], [ 102.82539339318518, 58.062642331883964 ], [ 102.825461824490688, 58.062665965528353 ], [ 102.825534232017247, 58.062685996794116 ], [ 102.8256099427348, 58.062702239488196 ], [ 102.825688252906531, 58.062714542632534 ], [ 102.82576843463076, 58.062722791867493 ], [ 102.825849742607488, 58.062726910515039 ], [ 102.825931421066755, 58.062726860291534 ], [ 102.826012710794501, 58.06272264166364 ], [ 102.8260928561903, 58.062714293843925 ], [ 102.82617111229159, 58.062701894426461 ], [ 102.826246751698918, 58.062685558665407 ], [ 102.826319071337906, 58.062665438403656 ], [ 102.826387398994925, 58.062641720661212 ], [ 102.826451099565816, 58.062614625896771 ], [ 102.826509580959453, 58.062584405958283 ], [ 102.827107239796277, 58.062244272458685 ], [ 102.827152067965514, 58.062259779864476 ], [ 102.827228512721078, 58.0622807016764 ], [ 102.827308567073956, 58.062297406380225 ], [ 102.827391405387274, 58.062309721691605 ], [ 102.827476173308568, 58.06231752059616 ], [ 102.827561996582077, 58.062320722659329 ], [ 102.8281141035053, 58.06232642277643 ], [ 102.828198647807696, 58.06232505715618 ], [ 102.828282513789219, 58.062319230251013 ], [ 102.828364865446943, 58.062309000145184 ], [ 102.828444881874788, 58.062294468815502 ], [ 102.828521765447434, 58.062275781114465 ], [ 102.828594749772023, 58.062253123326485 ], [ 102.828663107328282, 58.062226721310466 ], [ 102.828726156721189, 58.062196838248397 ], [ 102.82878326947332, 58.062163772021542 ], [ 102.828833876289778, 58.062127852240835 ], [ 102.828877472732685, 58.062089436961109 ], [ 102.828913624249182, 58.062048909111525 ], [ 102.828941970502314, 58.062006672678478 ], [ 102.828962228962197, 58.061963148678224 ], [ 102.828974197721209, 58.061918770960048 ], [ 102.829010387750756, 58.061710961942438 ], [ 102.829260480284034, 58.061631907441232 ], [ 102.830322081546228, 58.061650464253795 ], [ 102.830407145150701, 58.061649685474563 ], [ 102.830491632438111, 58.061644388794697 ], [ 102.830574691339578, 58.061634627631911 ], [ 102.830655484193358, 58.061620500428951 ], [ 102.830733196193464, 58.061602149660757 ], [ 102.830807043608061, 58.061579760397308 ], [ 102.830876281684013, 58.061553558437105 ], [ 102.830940212158282, 58.061523808029591 ], [ 102.830998190300207, 58.06149080921017 ], [ 102.831049631413649, 58.061454894773767 ], [ 102.831094016733459, 58.061416426918605 ], [ 102.831130898656838, 58.06137579359293 ], [ 102.831159905256683, 58.061333404582541 ], [ 102.831180744031641, 58.061289687377759 ], [ 102.831193204854898, 58.061245082862129 ], [ 102.831197162092209, 58.061200040865906 ], [ 102.831192575867618, 58.061155015629716 ], [ 102.831179492464287, 58.061110461223429 ], [ 102.831158043856504, 58.061066826966943 ], [ 102.83091983562727, 58.060665928416554 ], [ 102.830891356467461, 58.060625040460181 ], [ 102.83085553199011, 58.060585808624872 ], [ 102.830812699772096, 58.060548602569362 ], [ 102.830763263416543, 58.060513772863587 ], [ 102.830456467271901, 58.060318158645529 ], [ 102.830400415927016, 58.060212291363271 ], [ 102.83130926556359, 58.060177651692477 ], [ 102.831384958444474, 58.060172944753013 ], [ 102.831459546867677, 58.060164651204055 ], [ 102.831532427134931, 58.060152838171248 ], [ 102.832474336963131, 58.059975236146407 ], [ 102.832549140411288, 58.059958960126316 ], [ 102.832620675232761, 58.059938978039376 ], [ 102.832688289651358, 58.059915471950156 ], [ 102.832751367614577, 58.059888656031362 ], [ 102.832809334407045, 58.059858774612337 ], [ 102.832861661886852, 58.059826099952723 ], [ 102.832907873297742, 58.059790929761498 ], [ 102.832947547612548, 58.059753584484469 ], [ 102.832980323369, 58.059714404384124 ], [ 102.833005901962494, 58.059673746439501 ], [ 102.833024050365978, 58.059631981093332 ], [ 102.833034603252415, 58.05958948887686 ], [ 102.83303746450008, 58.059546656942629 ], [ 102.833028934336497, 58.059180627664503 ], [ 102.833587282263224, 58.058512363385212 ], [ 102.834571102680997, 58.058075336857776 ], [ 102.834630265253381, 58.058046410945323 ], [ 102.83468398138308, 58.058014639284558 ], [ 102.834731766121735, 58.057980308718321 ], [ 102.834773188074806, 58.057943729191059 ], [ 102.834807873296015, 58.057905230950368 ], [ 102.834835508662877, 58.057865161565381 ], [ 102.834855844702972, 58.057823882788618 ], [ 102.834868697845437, 58.057781767289981 ], [ 102.83487395207743, 58.057739195292015 ], [ 102.834871559990532, 58.057696551137276 ], [ 102.834861543207793, 58.057654219818403 ], [ 102.834843992187544, 58.057612583502362 ], [ 102.834819065405824, 58.057572018080315 ], [ 102.834786987924659, 58.057532889774208 ], [ 102.834748049359476, 58.057495551830584 ], [ 102.834392125553435, 58.057189555885074 ], [ 102.834666845162531, 58.057156123191433 ], [ 102.834745015686593, 58.05714449372821 ], [ 102.834820726619157, 58.057128950613958 ], [ 102.834893282382538, 58.057109636648242 ], [ 102.835489112142582, 58.056931583734368 ], [ 102.836204293647185, 58.056879179187248 ], [ 102.836289197412171, 58.056870597893663 ], [ 102.836372009388185, 58.056857474917258 ], [ 102.836451867320577, 58.056839946897291 ], [ 102.836527939716092, 58.056818196339016 ], [ 102.836599434501125, 58.056792449713399 ], [ 102.836665607269623, 58.056762975098714 ], [ 102.836725769034132, 58.056730079389098 ], [ 102.836779293399758, 58.056694105098778 ], [ 102.837071680620056, 58.056475509713586 ], [ 102.837465305150886, 58.056475509069529 ], [ 102.837548437000748, 58.056473341150799 ], [ 102.837630766121492, 58.056466858855927 ], [ 102.837711497583427, 58.05645612477462 ], [ 102.837789851884637, 58.056441242549695 ], [ 102.837865072478337, 58.05642235587635 ], [ 102.83793643307834, 58.056399647114382 ], [ 102.838003244672166, 58.056373335527461 ], [ 102.838064862174164, 58.056343675165714 ], [ 102.838120690654236, 58.056310952412524 ], [ 102.838170191082185, 58.056275483219238 ], [ 102.838212885531902, 58.056237610054211 ], [ 102.838360670903228, 58.056090553888879 ], [ 102.839184799183315, 58.056052297159162 ], [ 102.839269409797353, 58.056046077276093 ], [ 102.83935240835946, 58.056035371722501 ], [ 102.839432950771453, 58.056020289374274 ], [ 102.839510217916938, 58.056000983619292 ], [ 102.839583423992522, 58.055977650797466 ], [ 102.83965182450001, 58.055950528203653 ], [ 102.839714723818304, 58.05591989167425 ], [ 102.840191123785004, 58.055663189425914 ], [ 102.84024905559771, 58.055628573017046 ], [ 102.840299958533649, 58.055590979735129 ], [ 102.840814984483046, 58.055165969066387 ], [ 102.8407716, 58.0550658 ], [ 102.8406884, 58.0545941 ], [ 102.8406111, 58.0542576 ], [ 102.8405695, 58.0541318 ], [ 102.8405101, 58.0540217 ], [ 102.8403304, 58.0538189 ], [ 102.8390318, 58.0539734 ], [ 102.837857, 58.0540983 ], [ 102.8355074, 58.0543367 ], [ 102.8338927, 58.054473 ], [ 102.8318274, 58.0545439 ], [ 102.8301698, 58.0545666 ], [ 102.828244, 58.0545808 ], [ 102.8272086, 58.0545695 ], [ 102.8257871, 58.0545297 ], [ 102.8251916, 58.0545524 ], [ 102.8242525, 58.054628 ], [ 102.8233377, 58.0545498 ], [ 102.8224158, 58.0544418 ], [ 102.8216578, 58.0543826 ], [ 102.8214619, 58.0543961 ], [ 102.821232, 58.0544502 ], [ 102.8207296, 58.0545696 ], [ 102.8198823, 58.0547949 ], [ 102.8191499, 58.0549639 ], [ 102.8181962, 58.0551846 ], [ 102.8178726, 58.0552409 ], [ 102.8174, 58.0553648 ], [ 102.8163569, 58.0556532 ], [ 102.8157182, 58.0558131 ], [ 102.8151775, 58.0559393 ], [ 102.8136367, 58.0564229 ], [ 102.8105682, 58.0573112 ], [ 102.8081596, 58.0579413 ], [ 102.8074461, 58.058086 ] ] ] } },
{ "type": "Feature", "properties": { "area": 299765 }, "geometry": { "type": "Polygon", "coordinates": [ [ [ 102.8407825, 58.0387633 ], [ 102.8411987, 58.0387553 ], [ 102.8424069, 58.0386906 ], [ 102.8425522, 58.0386529 ], [ 102.8435107, 58.038597 ], [ 102.8439452, 58.0385594 ], [ 102.8441455, 58.0385612 ], [ 102.8449995, 58.0385464 ], [ 102.8456227, 58.038525 ], [ 102.8467822, 58.0384838 ], [ 102.8470409, 58.0384723 ], [ 102.8489647, 58.0383865 ], [ 102.8494988, 58.0383498 ], [ 102.8497082, 58.0383232 ], [ 102.8498868, 58.0382598 ], [ 102.849982, 58.0381807 ], [ 102.8500165, 58.0380795 ], [ 102.8499215, 58.0375197 ], [ 102.8498341, 58.0370352 ], [ 102.8497446, 58.0365721 ], [ 102.8497983, 58.0363899 ], [ 102.8499366, 58.0362533 ], [ 102.8505073, 58.0359279 ], [ 102.8506027, 58.0357688 ], [ 102.8506456, 58.0356069 ], [ 102.850401, 58.0342814 ], [ 102.8502808, 58.0336303 ], [ 102.8483473, 58.0337664 ], [ 102.8448631, 58.0339363 ], [ 102.8439273, 58.0339563 ], [ 102.8422817, 58.0340373 ], [ 102.8416216, 58.0340511 ], [ 102.8399872, 58.0341503 ], [ 102.8402478, 58.035662 ], [ 102.8403153, 58.0360535 ], [ 102.8407825, 58.0387633 ] ] ] } },
{ "type": "Feature", "properties": { "area": 233369 }, "geometry": { "type": "Polygon", "coordinates": [ [ [ 102.7712591, 57.9584854 ], [ 102.77125909999998, 57.9584854 ], [ 102.770415570645653, 57.95935883087855 ], [ 102.769967603498813, 57.960071791283703 ], [ 102.771429391030637, 57.964624397118669 ], [ 102.771665163213171, 57.964724447897922 ], [ 102.771712317649701, 57.965262216052778 ], [ 102.773339145709258, 57.966050094364 ], [ 102.773904998947387, 57.966137635329751 ], [ 102.778007434923708, 57.967963441033021 ], [ 102.779312721157552, 57.967780180564006 ], [ 102.7789758, 57.9676257 ], [ 102.777731, 57.9670598 ], [ 102.7769529, 57.9665258 ], [ 102.7761977, 57.9658056 ], [ 102.7757403, 57.964881 ], [ 102.7753053, 57.9633658 ], [ 102.7749948, 57.9619084 ], [ 102.7750726, 57.9614272 ], [ 102.7751413, 57.9612107 ], [ 102.7749849, 57.9611864 ], [ 102.7748185, 57.9610724 ], [ 102.7757654, 57.959627 ], [ 102.77578, 57.959287 ], [ 102.7754741, 57.9592174 ], [ 102.7745999, 57.9593488 ], [ 102.7744497, 57.9593219 ], [ 102.773347, 57.9591247 ], [ 102.7712591, 57.9584854 ], [ 102.7712591, 57.9584854 ] ] ] } },
{ "type": "Feature", "properties": { "area": 19694 }, "geometry": { "type": "Polygon", "coordinates": [ [ [ 102.6591687, 58.0030735 ], [ 102.6586704, 58.0024662 ], [ 102.6584039, 58.0025217 ], [ 102.6558036, 58.0030595 ], [ 102.6554096, 58.0031454 ], [ 102.6547189, 58.0033264 ], [ 102.6546111, 58.0034635 ], [ 102.6549662, 58.0039725 ], [ 102.6566052, 58.0036169 ], [ 102.6591687, 58.0030735 ] ] ] } },
{ "type": "Feature", "properties": { "area": 27860 }, "geometry": { "type": "Polygon", "coordinates": [ [ [ 102.6610989, 58.0083259 ], [ 102.6611259, 58.008233 ], [ 102.6616544, 58.0078345 ], [ 102.6621524, 58.0075169 ], [ 102.6628001, 58.007428 ], [ 102.6629294, 58.0071653 ], [ 102.6630382, 58.0069301 ], [ 102.663145, 58.0067198 ], [ 102.6630599, 58.0065677 ], [ 102.6629778, 58.0064209 ], [ 102.662574, 58.0064769 ], [ 102.6622379, 58.0064834 ], [ 102.6618201, 58.0064322 ], [ 102.6618346, 58.0065284 ], [ 102.661683, 58.0066263 ], [ 102.660963, 58.0067109 ], [ 102.6600797, 58.0069098 ], [ 102.6595874, 58.0070107 ], [ 102.659052, 58.0071307 ], [ 102.6585991, 58.0072528 ], [ 102.6588496, 58.0074869 ], [ 102.6589572, 58.0075616 ], [ 102.6591509, 58.0076344 ], [ 102.659921, 58.0077762 ], [ 102.6605494, 58.0078717 ], [ 102.6610989, 58.0083259 ] ] ] } },
{ "type": "Feature", "properties": { "area": 66439 }, "geometry": { "type": "Polygon", "coordinates": [ [ [ 102.677726453796723, 58.01275424524394 ], [ 102.6782605, 58.0127192 ], [ 102.6794015, 58.0125877 ], [ 102.6802289, 58.012426 ], [ 102.6806742, 58.0123066 ], [ 102.6814306, 58.0119855 ], [ 102.6818597, 58.0117212 ], [ 102.6820689, 58.0115308 ], [ 102.6823103, 58.0111984 ], [ 102.6825625, 58.0107096 ], [ 102.6826706, 58.0103235 ], [ 102.6824209, 58.010308 ], [ 102.6815849, 58.010517 ], [ 102.6810087, 58.0106094 ], [ 102.6802024, 58.0106699 ], [ 102.678952, 58.0106623 ], [ 102.6782654, 58.010645 ], [ 102.677141, 58.0106166 ], [ 102.6759343, 58.0106071 ], [ 102.6763099, 58.0110868 ], [ 102.6770827, 58.0120565 ], [ 102.6776895, 58.0127187 ], [ 102.677726453796723, 58.01275424524394 ] ] ] } },
{ "type": "Feature", "properties": { "area": 81123 }, "geometry": { "type": "Polygon", "coordinates": [ [ [ 102.6584039, 58.0025217 ], [ 102.6578264, 58.0017161 ], [ 102.6574024, 58.0009459 ], [ 102.6570819, 58.0003669 ], [ 102.6570426, 58.0002647 ], [ 102.6570017, 58.0001584 ], [ 102.6568342, 58.000004 ], [ 102.6560256, 57.9997029 ], [ 102.6553555, 58.0000581 ], [ 102.6551247, 58.0001899 ], [ 102.6550262, 58.0002462 ], [ 102.6543743, 58.0005937 ], [ 102.655044, 58.0010393 ], [ 102.6551661, 58.0012856 ], [ 102.6551442, 58.0015442 ], [ 102.6549475, 58.0017912 ], [ 102.6545833, 58.002019 ], [ 102.6540952, 58.0021657 ], [ 102.6535343, 58.0022969 ], [ 102.6530317, 58.0024937 ], [ 102.6529734, 58.0027408 ], [ 102.6530754, 58.0030341 ], [ 102.6533418, 58.0034185 ], [ 102.6539805, 58.0042209 ], [ 102.6543319, 58.0046792 ], [ 102.6547794, 58.0052374 ], [ 102.655246, 58.0049755 ], [ 102.6555722, 58.0047354 ], [ 102.6554304, 58.0045372 ], [ 102.6549662, 58.0039725 ], [ 102.6546111, 58.0034635 ], [ 102.6547189, 58.0033264 ], [ 102.6554096, 58.0031454 ], [ 102.6558036, 58.0030595 ], [ 102.6584039, 58.0025217 ] ] ] } },
{ "type": "Feature", "properties": { "area": 26309 }, "geometry": { "type": "Polygon", "coordinates": [ [ [ 102.6622611, 58.0054595 ], [ 102.6621308, 58.0055575 ], [ 102.6618978, 58.0056138 ], [ 102.6613633, 58.0057431 ], [ 102.6582676, 58.0064062 ], [ 102.6579894, 58.0065645 ], [ 102.6580516, 58.0066879 ], [ 102.6580719, 58.0067283 ], [ 102.6583416, 58.0070072 ], [ 102.6583912, 58.0070585 ], [ 102.6585991, 58.0072528 ], [ 102.659052, 58.0071307 ], [ 102.6595874, 58.0070107 ], [ 102.6600797, 58.0069098 ], [ 102.660963, 58.0067109 ], [ 102.661683, 58.0066263 ], [ 102.6618346, 58.0065284 ], [ 102.6618201, 58.0064322 ], [ 102.6622379, 58.0064834 ], [ 102.662574, 58.0064769 ], [ 102.6629778, 58.0064209 ], [ 102.662915, 58.0063086 ], [ 102.6626276, 58.0059355 ], [ 102.6622611, 58.0054595 ] ] ] } },
{ "type": "Feature", "properties": { "area": 101002 }, "geometry": { "type": "Polygon", "coordinates": [ [ [ 102.6580516, 58.0066879 ], [ 102.6579894, 58.0065645 ], [ 102.6582676, 58.0064062 ], [ 102.6613633, 58.0057431 ], [ 102.6618978, 58.0056138 ], [ 102.6621308, 58.0055575 ], [ 102.6622611, 58.0054595 ], [ 102.6617483, 58.0048263 ], [ 102.6614322, 58.0044244 ], [ 102.661389, 58.0043427 ], [ 102.6612165, 58.0041028 ], [ 102.6607386, 58.0034373 ], [ 102.6596272, 58.0036805 ], [ 102.6583552, 58.0039851 ], [ 102.6573635, 58.0041946 ], [ 102.656435, 58.0043926 ], [ 102.6562568, 58.0044306 ], [ 102.6555722, 58.0047354 ], [ 102.655246, 58.0049755 ], [ 102.6547794, 58.0052374 ], [ 102.6547619, 58.0055978 ], [ 102.6547533, 58.0057246 ], [ 102.6547732, 58.0058502 ], [ 102.6549576, 58.0063838 ], [ 102.6549787, 58.0064927 ], [ 102.6553835, 58.0065495 ], [ 102.655629, 58.0066178 ], [ 102.6561346, 58.0066717 ], [ 102.6568114, 58.0066892 ], [ 102.6572983, 58.0066911 ], [ 102.6577977, 58.0066873 ], [ 102.6580516, 58.0066879 ] ] ] } },
{ "type": "Feature", "properties": { "area": 302380 }, "geometry": { "type": "Polygon", "coordinates": [ [ [ 102.6302657, 57.9739174 ], [ 102.6303121, 57.973512 ], [ 102.6303996, 57.9726488 ], [ 102.6305593, 57.9716763 ], [ 102.6306108, 57.9714059 ], [ 102.6309611, 57.9708977 ], [ 102.6318316, 57.970111 ], [ 102.6327072, 57.9693297 ], [ 102.6331296, 57.9688106 ], [ 102.6332017, 57.9683544 ], [ 102.6308623, 57.9687417 ], [ 102.6294878, 57.9688253 ], [ 102.6284252, 57.9688238 ], [ 102.6280458, 57.9688014 ], [ 102.6273923, 57.9685146 ], [ 102.6270206, 57.9684549 ], [ 102.6264725, 57.9684596 ], [ 102.6246915, 57.9688807 ], [ 102.6240806, 57.9688662 ], [ 102.6228747, 57.9686939 ], [ 102.6221004, 57.9686559 ], [ 102.619593, 57.9719069 ], [ 102.6218876, 57.9723478 ], [ 102.6235334, 57.9726507 ], [ 102.6253684, 57.9729948 ], [ 102.6262537, 57.9731525 ], [ 102.6291816, 57.9736736 ], [ 102.6302657, 57.9739174 ] ] ] } },
{ "type": "Feature", "properties": { "area": 100366 }, "geometry": { "type": "Polygon", "coordinates": [ [ [ 102.7356029, 57.9405338 ], [ 102.73728939999998, 57.9435207 ], [ 102.737289400000037, 57.9435207 ], [ 102.7415885, 57.9428505 ], [ 102.7419745, 57.9428602 ], [ 102.7404155, 57.94003 ], [ 102.740284, 57.9397913 ], [ 102.7397412, 57.9398774 ], [ 102.7383022, 57.9401056 ], [ 102.7365055, 57.9403906 ], [ 102.7356029, 57.9405338 ] ] ] } },
{ "type": "Feature", "properties": { "area": 17135 }, "geometry": { "type": "Polygon", "coordinates": [ [ [ 102.6580516, 58.0066879 ], [ 102.6577977, 58.0066873 ], [ 102.6572983, 58.0066911 ], [ 102.6568114, 58.0066892 ], [ 102.6561346, 58.0066717 ], [ 102.655629, 58.0066178 ], [ 102.6553835, 58.0065495 ], [ 102.6549787, 58.0064927 ], [ 102.6550812, 58.0070224 ], [ 102.6550786, 58.0071693 ], [ 102.6549486, 58.0072761 ], [ 102.6549846, 58.007351 ], [ 102.6551768, 58.0073846 ], [ 102.6563757, 58.00739 ], [ 102.657435, 58.0074251 ], [ 102.6582872, 58.0074919 ], [ 102.6584439, 58.0075042 ], [ 102.6589572, 58.0075616 ], [ 102.6588496, 58.0074869 ], [ 102.6585991, 58.0072528 ], [ 102.6583912, 58.0070585 ], [ 102.6583416, 58.0070072 ], [ 102.6580719, 58.0067283 ], [ 102.6580516, 58.0066879 ] ] ] } },
{ "type": "Feature", "properties": { "area": 61412 }, "geometry": { "type": "Polygon", "coordinates": [ [ [ 102.7272128, 57.9537094 ], [ 102.7275541, 57.9537432 ], [ 102.7277049, 57.9537588 ], [ 102.7278173, 57.9537705 ], [ 102.7288574, 57.9538671 ], [ 102.7308892, 57.9540393 ], [ 102.7319026, 57.9541273 ], [ 102.7338306, 57.9543043 ], [ 102.7339867, 57.9543161 ], [ 102.7351236, 57.9544021 ], [ 102.7369718, 57.9545231 ], [ 102.7368327, 57.9542507 ], [ 102.7366204, 57.953743 ], [ 102.7366017, 57.9536861 ], [ 102.7365238, 57.9534866 ], [ 102.7360345, 57.9534534 ], [ 102.7355069, 57.9534128 ], [ 102.7285456, 57.9528764 ], [ 102.7279735, 57.9528323 ], [ 102.7274747, 57.9527921 ], [ 102.7272128, 57.9537094 ] ] ] } },
{ "type": "Feature", "properties": { "area": 1106570 }, "geometry": { "type": "Polygon", "coordinates": [ [ [ 102.7816049, 57.9545992 ], [ 102.782081928994813, 57.954906204088431 ], [ 102.783071, 57.9534553 ], [ 102.7832367, 57.9533489 ], [ 102.7836351, 57.9532281 ], [ 102.7843507, 57.9531375 ], [ 102.784684, 57.9529822 ], [ 102.7848223, 57.9527492 ], [ 102.7853508, 57.9517439 ], [ 102.7854483, 57.951429 ], [ 102.7852939, 57.9512046 ], [ 102.7850418, 57.9510363 ], [ 102.7846434, 57.950881 ], [ 102.7842694, 57.9507386 ], [ 102.7840661, 57.9506264 ], [ 102.7839197, 57.950415 ], [ 102.7836351, 57.9494528 ], [ 102.7837165, 57.9493148 ], [ 102.7840092, 57.9491508 ], [ 102.7848548, 57.9488315 ], [ 102.7852267, 57.9487182 ], [ 102.7852889, 57.9485667 ], [ 102.7852554, 57.9483551 ], [ 102.7851853, 57.9481956 ], [ 102.7850535, 57.9481126 ], [ 102.7847853, 57.9478734 ], [ 102.7846244, 57.9474749 ], [ 102.7846244, 57.9470421 ], [ 102.7850428, 57.9445596 ], [ 102.7851286, 57.9436086 ], [ 102.7849999, 57.9427487 ], [ 102.7847853, 57.941849 ], [ 102.7847639, 57.9413877 ], [ 102.7846244, 57.9409834 ], [ 102.7842596, 57.9403741 ], [ 102.7836802, 57.9395483 ], [ 102.783176, 57.9389048 ], [ 102.7827039, 57.9383068 ], [ 102.781474, 57.9366516 ], [ 102.7808455, 57.9358076 ], [ 102.7802601, 57.9350192 ], [ 102.7798041, 57.9346332 ], [ 102.7791694, 57.9343257 ], [ 102.7757063, 57.9327979 ], [ 102.7752688, 57.9325689 ], [ 102.7748929, 57.9323105 ], [ 102.7744492, 57.9319015 ], [ 102.7739624, 57.9313486 ], [ 102.7733832, 57.9306517 ], [ 102.7716454, 57.9282404 ], [ 102.7715407, 57.927923 ], [ 102.7714976, 57.9274453 ], [ 102.7714791, 57.9270657 ], [ 102.7715592, 57.9267581 ], [ 102.7719535, 57.925482 ], [ 102.7719597, 57.9252464 ], [ 102.7718611, 57.9249028 ], [ 102.7717363, 57.9245996 ], [ 102.7715098, 57.9242294 ], [ 102.7712443, 57.9239399 ], [ 102.7709551, 57.9236675 ], [ 102.7706428, 57.9234346 ], [ 102.7703557, 57.9232197 ], [ 102.768126, 57.9217688 ], [ 102.76761, 57.921433 ], [ 102.7664942, 57.9199857 ], [ 102.76658, 57.9193817 ], [ 102.766777121959777, 57.919171560798176 ], [ 102.766729230519488, 57.919153708507785 ], [ 102.7666548708916, 57.919131572401369 ], [ 102.762666095176385, 57.91808086597198 ], [ 102.7614951, 57.9184294 ], [ 102.7617311, 57.9188397 ], [ 102.7622461, 57.9190904 ], [ 102.7623105, 57.9198084 ], [ 102.7627397, 57.9205263 ], [ 102.7639198, 57.9203782 ], [ 102.7650571, 57.9199109 ], [ 102.7658296, 57.9206061 ], [ 102.7655077, 57.921438 ], [ 102.7652287, 57.9217571 ], [ 102.7647352, 57.9220192 ], [ 102.7633619, 57.9221787 ], [ 102.7613234, 57.9213127 ], [ 102.7593708, 57.9206403 ], [ 102.7577829, 57.9206289 ], [ 102.756474, 57.920344 ], [ 102.755487, 57.9193069 ], [ 102.7541566, 57.918475 ], [ 102.7527404, 57.9179507 ], [ 102.7530837, 57.9166629 ], [ 102.7536201, 57.9163437 ], [ 102.7532983, 57.916036 ], [ 102.753409200367685, 57.915647125000334 ], [ 102.753068246193095, 57.91555969762797 ], [ 102.752991410761027, 57.915542430325679 ], [ 102.752911747274339, 57.91552928456106 ], [ 102.752830034188975, 57.915520388791293 ], [ 102.752508406163955, 57.915494108603191 ], [ 102.752184, 57.9169791 ], [ 102.7520263, 57.9178695 ], [ 102.7519941, 57.9181117 ], [ 102.7520183, 57.918398 ], [ 102.7520692, 57.9187257 ], [ 102.7521631, 57.9190134 ], [ 102.7522943, 57.9192947 ], [ 102.7524796, 57.9196374 ], [ 102.7527237, 57.9199593 ], [ 102.7529195, 57.92022 ], [ 102.7531958, 57.9205007 ], [ 102.7535096, 57.9207443 ], [ 102.7538431, 57.9209791 ], [ 102.7541748, 57.9212044 ], [ 102.7545932, 57.9214366 ], [ 102.7550009, 57.9216374 ], [ 102.7555105, 57.9218667 ], [ 102.7560228, 57.9220562 ], [ 102.7565753, 57.9222257 ], [ 102.7573639, 57.9224308 ], [ 102.7581826, 57.9226327 ], [ 102.7616018, 57.9234835 ], [ 102.7624869, 57.9237712 ], [ 102.7631828, 57.9240541 ], [ 102.7640104, 57.9245375 ], [ 102.7647078, 57.9250417 ], [ 102.7650511, 57.9254519 ], [ 102.765292, 57.9258401 ], [ 102.765786, 57.926993 ], [ 102.7664995, 57.9285853 ], [ 102.7668267, 57.9291065 ], [ 102.7673408, 57.9296232 ], [ 102.7678728, 57.9300607 ], [ 102.7686364, 57.9305685 ], [ 102.7785815, 57.9370628 ], [ 102.7805813, 57.9393629 ], [ 102.7804255, 57.9407572 ], [ 102.7798355, 57.9431034 ], [ 102.7801251, 57.9439461 ], [ 102.7821207, 57.9462295 ], [ 102.7824747, 57.9470551 ], [ 102.7828181, 57.9494066 ], [ 102.7831292, 57.9515358 ], [ 102.7828181, 57.9525663 ], [ 102.7816049, 57.9545992 ] ] ] } },
{ "type": "Feature", "properties": { "area": 140673 }, "geometry": { "type": "Polygon", "coordinates": [ [ [ 102.76152, 57.9554517 ], [ 102.7611007, 57.9554523 ], [ 102.7581391, 57.955477 ], [ 102.7576021, 57.9554924 ], [ 102.7568987, 57.9555622 ], [ 102.7563401, 57.9556347 ], [ 102.756093, 57.9556697 ], [ 102.7561789, 57.9565025 ], [ 102.7561766, 57.95722 ], [ 102.7562062, 57.957957 ], [ 102.7562434, 57.9588851 ], [ 102.7562479, 57.9589962 ], [ 102.7562556, 57.9591892 ], [ 102.756526, 57.9594504 ], [ 102.7575259, 57.9596906 ], [ 102.7577371, 57.9602387 ], [ 102.7577651, 57.9604427 ], [ 102.7583059, 57.9605239 ], [ 102.7586068, 57.9606188 ], [ 102.7598072, 57.9607557 ], [ 102.7601448, 57.9597648 ], [ 102.760589, 57.9583021 ], [ 102.7606568, 57.9580789 ], [ 102.7608675, 57.9573851 ], [ 102.760993, 57.9569718 ], [ 102.7610212, 57.9568923 ], [ 102.7610781, 57.9567318 ], [ 102.7612536, 57.9562369 ], [ 102.7614577, 57.9556613 ], [ 102.76152, 57.9554517 ] ] ] } },
{ "type": "Feature", "properties": { "area": 17732 }, "geometry": { "type": "Polygon", "coordinates": [ [ [ 102.7570691, 57.9631061 ], [ 102.7578157, 57.9608113 ], [ 102.7577651, 57.9604427 ], [ 102.7577371, 57.9602387 ], [ 102.7575259, 57.9596906 ], [ 102.756526, 57.9594504 ], [ 102.7565217, 57.9599263 ], [ 102.7570417, 57.962947 ], [ 102.7570691, 57.9631061 ] ] ] } },
{ "type": "Feature", "properties": { "area": 64274 }, "geometry": { "type": "Polygon", "coordinates": [ [ [ 102.7085052, 57.9278981 ], [ 102.7085052, 57.927898099999986 ], [ 102.7066813, 57.925004 ], [ 102.7059303, 57.9236024 ], [ 102.7052007, 57.9235227 ], [ 102.7041128, 57.9236789 ], [ 102.7043796, 57.924133 ], [ 102.705034, 57.9249221 ], [ 102.7051574, 57.9258279 ], [ 102.7049482, 57.9261612 ], [ 102.7055383, 57.9271212 ], [ 102.7055176, 57.9276994 ], [ 102.7061184, 57.9282577 ], [ 102.7085052, 57.9278981 ] ] ] } },
{ "type": "Feature", "properties": { "area": 85578 }, "geometry": { "type": "Polygon", "coordinates": [ [ [ 102.703381799999988, 57.930882399999987 ], [ 102.704794277938021, 57.930719254833399 ], [ 102.705700199999981, 57.930315599999986 ], [ 102.7041229, 57.9278248 ], [ 102.7049525, 57.9277502 ], [ 102.7041229, 57.927824799999989 ], [ 102.703568262589087, 57.926475337577322 ], [ 102.702931677696199, 57.926901003830487 ], [ 102.701413, 57.926584199999986 ], [ 102.701413, 57.9265842 ], [ 102.7014157, 57.926701 ], [ 102.7014077, 57.926795 ], [ 102.7013674, 57.9269075 ], [ 102.7013138, 57.9270058 ], [ 102.7012521, 57.9270941 ], [ 102.7011341, 57.9271724 ], [ 102.7010483, 57.9272137 ], [ 102.7009276, 57.9272636 ], [ 102.7008551, 57.9273134 ], [ 102.7008069, 57.927369 ], [ 102.7007715, 57.9274687 ], [ 102.7007639, 57.9275556 ], [ 102.7007827, 57.9276268 ], [ 102.7008275, 57.9277821 ], [ 102.7008739, 57.9279059 ], [ 102.7009249, 57.9280013 ], [ 102.7009651, 57.9281238 ], [ 102.701014, 57.9282244 ], [ 102.7010831, 57.9283745 ], [ 102.7011663, 57.9285582 ], [ 102.7012199, 57.9286921 ], [ 102.7012548, 57.9288174 ], [ 102.7012575, 57.9288786 ], [ 102.7012441, 57.9289541 ], [ 102.7012199, 57.928994 ], [ 102.7011314, 57.9290239 ], [ 102.7012333, 57.9292361 ], [ 102.7013969, 57.9292233 ], [ 102.7014747, 57.9292489 ], [ 102.7015418, 57.9292902 ], [ 102.7015793, 57.9293486 ], [ 102.7016866, 57.9295295 ], [ 102.701751, 57.9296477 ], [ 102.7018203, 57.9297486 ], [ 102.7018905, 57.9298656 ], [ 102.7019495, 57.9299582 ], [ 102.7020276, 57.9300278 ], [ 102.7021372, 57.9301276 ], [ 102.7021882, 57.9301746 ], [ 102.7022043, 57.9302373 ], [ 102.7022552, 57.9302971 ], [ 102.7023572, 57.9303526 ], [ 102.7025503, 57.9304338 ], [ 102.7026978, 57.9304936 ], [ 102.7028078, 57.9305406 ], [ 102.7030358, 57.9306531 ], [ 102.7031967, 57.9307357 ], [ 102.7033067, 57.9308012 ], [ 102.703381799999988, 57.930882399999987 ] ] ] } },
{ "type": "Feature", "properties": { "area": 46670 }, "geometry": { "type": "Polygon", "coordinates": [ [ [ 102.709981265954326, 57.922224658057409 ], [ 102.713674199999986, 57.9199016 ], [ 102.7134399, 57.9198795 ], [ 102.7131226, 57.9198748 ], [ 102.7127667, 57.9198606 ], [ 102.7125849, 57.9198389 ], [ 102.7122897, 57.9198037 ], [ 102.7122388, 57.9197976 ], [ 102.7119067, 57.9197677 ], [ 102.7118779, 57.9197658 ], [ 102.7115583, 57.9197447 ], [ 102.7114767, 57.9197393 ], [ 102.7112207, 57.9197028 ], [ 102.7110022, 57.9196716 ], [ 102.7108867, 57.9196438 ], [ 102.7107204, 57.9196039 ], [ 102.7105803, 57.9195477 ], [ 102.7104179, 57.9194826 ], [ 102.7101184, 57.919333 ], [ 102.7099881, 57.9192619 ], [ 102.7097892, 57.9191534 ], [ 102.7096676, 57.9190463 ], [ 102.7094837, 57.9188006 ], [ 102.7093088, 57.9185659 ], [ 102.7092405, 57.9185218 ], [ 102.709205, 57.9185186 ], [ 102.7091812, 57.9185328 ], [ 102.7091753, 57.9185737 ], [ 102.7091456, 57.9188006 ], [ 102.7090211, 57.9191046 ], [ 102.708920291132856, 57.919645208102473 ], [ 102.709981265954326, 57.922224658057409 ] ] ] } },
{ "type": "Feature", "properties": { "area": 110511 }, "geometry": { "type": "Polygon", "coordinates": [ [ [ 102.703226392924378, 57.922537685494028 ], [ 102.709981265954326, 57.922224658057409 ], [ 102.708920291132856, 57.919645208102473 ], [ 102.7090211, 57.9191046 ], [ 102.7089114, 57.9191975 ], [ 102.7086593, 57.9193534 ], [ 102.7083271, 57.9196102 ], [ 102.7078443, 57.9199396 ], [ 102.7077231, 57.9200222 ], [ 102.7075976, 57.9201079 ], [ 102.7071527, 57.9204103 ], [ 102.7070311, 57.9204639 ], [ 102.7068502, 57.920352 ], [ 102.706349, 57.9205064 ], [ 102.7065003, 57.9206544 ], [ 102.7062215, 57.92073 ], [ 102.706008, 57.9207521 ], [ 102.70575, 57.92075 ], [ 102.7054949, 57.9207316 ], [ 102.705225, 57.9206859 ], [ 102.7049818, 57.9206245 ], [ 102.7047505, 57.9205347 ], [ 102.7044391, 57.9204056 ], [ 102.7041544, 57.9203127 ], [ 102.7040236, 57.9202941 ], [ 102.7039456, 57.9202882 ], [ 102.7038957, 57.9202829 ], [ 102.7037323, 57.9203001 ], [ 102.7035926, 57.9203375 ], [ 102.703481, 57.9203511 ], [ 102.703321, 57.9203536 ], [ 102.703108, 57.920343 ], [ 102.7029633, 57.920324 ], [ 102.702762, 57.920292 ], [ 102.7023558, 57.9202521 ], [ 102.702129, 57.9202314 ], [ 102.7018315, 57.9202115 ], [ 102.7017832, 57.9202122 ], [ 102.7016584, 57.9202255 ], [ 102.7014603, 57.9202511 ], [ 102.7012629, 57.9202848 ], [ 102.7010299, 57.9203246 ], [ 102.7007693, 57.9203646 ], [ 102.701587776255664, 57.9214232953858 ], [ 102.703226392924378, 57.922537685494028 ] ] ] } },
{ "type": "Feature", "properties": { "area": 57987 }, "geometry": { "type": "Polygon", "coordinates": [ [ [ 102.7085052, 57.9278981 ], [ 102.708460535376886, 57.928027743082538 ], [ 102.709250372188421, 57.929504969863274 ], [ 102.709438989934455, 57.929598859341525 ], [ 102.71057069641067, 57.929949377890772 ], [ 102.710971509120981, 57.930356225486712 ], [ 102.711690614277785, 57.930468890159617 ], [ 102.711981, 57.9302812 ], [ 102.711981, 57.930281199999989 ], [ 102.7120246, 57.9298761 ], [ 102.7123134, 57.9293334 ], [ 102.7126605, 57.9287073 ], [ 102.712758, 57.9285314 ], [ 102.7132971, 57.9274712 ], [ 102.711725980105228, 57.927564532337001 ], [ 102.7085052, 57.9278981 ] ] ] } },
{ "type": "Feature", "properties": { "area": 189083 }, "geometry": { "type": "Polygon", "coordinates": [ [ [ 102.761399958082905, 57.944031671826131 ], [ 102.768806425499974, 57.942252913699015 ], [ 102.768853579936476, 57.941039018879614 ], [ 102.767863336769793, 57.93964987236307 ], [ 102.766260085928465, 57.938623621481028 ], [ 102.758925300000016, 57.9418745 ], [ 102.7592359, 57.9419702 ], [ 102.7594668, 57.9420413 ], [ 102.7599817, 57.9422663 ], [ 102.7604699, 57.9425595 ], [ 102.7607489, 57.9427361 ], [ 102.7609013, 57.942841 ], [ 102.7609473, 57.9428727 ], [ 102.7611566, 57.9431062 ], [ 102.7613202, 57.9434578 ], [ 102.7613819, 57.9437155 ], [ 102.761399958082905, 57.944031671826131 ] ] ] } },
{ "type": "Feature", "properties": { "area": 26155 }, "geometry": { "type": "Polygon", "coordinates": [ [ [ 102.7693798, 57.944795 ], [ 102.769961709194476, 57.944849509585538 ], [ 102.771470651162787, 57.94493710231491 ], [ 102.770993711963712, 57.94331516007594 ], [ 102.768513151306067, 57.943022057009401 ], [ 102.768405612789621, 57.943304088406116 ], [ 102.768476344444409, 57.943854691439071 ], [ 102.768242462537188, 57.944022 ], [ 102.7684181, 57.944022 ], [ 102.7687053, 57.944022 ], [ 102.7688044, 57.944022 ], [ 102.7692846, 57.944022 ], [ 102.7693798, 57.944795 ] ] ] } },
{ "type": "Feature", "properties": { "area": 90675 }, "geometry": { "type": "Polygon", "coordinates": [ [ [ 102.771521810363993, 57.946387081309801 ], [ 102.779430606694277, 57.944312066025333 ], [ 102.779430606694291, 57.944312066025184 ], [ 102.779430606526475, 57.944312063602879 ], [ 102.770993711963712, 57.94331516007594 ], [ 102.771470651162787, 57.94493710231491 ], [ 102.769961709194476, 57.944849509585538 ], [ 102.769961709194476, 57.945187366077683 ], [ 102.771521810363993, 57.946387081309801 ] ] ] } },
{ "type": "Feature", "properties": { "area": 127562 }, "geometry": { "type": "Polygon", "coordinates": [ [ [ 102.773298899999986, 57.9560149 ], [ 102.7732989, 57.9560149 ], [ 102.77769724443354, 57.951827189779735 ], [ 102.770128699999987, 57.951953299999985 ], [ 102.77012869999993, 57.9519533 ], [ 102.7701287, 57.9519533 ], [ 102.7704235, 57.9520342 ], [ 102.7707284, 57.9535226 ], [ 102.7708715, 57.9536735 ], [ 102.7709466, 57.9537461 ], [ 102.7709842, 57.9538557 ], [ 102.7709417, 57.9540187 ], [ 102.770893, 57.9541105 ], [ 102.7707615, 57.9542642 ], [ 102.7706221, 57.9543951 ], [ 102.7705255, 57.9545189 ], [ 102.7704665, 57.9546086 ], [ 102.7702293, 57.9553651 ], [ 102.7708237, 57.9554704 ], [ 102.773298899999986, 57.9560149 ] ] ] } },
{ "type": "Feature", "properties": { "area": 76698 }, "geometry": { "type": "Polygon", "coordinates": [ [ [ 102.779168612923073, 57.954940036421526 ], [ 102.781014928009085, 57.955485507007708 ], [ 102.7816049, 57.9545992 ], [ 102.7816049, 57.954599199999983 ], [ 102.778956417958753, 57.95180620890924 ], [ 102.77769724443354, 57.951827189779735 ], [ 102.775560357803784, 57.953861742124182 ], [ 102.779168612923073, 57.954940036421526 ] ] ] } },
{ "type": "Feature", "properties": { "area": 174873 }, "geometry": { "type": "Polygon", "coordinates": [ [ [ 102.731134360443406, 57.93786495559123 ], [ 102.7252327462202, 57.938800057491726 ], [ 102.7265864, 57.9412951 ], [ 102.7274724, 57.9429282 ], [ 102.7290274, 57.9426862 ], [ 102.7324682, 57.9421508 ], [ 102.7330141, 57.9420659 ], [ 102.7330975, 57.9420529 ], [ 102.7333982, 57.9420061 ], [ 102.7328213, 57.940975 ], [ 102.7326422, 57.9406525 ], [ 102.7325549, 57.9404954 ], [ 102.7323426, 57.9401131 ], [ 102.7317794, 57.9390469 ], [ 102.731134360443406, 57.93786495559123 ] ] ] } },
{ "type": "Feature", "properties": { "area": 84442 }, "geometry": { "type": "Polygon", "coordinates": [ [ [ 102.7291283, 57.9461012 ], [ 102.735115185933168, 57.945177703078421 ], [ 102.7346265, 57.9442871 ], [ 102.7345005, 57.9440576 ], [ 102.7344488, 57.9439634 ], [ 102.7343516, 57.9437862 ], [ 102.7340223, 57.9431861 ], [ 102.7337687, 57.9432255 ], [ 102.73327, 57.9433029 ], [ 102.7325773, 57.9434105 ], [ 102.7294754, 57.9438922 ], [ 102.7281171, 57.9441031 ], [ 102.7289313, 57.9456564 ], [ 102.7291283, 57.9461012 ] ] ] } },
{ "type": "Feature", "properties": { "area": 241673 }, "geometry": { "type": "Polygon", "coordinates": [ [ [ 102.7559708, 57.9464323 ], [ 102.75296659392194, 57.941273607024939 ], [ 102.7528615, 57.9412706 ], [ 102.7518725, 57.9413799 ], [ 102.7510483, 57.9415014 ], [ 102.7488123, 57.941832 ], [ 102.746471687787462, 57.942178055964071 ], [ 102.749373198830199, 57.947349217966092 ], [ 102.7515655, 57.9470498 ], [ 102.7529672, 57.9468395 ], [ 102.7532781, 57.9467929 ], [ 102.7535485, 57.9467567 ], [ 102.7557412, 57.9464631 ], [ 102.7559708, 57.9464323 ] ] ] } },
{ "type": "Feature", "properties": { "area": 167964 }, "geometry": { "type": "Polygon", "coordinates": [ [ [ 102.748516917075747, 57.951819613027766 ], [ 102.748516917075776, 57.95181961302778 ], [ 102.748516917075776, 57.951819613027794 ], [ 102.749937, 57.951605 ], [ 102.750706, 57.951487 ], [ 102.7510001, 57.9514462 ], [ 102.7516052, 57.9513526 ], [ 102.7530207, 57.9511335 ], [ 102.7531953, 57.9511065 ], [ 102.7534414, 57.9510684 ], [ 102.753124252941774, 57.94681595973919 ], [ 102.7529672, 57.9468395 ], [ 102.7515655, 57.9470498 ], [ 102.7488176, 57.9474251 ], [ 102.7463169, 57.9478172 ], [ 102.746275710886181, 57.947823036866808 ], [ 102.748516917075747, 57.951819613027766 ] ] ] } },
{ "type": "Feature", "properties": { "area": 123616 }, "geometry": { "type": "Polygon", "coordinates": [ [ [ 102.761492, 57.9484532 ], [ 102.753350920471306, 57.949855212676823 ], [ 102.7534414, 57.9510684 ], [ 102.7543406, 57.9510142 ], [ 102.7547367, 57.9510315 ], [ 102.7555217, 57.9510658 ], [ 102.7557813, 57.9511119 ], [ 102.7568179, 57.9512957 ], [ 102.7573305, 57.9513895 ], [ 102.7579228, 57.9514978 ], [ 102.7583552, 57.9515911 ], [ 102.7589275, 57.9517011 ], [ 102.7593934, 57.9517906 ], [ 102.7599966, 57.9519065 ], [ 102.760456, 57.9519902 ], [ 102.7614798, 57.9521914 ], [ 102.761492, 57.9484532 ] ] ] } },
{ "type": "Feature", "properties": { "area": 161359 }, "geometry": { "type": "Polygon", "coordinates": [ [ [ 102.753350920471306, 57.949855212676823 ], [ 102.761492, 57.9484532 ], [ 102.7614911, 57.9479915 ], [ 102.7614865, 57.9455469 ], [ 102.76028, 57.9457457 ], [ 102.7595654, 57.9458634 ], [ 102.7587787, 57.9459879 ], [ 102.7573103, 57.9462203 ], [ 102.7559708, 57.9464323 ], [ 102.7557412, 57.9464631 ], [ 102.7535485, 57.9467567 ], [ 102.7532781, 57.9467929 ], [ 102.753124252941774, 57.94681595973919 ], [ 102.753350920471306, 57.949855212676823 ] ] ] } },
{ "type": "Feature", "properties": { "area": 628536 }, "geometry": { "type": "Polygon", "coordinates": [ [ [ 102.7137462, 57.9336282 ], [ 102.7131179, 57.9312514 ], [ 102.7125208, 57.9309578 ], [ 102.7121929, 57.9306395 ], [ 102.711981, 57.9302812 ], [ 102.711690614277785, 57.930468890159617 ], [ 102.710971509120981, 57.930356225486712 ], [ 102.71057069641067, 57.929949377890772 ], [ 102.708613787295306, 57.930256078813883 ], [ 102.7063483, 57.9302687 ], [ 102.7058065, 57.9302715 ], [ 102.7057002, 57.9303156 ], [ 102.705700199999981, 57.930315599999986 ], [ 102.704794277938021, 57.930719254833399 ], [ 102.703381799999988, 57.930882399999987 ], [ 102.7033818, 57.9308824 ], [ 102.7034327, 57.9309679 ], [ 102.7034408, 57.9310661 ], [ 102.7034561, 57.9311172 ], [ 102.7035159, 57.9311459 ], [ 102.70365, 57.9311971 ], [ 102.703827, 57.9312484 ], [ 102.7039772, 57.9313338 ], [ 102.7040899, 57.931482 ], [ 102.7042103, 57.9316446 ], [ 102.7042293, 57.9318209 ], [ 102.7042232, 57.9320256 ], [ 102.7041328, 57.9322025 ], [ 102.7040631, 57.932325 ], [ 102.7039289, 57.9324389 ], [ 102.7037358, 57.93255 ], [ 102.7035642, 57.9326155 ], [ 102.7034837, 57.9327323 ], [ 102.7035105, 57.9328804 ], [ 102.7035676, 57.9332585 ], [ 102.7036178, 57.933487 ], [ 102.7036715, 57.9336579 ], [ 102.7037466, 57.9338401 ], [ 102.7039343, 57.9340566 ], [ 102.7040416, 57.9342075 ], [ 102.7042454, 57.9344154 ], [ 102.7044815, 57.9345721 ], [ 102.7047014, 57.9346575 ], [ 102.7049142, 57.9347301 ], [ 102.7051037, 57.934854 ], [ 102.7053183, 57.9349793 ], [ 102.7055061, 57.9351018 ], [ 102.7056724, 57.9352413 ], [ 102.7059034, 57.9353782 ], [ 102.7061176, 57.9355119 ], [ 102.7063698, 57.9356172 ], [ 102.7066112, 57.9357055 ], [ 102.7068043, 57.9357938 ], [ 102.7070188, 57.9359219 ], [ 102.7072763, 57.9360786 ], [ 102.7076036, 57.9362409 ], [ 102.7078337, 57.9363725 ], [ 102.7080435, 57.9365428 ], [ 102.7082205, 57.9366681 ], [ 102.7084672, 57.9368702 ], [ 102.7086663, 57.937 ], [ 102.7088015, 57.9371424 ], [ 102.7089232, 57.9372319 ], [ 102.7090895, 57.9372917 ], [ 102.7094167, 57.9373771 ], [ 102.7096528, 57.937491 ], [ 102.7099746, 57.9376078 ], [ 102.7103716, 57.9377416 ], [ 102.710613, 57.9377929 ], [ 102.7109295, 57.9378299 ], [ 102.7112017, 57.9379294 ], [ 102.711482, 57.9381033 ], [ 102.7118576, 57.9383396 ], [ 102.7121848, 57.9385731 ], [ 102.7123779, 57.9386984 ], [ 102.7126461, 57.9388095 ], [ 102.71285, 57.9389063 ], [ 102.7129948, 57.938986 ], [ 102.7133542, 57.9391313 ], [ 102.7136761, 57.9392138 ], [ 102.7139538, 57.9392671 ], [ 102.7143305, 57.9393648 ], [ 102.714808, 57.9394587 ], [ 102.7153605, 57.9395299 ], [ 102.7156824, 57.9395726 ], [ 102.7159345, 57.9395954 ], [ 102.7161866, 57.9395726 ], [ 102.7165514, 57.9394844 ], [ 102.7169698, 57.9393932 ], [ 102.7172649, 57.9392993 ], [ 102.7175546, 57.9392651 ], [ 102.7179086, 57.9392822 ], [ 102.7183539, 57.9393021 ], [ 102.7185837, 57.9393183 ], [ 102.7187777, 57.9392993 ], [ 102.7189976, 57.9392195 ], [ 102.7193141, 57.9391483 ], [ 102.7195716, 57.9391284 ], [ 102.7197862, 57.9391512 ], [ 102.7198988, 57.9392366 ], [ 102.723440645266308, 57.938560792723905 ], [ 102.7232734, 57.938105 ], [ 102.7217713, 57.9369773 ], [ 102.7199045, 57.936066 ], [ 102.7156774, 57.934961 ], [ 102.7141324, 57.9340953 ], [ 102.7137462, 57.9336282 ] ] ] } },
{ "type": "Feature", "properties": { "area": 245516 }, "geometry": { "type": "Polygon", "coordinates": [ [ [ 102.7214406, 57.9675537 ], [ 102.7248344, 57.9732151 ], [ 102.7251828, 57.9728758 ], [ 102.7256553, 57.9725435 ], [ 102.7261525, 57.9723278 ], [ 102.726785, 57.9721377 ], [ 102.7284374, 57.9716973 ], [ 102.7291142, 57.9713901 ], [ 102.7292263, 57.9713392 ], [ 102.7298741, 57.9708709 ], [ 102.7300468, 57.9706672 ], [ 102.7309442, 57.9696087 ], [ 102.7314321, 57.9689424 ], [ 102.7314576, 57.9688859 ], [ 102.7316326, 57.9685999 ], [ 102.7316696, 57.9683357 ], [ 102.7316777, 57.9680971 ], [ 102.7315881, 57.9675999 ], [ 102.7315357, 57.9673093 ], [ 102.7311001, 57.9673576 ], [ 102.7307887, 57.9673583 ], [ 102.7304776, 57.967359 ], [ 102.7301728, 57.9674477 ], [ 102.7299874, 57.967469 ], [ 102.7297482, 57.9674965 ], [ 102.7286369, 57.9674515 ], [ 102.7283925, 57.967448 ], [ 102.7276971, 57.9674381 ], [ 102.7271793, 57.9674308 ], [ 102.7231693, 57.9673831 ], [ 102.72275, 57.9674232 ], [ 102.7224153, 57.9674552 ], [ 102.7214406, 57.9675537 ] ] ] } },
{ "type": "Feature", "properties": { "area": 289748 }, "geometry": { "type": "Polygon", "coordinates": [ [ [ 102.7197754, 57.947697099999985 ], [ 102.72074139999998, 57.9476945 ], [ 102.7207414, 57.9476945 ], [ 102.7214924, 57.9470226 ], [ 102.7228228, 57.9430936 ], [ 102.7235094, 57.9402121 ], [ 102.7235952, 57.938982 ], [ 102.723440645266308, 57.938560792723905 ], [ 102.7198988, 57.9392366 ], [ 102.7198988, 57.9393448 ], [ 102.7197969, 57.9394787 ], [ 102.7195877, 57.9396068 ], [ 102.7193516, 57.939678 ], [ 102.7189922, 57.9397663 ], [ 102.7187401, 57.9398261 ], [ 102.7184987, 57.9398574 ], [ 102.7182037, 57.9398517 ], [ 102.7180856, 57.9398602 ], [ 102.7180118, 57.9399089 ], [ 102.7180481, 57.9400482 ], [ 102.7180642, 57.9401677 ], [ 102.7180749, 57.940276 ], [ 102.718032, 57.9403842 ], [ 102.7178841, 57.9405114 ], [ 102.7176458, 57.9406461 ], [ 102.7175438, 57.9407572 ], [ 102.7175063, 57.9409024 ], [ 102.7175546, 57.9410618 ], [ 102.7175868, 57.9412412 ], [ 102.7175891, 57.9414829 ], [ 102.7175438, 57.9416569 ], [ 102.7174956, 57.9418733 ], [ 102.7174526, 57.942084 ], [ 102.7174624, 57.9422528 ], [ 102.7175116, 57.9424314 ], [ 102.7176511, 57.9426222 ], [ 102.7178872, 57.9430066 ], [ 102.7178925, 57.9432144 ], [ 102.717823, 57.9434089 ], [ 102.7176511, 57.9436073 ], [ 102.7173659, 57.9437785 ], [ 102.717, 57.944 ], [ 102.7168411, 57.9441056 ], [ 102.7166855, 57.9442451 ], [ 102.7164602, 57.94447 ], [ 102.7162886, 57.9446807 ], [ 102.7161974, 57.9448401 ], [ 102.7162103, 57.9450427 ], [ 102.7163207, 57.9452359 ], [ 102.7164495, 57.9453782 ], [ 102.7166748, 57.9455718 ], [ 102.7168283, 57.9457187 ], [ 102.7169055, 57.9459334 ], [ 102.7169377, 57.9461697 ], [ 102.7170074, 57.9463946 ], [ 102.7171159, 57.9465826 ], [ 102.7172971, 57.9468188 ], [ 102.7175548, 57.9470655 ], [ 102.7177209, 57.9471661 ], [ 102.7179515, 57.94728 ], [ 102.7183592, 57.9474053 ], [ 102.7188098, 57.9474622 ], [ 102.7191639, 57.9474964 ], [ 102.7196521, 57.9475533 ], [ 102.7197325, 57.9475832 ], [ 102.7197779, 57.9476253 ], [ 102.7197754, 57.947697099999985 ] ] ] } },
{ "type": "Feature", "properties": { "area": 46493 }, "geometry": { "type": "Polygon", "coordinates": [ [ [ 102.7119753, 57.9591228 ], [ 102.7130692, 57.9586451 ], [ 102.7128179, 57.958574 ], [ 102.7126711, 57.9583723 ], [ 102.7126566, 57.9579978 ], [ 102.7126245, 57.9573979 ], [ 102.7127806, 57.9565642 ], [ 102.7131024, 57.9561885 ], [ 102.7133814, 57.9559608 ], [ 102.7136389, 57.9556079 ], [ 102.7140466, 57.9552435 ], [ 102.7144757, 57.9546857 ], [ 102.7144328, 57.9543783 ], [ 102.7142826, 57.95431 ], [ 102.7144328, 57.9540139 ], [ 102.714432799999983, 57.9540139 ], [ 102.714224151588041, 57.953970069924019 ], [ 102.7141695, 57.9540427 ], [ 102.714006, 57.9541816 ], [ 102.7138531, 57.9542997 ], [ 102.7136868, 57.9543994 ], [ 102.713542, 57.9544762 ], [ 102.7133596, 57.954563 ], [ 102.7131611, 57.9546185 ], [ 102.7129787, 57.954657 ], [ 102.7128446, 57.954684 ], [ 102.712732, 57.9546982 ], [ 102.7126676, 57.954711 ], [ 102.7126078, 57.9547472 ], [ 102.7126059, 57.9547936 ], [ 102.7126381, 57.9548633 ], [ 102.7126998, 57.9549217 ], [ 102.7127534, 57.9549914 ], [ 102.7127749, 57.9550626 ], [ 102.7127427, 57.9551593 ], [ 102.7126266, 57.9553012 ], [ 102.7123082, 57.9555663 ], [ 102.7119327, 57.9558339 ], [ 102.7115893, 57.956073 ], [ 102.7114177, 57.956184 ], [ 102.7112614, 57.9562555 ], [ 102.7112414, 57.9562728 ], [ 102.7112111, 57.9563163 ], [ 102.7111924, 57.9563512 ], [ 102.7111964, 57.9563846 ], [ 102.7111763, 57.9564999 ], [ 102.7111655, 57.9566052 ], [ 102.7111441, 57.9566877 ], [ 102.7111092, 57.9567617 ], [ 102.7110743, 57.9568414 ], [ 102.7110414, 57.9569266 ], [ 102.7110335, 57.9569539 ], [ 102.711021, 57.9569973 ], [ 102.7110146, 57.9570194 ], [ 102.7110054, 57.9570512 ], [ 102.71101, 57.9572228 ], [ 102.7110665, 57.9573088 ], [ 102.7110805, 57.9573301 ], [ 102.7110904, 57.9573452 ], [ 102.7112586, 57.9574407 ], [ 102.7114659, 57.957516 ], [ 102.7117771, 57.9575643 ], [ 102.7119756, 57.9576127 ], [ 102.7120346, 57.957644 ], [ 102.7120587, 57.9576839 ], [ 102.712059, 57.9577358 ], [ 102.7119917, 57.957812 ], [ 102.7118978, 57.9578546 ], [ 102.7118146, 57.9578746 ], [ 102.7116215, 57.9578859 ], [ 102.7113444, 57.9579004 ], [ 102.7112487, 57.9579087 ], [ 102.7111334, 57.9579457 ], [ 102.711069, 57.9579841 ], [ 102.7110422, 57.9580368 ], [ 102.7109778, 57.9581905 ], [ 102.7109481, 57.9583462 ], [ 102.7109433, 57.9583716 ], [ 102.7109295, 57.9584438 ], [ 102.7109617, 57.9585946 ], [ 102.7109875, 57.9586421 ], [ 102.7110569, 57.9587699 ], [ 102.7111441, 57.9588408 ], [ 102.7112675, 57.9589105 ], [ 102.7114874, 57.9590101 ], [ 102.7117878, 57.9590557 ], [ 102.7119753, 57.9591228 ] ] ] } },
{ "type": "Feature", "properties": { "area": 144207 }, "geometry": { "type": "Polygon", "coordinates": [ [ [ 102.7207414, 57.9476945 ], [ 102.72074139999998, 57.9476945 ], [ 102.7197754, 57.947697099999985 ], [ 102.7197754, 57.9476971 ], [ 102.7197218, 57.9477796 ], [ 102.7196735, 57.9478408 ], [ 102.7196145, 57.9479091 ], [ 102.7195287, 57.9479575 ], [ 102.7193195, 57.9479974 ], [ 102.718897, 57.9480479 ], [ 102.71837, 57.948117 ], [ 102.7178496, 57.9481483 ], [ 102.7173936, 57.9481597 ], [ 102.7168894, 57.9481654 ], [ 102.7165782, 57.9481853 ], [ 102.7164119, 57.9482365 ], [ 102.7162285, 57.9483297 ], [ 102.7160579, 57.9484358 ], [ 102.7158058, 57.9486465 ], [ 102.7155075, 57.9489345 ], [ 102.7152049, 57.9491077 ], [ 102.7150494, 57.9492414 ], [ 102.7148563, 57.9494151 ], [ 102.7147436, 57.9495973 ], [ 102.7145827, 57.949862 ], [ 102.7145103, 57.9500129 ], [ 102.7144458, 57.9501276 ], [ 102.7143788, 57.950225 ], [ 102.7143145, 57.9503004 ], [ 102.7142447, 57.9503759 ], [ 102.7142233, 57.9504484 ], [ 102.7142125, 57.9505509 ], [ 102.7141878, 57.9506561 ], [ 102.7141321, 57.9508014 ], [ 102.7141052, 57.9509039 ], [ 102.7141133, 57.950948 ], [ 102.714175, 57.950995 ], [ 102.7142984, 57.9510804 ], [ 102.7143466, 57.9511274 ], [ 102.7143547, 57.9511772 ], [ 102.7143145, 57.9512199 ], [ 102.7142581, 57.9512654 ], [ 102.7142796, 57.9513138 ], [ 102.7143627, 57.9513508 ], [ 102.7144298, 57.9513949 ], [ 102.714462, 57.9514405 ], [ 102.7144808, 57.9515017 ], [ 102.7144808, 57.9516155 ], [ 102.7144566, 57.951812 ], [ 102.7144325, 57.9519301 ], [ 102.714412, 57.9520323 ], [ 102.7143413, 57.9521464 ], [ 102.714285, 57.9522389 ], [ 102.7142179, 57.95233 ], [ 102.7141106, 57.9524382 ], [ 102.7139443, 57.952609 ], [ 102.7138692, 57.9526915 ], [ 102.7138117, 57.9527571 ], [ 102.7137673, 57.9528524 ], [ 102.7137726, 57.9529221 ], [ 102.7138048, 57.9529619 ], [ 102.7138853, 57.9529961 ], [ 102.7139738, 57.9530146 ], [ 102.7140516, 57.9530445 ], [ 102.7140892, 57.9530772 ], [ 102.7141133, 57.9531342 ], [ 102.7142072, 57.9533206 ], [ 102.7142796, 57.9534529 ], [ 102.7143279, 57.953564 ], [ 102.714352, 57.9536237 ], [ 102.7143578, 57.9537016 ], [ 102.7143493, 57.9537717 ], [ 102.7143145, 57.95385 ], [ 102.714224151588041, 57.953970069924019 ], [ 102.714432799999983, 57.9540139 ], [ 102.7144328, 57.9540139 ], [ 102.7144328, 57.9540139 ], [ 102.7147761, 57.9539456 ], [ 102.715098, 57.9535244 ], [ 102.7158276, 57.9531828 ], [ 102.716128, 57.9527387 ], [ 102.7173296, 57.9515318 ], [ 102.7181879, 57.9514521 ], [ 102.7204839, 57.949505 ], [ 102.720618, 57.9485618 ], [ 102.7207414, 57.9476945 ] ] ] } },
{ "type": "Feature", "properties": { "area": 53797 }, "geometry": { "type": "Polygon", "coordinates": [ [ [ 102.7209035, 57.9350224 ], [ 102.7199045, 57.936066 ], [ 102.7199045, 57.936066 ], [ 102.7217713, 57.9369773 ], [ 102.7232734, 57.938105 ], [ 102.723440645266308, 57.938560792723905 ], [ 102.7252327462202, 57.938800057491726 ], [ 102.7249092, 57.9382037 ], [ 102.7243403, 57.9371457 ], [ 102.7242923, 57.9370565 ], [ 102.7238951, 57.9364925 ], [ 102.7237905, 57.936389 ], [ 102.7235712, 57.9361794 ], [ 102.7231543, 57.9358418 ], [ 102.7228513, 57.9356413 ], [ 102.7225145, 57.9354808 ], [ 102.7222989, 57.9353998 ], [ 102.7213873, 57.9351476 ], [ 102.7209035, 57.9350224 ], [ 102.7209035, 57.9350224 ] ] ] } },
{ "type": "Feature", "properties": { "area": 56981 }, "geometry": { "type": "Polygon", "coordinates": [ [ [ 102.7199045, 57.936066 ], [ 102.7209035, 57.9350224 ], [ 102.7204228, 57.934898 ], [ 102.7191333, 57.9345833 ], [ 102.7189541, 57.9345396 ], [ 102.7180443, 57.9343096 ], [ 102.7175137, 57.9341684 ], [ 102.7164884, 57.9338275 ], [ 102.7160921, 57.9336648 ], [ 102.7159523, 57.9335961 ], [ 102.7155426, 57.9333715 ], [ 102.7151592, 57.9331316 ], [ 102.7149423, 57.9329523 ], [ 102.7148365, 57.9328165 ], [ 102.7147552, 57.9326674 ], [ 102.7146924, 57.932443 ], [ 102.7146384, 57.9322123 ], [ 102.7145489, 57.9320222 ], [ 102.7144278, 57.931838 ], [ 102.7141673, 57.9315828 ], [ 102.7131179, 57.9312514 ], [ 102.7137462, 57.9336282 ], [ 102.7141324, 57.9340953 ], [ 102.7156774, 57.934961 ], [ 102.7199045, 57.936066 ], [ 102.7199045, 57.936066 ] ] ] } },
{ "type": "Feature", "properties": { "area": 1753860 }, "geometry": { "type": "Polygon", "coordinates": [ [ [ 102.757807299999982, 57.9417194 ], [ 102.749862130632067, 57.92720147108836 ], [ 102.748023107608162, 57.926249982811903 ], [ 102.741280023187315, 57.924997986136752 ], [ 102.7361905, 57.925412 ], [ 102.7361905, 57.925412 ], [ 102.7347743, 57.9263122 ], [ 102.7349353, 57.9264432 ], [ 102.733916, 57.9269901 ], [ 102.7336424, 57.9272152 ], [ 102.733465, 57.9275767 ], [ 102.7335633, 57.9276024 ], [ 102.7336442, 57.92765 ], [ 102.7337054, 57.9277357 ], [ 102.734147, 57.9285704 ], [ 102.7351414, 57.9304124 ], [ 102.735305, 57.9307145 ], [ 102.7355264, 57.9311233 ], [ 102.7362138, 57.9323517 ], [ 102.7362659, 57.9324468 ], [ 102.7369915, 57.9338222 ], [ 102.7379936, 57.9357214 ], [ 102.7387516, 57.9370694 ], [ 102.7394213, 57.9382735 ], [ 102.740284, 57.9397913 ], [ 102.7404155, 57.94003 ], [ 102.7419745, 57.9428602 ], [ 102.7431222, 57.9426796 ], [ 102.7432193, 57.9426648 ], [ 102.7446966, 57.9424405 ], [ 102.7488123, 57.941832 ], [ 102.7510483, 57.9415014 ], [ 102.7518725, 57.9413799 ], [ 102.7528615, 57.9412706 ], [ 102.7541756, 57.9413082 ], [ 102.7548564, 57.9413844 ], [ 102.7559039, 57.9415016 ], [ 102.757807299999982, 57.9417194 ] ] ] } },
{ "type": "Feature", "properties": { "area": 185553 }, "geometry": { "type": "Polygon", "coordinates": [ [ [ 102.766260085928465, 57.938623621481028 ], [ 102.76514016806118, 57.93691522413198 ], [ 102.755963008276495, 57.938349390514489 ], [ 102.757807299999982, 57.9417194 ], [ 102.7578073, 57.9417194 ], [ 102.7589253, 57.9418745 ], [ 102.758925300000016, 57.9418745 ], [ 102.766260085928465, 57.938623621481028 ] ] ] } },
{ "type": "Feature", "properties": { "area": 2827588 }, "geometry": { "type": "Polygon", "coordinates": [ [ [ 102.76514016806118, 57.93691522413198 ], [ 102.766260085928465, 57.938623621481028 ], [ 102.767863336769793, 57.93964987236307 ], [ 102.768853579936476, 57.941039018879614 ], [ 102.768806425499974, 57.942252913699015 ], [ 102.768513151306067, 57.943022057009401 ], [ 102.780561747124949, 57.944445719184763 ], [ 102.7801251, 57.9439461 ], [ 102.7798355, 57.9431034 ], [ 102.7804255, 57.9407572 ], [ 102.7805813, 57.9393629 ], [ 102.7785815, 57.9370628 ], [ 102.7686364, 57.9305685 ], [ 102.7678728, 57.9300607 ], [ 102.7673408, 57.9296232 ], [ 102.7668267, 57.9291065 ], [ 102.7664995, 57.9285853 ], [ 102.765786, 57.926993 ], [ 102.765292, 57.9258401 ], [ 102.7650511, 57.9254519 ], [ 102.7647078, 57.9250417 ], [ 102.7640104, 57.9245375 ], [ 102.7631828, 57.9240541 ], [ 102.7624869, 57.9237712 ], [ 102.7616018, 57.9234835 ], [ 102.7581826, 57.9226327 ], [ 102.7573639, 57.9224308 ], [ 102.7565753, 57.9222257 ], [ 102.7560228, 57.9220562 ], [ 102.7555105, 57.9218667 ], [ 102.7550009, 57.9216374 ], [ 102.7545932, 57.9214366 ], [ 102.7541748, 57.9212044 ], [ 102.7538431, 57.9209791 ], [ 102.7535096, 57.9207443 ], [ 102.7531958, 57.9205007 ], [ 102.7529195, 57.92022 ], [ 102.7527237, 57.9199593 ], [ 102.7524796, 57.9196374 ], [ 102.7522943, 57.9192947 ], [ 102.7521631, 57.9190134 ], [ 102.7520692, 57.9187257 ], [ 102.7520183, 57.918398 ], [ 102.7519941, 57.9181117 ], [ 102.7520263, 57.9178695 ], [ 102.752184, 57.9169791 ], [ 102.752508406163955, 57.915494108603191 ], [ 102.751141154450835, 57.915382390626512 ], [ 102.751064259482106, 57.915378015194491 ], [ 102.750986934733731, 57.915377404974237 ], [ 102.750909829796669, 57.915380565091922 ], [ 102.75083359241539, 57.915387468999775 ], [ 102.750758863046983, 57.915398058699168 ], [ 102.750239168665885, 57.915485457703177 ], [ 102.750171870462694, 57.915498471059109 ], [ 102.750106887901566, 57.91551447422593 ], [ 102.750044688987472, 57.915533351949364 ], [ 102.7493629770767, 57.915761178430905 ], [ 102.747323891531934, 57.916111954846407 ], [ 102.747241919902365, 57.916128606802793 ], [ 102.747163640956103, 57.916149698918126 ], [ 102.747089901190023, 57.916175003107121 ], [ 102.747021498020004, 57.916204245735535 ], [ 102.746959171158281, 57.916237110579111 ], [ 102.746903594614437, 57.916273242242717 ], [ 102.746855369406575, 57.916312250003351 ], [ 102.746257762357729, 57.916855146545714 ], [ 102.746218629865794, 57.916895182456891 ], [ 102.74618724672564, 57.916937106504818 ], [ 102.746163929973036, 57.916980495204875 ], [ 102.745567979131593, 57.918345548301893 ], [ 102.743861625483319, 57.919739144753706 ], [ 102.742591349239845, 57.919913716115111 ], [ 102.740158171150867, 57.919582963366018 ], [ 102.740085682878487, 57.919574893750962 ], [ 102.737379215183879, 57.91933899686898 ], [ 102.737305615788088, 57.919334336336021 ], [ 102.737231531753096, 57.919333130506764 ], [ 102.735191359001078, 57.919347603646059 ], [ 102.7346679, 57.9196284 ], [ 102.7331888, 57.9203705 ], [ 102.7321175, 57.9208825 ], [ 102.731808, 57.9210279 ], [ 102.7313319, 57.9211954 ], [ 102.7309485, 57.9213239 ], [ 102.729606, 57.9217739 ], [ 102.7285717, 57.9221266 ], [ 102.7291631, 57.9230989 ], [ 102.7291631, 57.9236117 ], [ 102.730633, 57.9239421 ], [ 102.7317274, 57.9241415 ], [ 102.7329826, 57.9244093 ], [ 102.7337766, 57.9245233 ], [ 102.7347314, 57.9239307 ], [ 102.7350426, 57.9239478 ], [ 102.7359009, 57.9245119 ], [ 102.7357614, 57.9252639 ], [ 102.7361905, 57.925412 ], [ 102.741280023187315, 57.924997986136752 ], [ 102.748023107608162, 57.926249982811903 ], [ 102.749862130632067, 57.92720147108836 ], [ 102.753019276366416, 57.932970412593868 ], [ 102.76216943856106, 57.931432784574547 ], [ 102.76514016806118, 57.93691522413198 ] ] ] } },
{ "type": "Feature", "properties": { "area": 68120 }, "geometry": { "type": "Polygon", "coordinates": [ [ [ 102.746628526680723, 57.957120678847829 ], [ 102.747964164562518, 57.960174981747024 ], [ 102.750699121880075, 57.959787234225402 ], [ 102.751557971051596, 57.959787234225402 ], [ 102.7514914, 57.959593 ], [ 102.7512757, 57.95925 ], [ 102.7505673, 57.9583253 ], [ 102.7502346, 57.9578703 ], [ 102.7499176, 57.9574562 ], [ 102.7496507, 57.9570005 ], [ 102.749524, 57.9568699 ], [ 102.7494138, 57.9568201 ], [ 102.7492397, 57.9567895 ], [ 102.7489971, 57.9568183 ], [ 102.7487361, 57.9568446 ], [ 102.746628526680723, 57.957120678847829 ] ] ] } },
{ "type": "Feature", "properties": { "area": 204216 }, "geometry": { "type": "Polygon", "coordinates": [ [ [ 102.734819865385504, 57.967166225664968 ], [ 102.736658888409366, 57.960325076436192 ], [ 102.7299721, 57.961334 ], [ 102.729972099999983, 57.961334 ], [ 102.7299721, 57.961334 ], [ 102.7300787, 57.9615296 ], [ 102.7301555, 57.9616704 ], [ 102.7302372, 57.9618202 ], [ 102.7303021, 57.9619392 ], [ 102.7305259, 57.9623136 ], [ 102.7305491, 57.9623927 ], [ 102.7305873, 57.9625231 ], [ 102.7306381, 57.9626967 ], [ 102.7306823, 57.9628475 ], [ 102.7307953, 57.963365 ], [ 102.7308513, 57.963651 ], [ 102.7310584, 57.9647083 ], [ 102.7311536, 57.9651944 ], [ 102.7313299, 57.9658859 ], [ 102.7314263, 57.966339 ], [ 102.7315357, 57.9673093 ], [ 102.733475963944969, 57.967278774791737 ], [ 102.734065394401355, 57.967466355884447 ], [ 102.734819865385504, 57.967166225664968 ] ] ] } },
{ "type": "Feature", "properties": { "area": 12583733 }, "geometry": { "type": "Polygon", "coordinates": [ [ [ 102.760205323892421, 58.010070366321585 ], [ 102.7594941, 57.9783422 ], [ 102.7586166, 57.9773951 ], [ 102.7577642, 57.976486 ], [ 102.7570306, 57.9754589 ], [ 102.7561676, 57.9742243 ], [ 102.7561676, 57.9742243 ], [ 102.756167599999984, 57.9742243 ], [ 102.743714370972086, 57.976284685674187 ], [ 102.742158274567231, 57.976222174134392 ], [ 102.736051775039286, 57.974059207697167 ], [ 102.735391612928126, 57.973584087755704 ], [ 102.7291142, 57.9713901 ], [ 102.7284374, 57.9716973 ], [ 102.726785, 57.9721377 ], [ 102.7261525, 57.9723278 ], [ 102.7256553, 57.9725435 ], [ 102.7251828, 57.9728758 ], [ 102.7248344, 57.9732151 ], [ 102.7214844, 57.9788036 ], [ 102.7209587, 57.9796804 ], [ 102.7196397, 57.9821127 ], [ 102.7194044, 57.9827034 ], [ 102.7189942, 57.9868605 ], [ 102.7188943, 57.9875041 ], [ 102.7187984, 57.9884038 ], [ 102.7185734, 57.9892862 ], [ 102.7180977, 57.9898215 ], [ 102.7178788, 57.9900678 ], [ 102.7171867, 57.990661 ], [ 102.7158191, 57.9917642 ], [ 102.7155703, 57.9920564 ], [ 102.715415, 57.992269 ], [ 102.715307, 57.9924917 ], [ 102.7152317, 57.9927814 ], [ 102.7151929, 57.9929308 ], [ 102.7151452, 57.9931837 ], [ 102.7151229, 57.9933018 ], [ 102.714951, 57.9947102 ], [ 102.7148442, 57.9961825 ], [ 102.7146982, 57.9981963 ], [ 102.7146613, 57.9984898 ], [ 102.7146307, 57.9987327 ], [ 102.7145133, 57.9992721 ], [ 102.714265, 58.0001984 ], [ 102.7142523, 58.0002457 ], [ 102.7142412, 58.0003084 ], [ 102.7141656, 58.0007351 ], [ 102.7141765, 58.0012036 ], [ 102.7143146, 58.0017563 ], [ 102.7145309, 58.0022959 ], [ 102.7149771, 58.0034177 ], [ 102.7153819, 58.0043128 ], [ 102.7158823, 58.0054195 ], [ 102.7163228, 58.0064164 ], [ 102.716543, 58.0069175 ], [ 102.7166647, 58.0072695 ], [ 102.7167968, 58.0077761 ], [ 102.7168208, 58.0081306 ], [ 102.7168429, 58.0084802 ], [ 102.7168129, 58.0086513 ], [ 102.716791418685489, 58.008739743018076 ], [ 102.7173717, 58.0091814 ], [ 102.7183692, 58.0099292 ], [ 102.7191782, 58.010581 ], [ 102.7197743, 58.0110389 ], [ 102.7204172, 58.0114833 ], [ 102.7215753, 58.0123268 ], [ 102.7231852, 58.0132333 ], [ 102.724005, 58.0136477 ], [ 102.7248896, 58.0140266 ], [ 102.7263498, 58.0145906 ], [ 102.7278027, 58.0150646 ], [ 102.7304943, 58.0159301 ], [ 102.7332935, 58.0168301 ], [ 102.7345234, 58.0172311 ], [ 102.7356718, 58.0176762 ], [ 102.7361533, 58.0179261 ], [ 102.7376899, 58.0188094 ], [ 102.7391919, 58.0197299 ], [ 102.739296752242666, 58.019792850054323 ], [ 102.7411422, 58.0209008 ], [ 102.7413585, 58.0210082 ], [ 102.743599, 58.0221214 ], [ 102.7445858, 58.0225921 ], [ 102.7455221, 58.0230039 ], [ 102.747335, 58.0238592 ], [ 102.7481632, 58.0241844 ], [ 102.74863, 58.0243677 ], [ 102.7504102, 58.0248698 ], [ 102.7546078, 58.025786 ], [ 102.7563323, 58.0261022 ], [ 102.7569079, 58.0261577 ], [ 102.7578273, 58.0261863 ], [ 102.7632364, 58.0262387 ], [ 102.764841399999966, 58.026255 ], [ 102.759845318862062, 58.021511733245596 ], [ 102.760205323892421, 58.010070366321585 ] ] ] } },
{ "type": "Feature", "properties": { "area": 615996 }, "geometry": { "type": "Polygon", "coordinates": [ [ [ 102.740981792327787, 57.975805455589459 ], [ 102.747104839075618, 57.967566264806649 ], [ 102.745429613600166, 57.967603914728599 ], [ 102.74460441096123, 57.967441345128783 ], [ 102.739912544528565, 57.967353807346619 ], [ 102.739535309036469, 57.967191236612578 ], [ 102.734819865385504, 57.967166225664968 ], [ 102.734065394401355, 57.967466355884447 ], [ 102.733475963944969, 57.967278774791737 ], [ 102.7315357, 57.9673093 ], [ 102.7315881, 57.9675999 ], [ 102.7316777, 57.9680971 ], [ 102.7316696, 57.9683357 ], [ 102.7316326, 57.9685999 ], [ 102.7314576, 57.9688859 ], [ 102.7314321, 57.9689424 ], [ 102.7309442, 57.9696087 ], [ 102.7300468, 57.9706672 ], [ 102.7298741, 57.9708709 ], [ 102.7292263, 57.9713392 ], [ 102.7291142, 57.9713901 ], [ 102.735391612928126, 57.973584087755704 ], [ 102.736051775039286, 57.974059207697167 ], [ 102.740981792327787, 57.975805455589459 ] ] ] } },
{ "type": "Feature", "properties": { "area": 321753 }, "geometry": { "type": "Polygon", "coordinates": [ [ [ 102.752493615837182, 57.974832160364507 ], [ 102.747104839075604, 57.967566264806656 ], [ 102.740981792327787, 57.975805455589459 ], [ 102.742158274567231, 57.976222174134392 ], [ 102.743714370972086, 57.976284685674187 ], [ 102.752493615837182, 57.974832160364507 ] ] ] } },
{ "type": "Feature", "properties": { "area": 370346 }, "geometry": { "type": "Polygon", "coordinates": [ [ [ 102.70835240000001, 57.9790759 ], [ 102.7083524, 57.9790759 ], [ 102.706781710076029, 57.978886315871037 ], [ 102.7067774, 57.978932 ], [ 102.7067345, 57.9791084 ], [ 102.7066513, 57.9792981 ], [ 102.70652, 57.9795066 ], [ 102.7064019, 57.9796744 ], [ 102.7062446, 57.9799204 ], [ 102.7061069, 57.9802063 ], [ 102.7059567, 57.9804964 ], [ 102.705726, 57.9809657 ], [ 102.7056831, 57.9811591 ], [ 102.7056724, 57.9813838 ], [ 102.7057099, 57.9816739 ], [ 102.7057528, 57.9818787 ], [ 102.7057689, 57.9822285 ], [ 102.7057636, 57.9824674 ], [ 102.7057582, 57.982675 ], [ 102.7057314, 57.9828485 ], [ 102.705608, 57.9831926 ], [ 102.7055383, 57.9834856 ], [ 102.7054764, 57.983835 ], [ 102.7053934, 57.9841226 ], [ 102.7053337, 57.9843208 ], [ 102.705254, 57.9845236 ], [ 102.7051359, 57.9847938 ], [ 102.7050018, 57.9850014 ], [ 102.7048248, 57.985246 ], [ 102.704578, 57.9855019 ], [ 102.7042884, 57.9858148 ], [ 102.7040577, 57.986065 ], [ 102.7038431, 57.9863636 ], [ 102.7036983, 57.9865769 ], [ 102.7035642, 57.9867077 ], [ 102.7033925, 57.9867873 ], [ 102.7032745, 57.9868271 ], [ 102.7032477, 57.9869039 ], [ 102.7033358, 57.9870256 ], [ 102.7033496, 57.98714 ], [ 102.7033713, 57.9873012 ], [ 102.7033979, 57.9876632 ], [ 102.7034193, 57.9878935 ], [ 102.703412, 57.9880794 ], [ 102.7033764, 57.9883144 ], [ 102.7033013, 57.9885049 ], [ 102.703194, 57.9887637 ], [ 102.7030921, 57.9889741 ], [ 102.7028614, 57.9893381 ], [ 102.7025771, 57.9897589 ], [ 102.7023357, 57.9901229 ], [ 102.7021211, 57.9904442 ], [ 102.7018207, 57.9908196 ], [ 102.7016705, 57.9910072 ], [ 102.7015268, 57.991196 ], [ 102.7013969, 57.991374 ], [ 102.7013477, 57.9915256 ], [ 102.7013648, 57.9916697 ], [ 102.7014206, 57.9918379 ], [ 102.7014452, 57.9921332 ], [ 102.7014452, 57.9923663 ], [ 102.7014238, 57.9926023 ], [ 102.7014356, 57.9928408 ], [ 102.7014238, 57.9930573 ], [ 102.7014184, 57.9932591 ], [ 102.7013808, 57.9935236 ], [ 102.7012575, 57.9939444 ], [ 102.7011126, 57.9942941 ], [ 102.7010214, 57.994476 ], [ 102.7009034, 57.9947319 ], [ 102.7008176, 57.9949053 ], [ 102.7007478, 57.9951669 ], [ 102.7006566, 57.9955592 ], [ 102.700603, 57.9958151 ], [ 102.7005923, 57.9960568 ], [ 102.7006245, 57.9963098 ], [ 102.7006856, 57.9965796 ], [ 102.7006942, 57.9967533 ], [ 102.7006888, 57.9969779 ], [ 102.7006406, 57.9973816 ], [ 102.700662, 57.9975749 ], [ 102.7007854, 57.9979985 ], [ 102.7007425, 57.9982288 ], [ 102.700603, 57.9984505 ], [ 102.7000773, 57.9989452 ], [ 102.6999003, 57.9991513 ], [ 102.6998574, 57.9992621 ], [ 102.6998734, 57.9993815 ], [ 102.7000532, 57.9998847 ], [ 102.7001899, 58.000223 ], [ 102.7004904, 58.0009095 ], [ 102.700526418570092, 58.000975491236474 ], [ 102.701194724409547, 58.000908373010169 ], [ 102.7011234, 58.0007929 ], [ 102.7009624, 58.0004177 ], [ 102.7008605, 58.0000254 ], [ 102.7008337, 57.9997411 ], [ 102.7010643, 57.9994682 ], [ 102.7013981, 57.9992919 ], [ 102.7018107, 57.9991672 ], [ 102.7019585, 57.9990663 ], [ 102.7022834, 57.9988731 ], [ 102.7025834, 57.9986698 ], [ 102.7027605, 57.9984508 ], [ 102.7029245, 57.9981374 ], [ 102.703352, 57.9961268 ], [ 102.7034243, 57.9957845 ], [ 102.703565, 57.9954285 ], [ 102.7041143, 57.9945155 ], [ 102.7046745, 57.9935999 ], [ 102.7053563, 57.9923923 ], [ 102.7061663, 57.990669 ], [ 102.7065159, 57.9888078 ], [ 102.7069874, 57.984518 ], [ 102.7070084, 57.9843268 ], [ 102.7075201, 57.9807826 ], [ 102.7083524, 57.9790759 ], [ 102.70835240000001, 57.9790759 ] ] ] } },
{ "type": "Feature", "properties": { "area": 69959 }, "geometry": { "type": "Polygon", "coordinates": [ [ [ 102.736658888409366, 57.960325076436192 ], [ 102.743036525947261, 57.959336941519069 ], [ 102.742249845452093, 57.957786747303871 ], [ 102.7398232, 57.9581847 ], [ 102.7396766, 57.9582081 ], [ 102.7392441, 57.9582779 ], [ 102.7390558, 57.9583076 ], [ 102.7386485, 57.9583707 ], [ 102.7381194, 57.9584523 ], [ 102.735811975683532, 57.958791456791303 ], [ 102.736658888409366, 57.960325076436192 ] ] ] } },
{ "type": "Feature", "properties": { "area": 269207 }, "geometry": { "type": "Polygon", "coordinates": [ [ [ 102.743036525947261, 57.959336941519069 ], [ 102.736658888409366, 57.960325076436192 ], [ 102.735530989928264, 57.96452084871526 ], [ 102.744454586922785, 57.964509543004539 ], [ 102.744864494598701, 57.959061858068182 ], [ 102.743036525947261, 57.959336941519084 ], [ 102.743036525947261, 57.959336941519069 ] ] ] } },
{ "type": "Feature", "properties": { "area": 167955 }, "geometry": { "type": "Polygon", "coordinates": [ [ [ 102.74364645592108, 57.967423472228766 ], [ 102.744457053347105, 57.966778553745755 ], [ 102.744454586922785, 57.964509543004539 ], [ 102.735530989928264, 57.96452084871526 ], [ 102.734819865385504, 57.967166225664968 ], [ 102.739535309036469, 57.967191236612578 ], [ 102.739912544528565, 57.967353807346619 ], [ 102.74364645592108, 57.967423472228766 ] ] ] } },
{ "type": "Feature", "properties": { "area": 227966 }, "geometry": { "type": "Polygon", "coordinates": [ [ [ 102.724434784242902, 57.960560648732226 ], [ 102.727697099999986, 57.967438099999988 ], [ 102.727697099999972, 57.9674381 ], [ 102.7276971, 57.9674381 ], [ 102.7283925, 57.967448 ], [ 102.7286369, 57.9674515 ], [ 102.7297482, 57.9674965 ], [ 102.7299874, 57.967469 ], [ 102.7301728, 57.9674477 ], [ 102.7304776, 57.967359 ], [ 102.7307887, 57.9673583 ], [ 102.7311001, 57.9673576 ], [ 102.7315357, 57.9673093 ], [ 102.7314263, 57.966339 ], [ 102.7313299, 57.9658859 ], [ 102.7311536, 57.9651944 ], [ 102.7310584, 57.9647083 ], [ 102.7308513, 57.963651 ], [ 102.7307953, 57.963365 ], [ 102.7306823, 57.9628475 ], [ 102.7306381, 57.9626967 ], [ 102.7305873, 57.9625231 ], [ 102.7305491, 57.9623927 ], [ 102.7305259, 57.9623136 ], [ 102.7303021, 57.9619392 ], [ 102.7302372, 57.9618202 ], [ 102.7301555, 57.9616704 ], [ 102.7300787, 57.9615296 ], [ 102.7299721, 57.961334 ], [ 102.7297675, 57.9609588 ], [ 102.7297089, 57.9608514 ], [ 102.7294086, 57.9603471 ], [ 102.7291558, 57.9599893 ], [ 102.7290123, 57.9598114 ], [ 102.7286603, 57.9598908 ], [ 102.7263971, 57.9602318 ], [ 102.724434784242902, 57.960560648732226 ] ] ] } },
{ "type": "Feature", "properties": { "area": 279993 }, "geometry": { "type": "Polygon", "coordinates": [ [ [ 102.7188711, 57.9636552 ], [ 102.7188711, 57.9637662 ], [ 102.7189032, 57.9638601 ], [ 102.7199239, 57.9655255 ], [ 102.7205609, 57.9664416 ], [ 102.7206925, 57.9665672 ], [ 102.7210228, 57.9669477 ], [ 102.7214406, 57.9675537 ], [ 102.7224153, 57.9674552 ], [ 102.72275, 57.9674232 ], [ 102.7231693, 57.9673831 ], [ 102.7271793, 57.9674308 ], [ 102.727697099999972, 57.9674381 ], [ 102.727697099999986, 57.967438099999988 ], [ 102.724434784242902, 57.960560648732226 ], [ 102.7233562, 57.9607414 ], [ 102.7211425, 57.9610465 ], [ 102.7200001, 57.9612039 ], [ 102.7193819, 57.961289 ], [ 102.7183139, 57.961436 ], [ 102.7188746, 57.9633068 ], [ 102.7189193, 57.963456 ], [ 102.7188818, 57.9635442 ], [ 102.7188711, 57.9636552 ] ], [ [ 102.7195877, 57.9629231 ], [ 102.7195716, 57.962869 ], [ 102.7197325, 57.9627808 ], [ 102.719813, 57.9626642 ], [ 102.7199793, 57.9625788 ], [ 102.7206445, 57.9623198 ], [ 102.721079, 57.9622088 ], [ 102.7211863, 57.9622031 ], [ 102.721492, 57.9622658 ], [ 102.7216637, 57.9623454 ], [ 102.7217442, 57.9625788 ], [ 102.7216476, 57.9626129 ], [ 102.721197, 57.9627125 ], [ 102.720505, 57.9629373 ], [ 102.7201976, 57.9628922 ], [ 102.7196467, 57.9629743 ], [ 102.7195877, 57.9629231 ] ] ] } },
{ "type": "Feature", "properties": { "area": 378394 }, "geometry": { "type": "Polygon", "coordinates": [ [ [ 102.725841917132612, 57.923060792016145 ], [ 102.7252048, 57.9224736 ], [ 102.7247658, 57.9224988 ], [ 102.7239888, 57.9224736 ], [ 102.7230635, 57.9224358 ], [ 102.7221264, 57.922335 ], [ 102.7215807, 57.9222247 ], [ 102.7211655, 57.9220515 ], [ 102.7208274, 57.9218215 ], [ 102.7205309, 57.9216262 ], [ 102.7201453, 57.9214813 ], [ 102.7197064, 57.9213805 ], [ 102.7193268, 57.9212451 ], [ 102.7190243, 57.9210939 ], [ 102.718621, 57.9209395 ], [ 102.718188, 57.920845 ], [ 102.7177846, 57.920782 ], [ 102.7173161, 57.9207411 ], [ 102.717061, 57.920782 ], [ 102.716806, 57.9208545 ], [ 102.716545, 57.9210277 ], [ 102.7163493, 57.921223 ], [ 102.7161535, 57.9214215 ], [ 102.7159578, 57.921475 ], [ 102.7158629, 57.9214719 ], [ 102.715685, 57.9214309 ], [ 102.7155189, 57.9213522 ], [ 102.7154536, 57.9211569 ], [ 102.7153587, 57.9207946 ], [ 102.7152994, 57.9206844 ], [ 102.7151689, 57.9205804 ], [ 102.7150088, 57.9205237 ], [ 102.7147537, 57.9204324 ], [ 102.7145995, 57.9203158 ], [ 102.7145224, 57.9201489 ], [ 102.7143979, 57.9200559 ], [ 102.7141962, 57.9199945 ], [ 102.7140196, 57.9199564 ], [ 102.7138818, 57.9199268 ], [ 102.7136742, 57.9199016 ], [ 102.713674199999986, 57.9199016 ], [ 102.709981265954326, 57.922224658057409 ], [ 102.711608094013926, 57.92330772137565 ], [ 102.711820288978245, 57.924159123941109 ], [ 102.711466630704422, 57.927364223136642 ], [ 102.711725980105228, 57.927564532337001 ], [ 102.7132971, 57.9274712 ], [ 102.71329710000002, 57.9274712 ], [ 102.7138948, 57.9272263 ], [ 102.7148155, 57.9270136 ], [ 102.7154765, 57.9267749 ], [ 102.7156562, 57.92671 ], [ 102.7168595, 57.9259271 ], [ 102.7180228, 57.9252291 ], [ 102.718685, 57.9249123 ], [ 102.7191373, 57.9247448 ], [ 102.7196194, 57.9246057 ], [ 102.7202562, 57.9244667 ], [ 102.7204778, 57.9244237 ], [ 102.7227499, 57.9239831 ], [ 102.723833, 57.9237145 ], [ 102.7247674, 57.92343 ], [ 102.725841917132612, 57.923060792016145 ] ] ] } },
{ "type": "Feature", "properties": { "area": 187543 }, "geometry": { "type": "Polygon", "coordinates": [ [ [ 102.709981265954326, 57.922224658057409 ], [ 102.703226392924378, 57.922537685494028 ], [ 102.703179238487849, 57.923470491073907 ], [ 102.703638994243846, 57.923745945805535 ], [ 102.7041128, 57.9236789 ], [ 102.7052007, 57.9235227 ], [ 102.7059303, 57.9236024 ], [ 102.7066813, 57.925004 ], [ 102.7085052, 57.9278981 ], [ 102.711725980105228, 57.927564532337001 ], [ 102.711466630704422, 57.927364223136642 ], [ 102.711820288978245, 57.924159123941109 ], [ 102.711608094013926, 57.92330772137565 ], [ 102.709981265954326, 57.922224658057409 ] ] ] } },
{ "type": "Feature", "properties": { "area": 22873 }, "geometry": { "type": "Polygon", "coordinates": [ [ [ 102.7002785, 57.9227855 ], [ 102.703226392924378, 57.922537685494028 ], [ 102.701587776255664, 57.9214232953858 ], [ 102.7007693, 57.9203646 ], [ 102.7005373, 57.9204261 ], [ 102.7002597, 57.9205135 ], [ 102.700054, 57.9205851 ], [ 102.6999807, 57.9206246 ], [ 102.6999156, 57.9206897 ], [ 102.6998962, 57.9207448 ], [ 102.6999298, 57.9208497 ], [ 102.6999646, 57.9209707 ], [ 102.6999968, 57.9210868 ], [ 102.7000169, 57.9211331 ], [ 102.7000277, 57.9211645 ], [ 102.7003375, 57.9211538 ], [ 102.7003965, 57.9211602 ], [ 102.7004555, 57.9211702 ], [ 102.7005574, 57.9212158 ], [ 102.7006057, 57.9212813 ], [ 102.7006271, 57.9213682 ], [ 102.7006534, 57.9214701 ], [ 102.700654, 57.9215847 ], [ 102.7006513, 57.9216716 ], [ 102.7006352, 57.9217286 ], [ 102.7005681, 57.9217941 ], [ 102.7005279, 57.9218724 ], [ 102.7004957, 57.9221103 ], [ 102.7005252, 57.9221588 ], [ 102.7005279, 57.92223 ], [ 102.7004877, 57.9222984 ], [ 102.7004287, 57.9223909 ], [ 102.7004018, 57.922475 ], [ 102.7003455, 57.9226131 ], [ 102.7003096, 57.9227272 ], [ 102.7002785, 57.9227855 ] ] ] } },
{ "type": "Feature", "properties": { "area": 337713 }, "geometry": { "type": "Polygon", "coordinates": [ [ [ 102.771712317649701, 57.965262216052778 ], [ 102.76877695397701, 57.968147892259232 ], [ 102.77129650211954, 57.971909976483644 ], [ 102.784053899999989, 57.9699659 ], [ 102.7831849, 57.9695556 ], [ 102.779312721157552, 57.967780180564006 ], [ 102.778007434923708, 57.967963441033021 ], [ 102.773904998947387, 57.966137635329751 ], [ 102.773339145709258, 57.966050094364 ], [ 102.771712317649701, 57.965262216052778 ] ] ] } },
{ "type": "Feature", "properties": { "area": 311841 }, "geometry": { "type": "Polygon", "coordinates": [ [ [ 102.761721545531998, 57.973369086570848 ], [ 102.758921676746453, 57.966422141992062 ], [ 102.754536314151082, 57.966021956151017 ], [ 102.752756948359661, 57.966045260214941 ], [ 102.7529198, 57.9668947 ], [ 102.7531079, 57.9676823 ], [ 102.7534659, 57.9686289 ], [ 102.753866, 57.9695827 ], [ 102.754274, 57.97056 ], [ 102.7547038, 57.9713548 ], [ 102.7554478, 57.9728598 ], [ 102.7563339, 57.9741901 ], [ 102.7563339, 57.9741901 ], [ 102.761721545531998, 57.973369086570848 ] ] ] } },
{ "type": "Feature", "properties": { "area": 7855121 }, "geometry": { "type": "Polygon", "coordinates": [ [ [ 102.794649803129772, 58.012005007532871 ], [ 102.794963599999988, 58.0120117 ], [ 102.8355879, 58.0082324 ], [ 102.8355879, 58.0082324 ], [ 102.8350824, 58.0069156 ], [ 102.8345418, 58.0055542 ], [ 102.8339029, 58.0039881 ], [ 102.8334114, 58.0026712 ], [ 102.8327515, 58.0010901 ], [ 102.832239, 57.9998475 ], [ 102.8319792, 57.9990104 ], [ 102.831923, 57.9982327 ], [ 102.8317896, 57.9975147 ], [ 102.8315088, 57.996644 ], [ 102.8307997, 57.9947091 ], [ 102.8300274, 57.9925062 ], [ 102.8291709, 57.990333 ], [ 102.8288616, 57.989409 ], [ 102.8287075, 57.9889486 ], [ 102.8279773, 57.9870766 ], [ 102.8272191, 57.9851747 ], [ 102.8267628, 57.9838161 ], [ 102.8262924, 57.9825618 ], [ 102.8259694, 57.9817764 ], [ 102.8257728, 57.9813892 ], [ 102.8254428, 57.9809463 ], [ 102.824811, 57.9803432 ], [ 102.8231049, 57.9790292 ], [ 102.8213006, 57.9776443 ], [ 102.8188082, 57.9757941 ], [ 102.8176217, 57.9748335 ], [ 102.817621699999975, 57.974833499999981 ], [ 102.813738709188826, 57.976025262071126 ], [ 102.808583297548722, 57.971767271531995 ], [ 102.7879373, 57.974175 ], [ 102.7881453, 57.9748284 ], [ 102.7888517, 57.9765766 ], [ 102.7893587, 57.9774232 ], [ 102.7900473, 57.9782084 ], [ 102.7947844, 57.982641 ], [ 102.796127, 57.9838398 ], [ 102.8007081, 57.9879298 ], [ 102.8017684, 57.9888934 ], [ 102.8022719, 57.9894231 ], [ 102.8026151, 57.9899649 ], [ 102.8027697, 57.9904402 ], [ 102.8027982, 57.9909636 ], [ 102.8027163, 57.9913621 ], [ 102.802518, 57.9918351 ], [ 102.8020212, 57.9925024 ], [ 102.801125, 57.9934229 ], [ 102.8006428, 57.9939843 ], [ 102.8002868, 57.9945618 ], [ 102.8001415, 57.9951914 ], [ 102.8001466, 57.9957224 ], [ 102.8002441, 57.9962483 ], [ 102.8005947, 57.9967601 ], [ 102.8010264, 57.9972802 ], [ 102.801904, 57.9981067 ], [ 102.8026049, 57.9988017 ], [ 102.8028783, 57.9994173 ], [ 102.8029096, 58.0000629 ], [ 102.8026927, 58.0005837 ], [ 102.802107, 58.0012278 ], [ 102.8015217, 58.0016419 ], [ 102.8006986, 58.0020254 ], [ 102.7996126, 58.0023078 ], [ 102.798386, 58.0024884 ], [ 102.7945707, 58.0029605 ], [ 102.7936931, 58.0032034 ], [ 102.7930175, 58.003507 ], [ 102.7924713, 58.003843 ], [ 102.7920093, 58.004226 ], [ 102.7917204, 58.004605 ], [ 102.7915245, 58.0050325 ], [ 102.7914562, 58.0055275 ], [ 102.7916318, 58.0061509 ], [ 102.7919683, 58.0068332 ], [ 102.794649803129772, 58.012005007532871 ] ] ] } },
{ "type": "Feature", "properties": { "area": 132612 }, "geometry": { "type": "Polygon", "coordinates": [ [ [ 102.808583297548722, 57.971767271531995 ], [ 102.813738709188826, 57.976025262071126 ], [ 102.817621699999975, 57.974833499999981 ], [ 102.8171182, 57.9744516 ], [ 102.8154881, 57.9732659 ], [ 102.813584, 57.9718277 ], [ 102.8129854, 57.9712539 ], [ 102.8129854, 57.9712539 ], [ 102.808583297548722, 57.971767271531995 ] ] ] } },
{ "type": "Feature", "properties": { "area": 18186 }, "geometry": { "type": "Polygon", "coordinates": [ [ [ 102.711177750093157, 57.979323805863011 ], [ 102.713370491078081, 57.977488011561874 ], [ 102.712409922143422, 57.97695478581894 ], [ 102.7103063, 57.9789002 ], [ 102.711177750093157, 57.979323805863011 ] ] ] } },
{ "type": "Feature", "properties": { "area": 79167 }, "geometry": { "type": "Polygon", "coordinates": [ [ [ 102.714242848153489, 57.962782787595643 ], [ 102.718567020733957, 57.962280548366493 ], [ 102.7183139, 57.961436 ], [ 102.7180728, 57.9614692 ], [ 102.7166214, 57.9616689 ], [ 102.7161318, 57.9616452 ], [ 102.7154365, 57.9614426 ], [ 102.7151049, 57.9612754 ], [ 102.7148327, 57.9610766 ], [ 102.7146185, 57.9608058 ], [ 102.7143642, 57.9601102 ], [ 102.7138446, 57.9589257 ], [ 102.713699, 57.9587998 ], [ 102.7134518, 57.9587083 ], [ 102.7130692, 57.9586451 ], [ 102.7130692, 57.9586451 ], [ 102.7119753, 57.9591228 ], [ 102.7120668, 57.9592463 ], [ 102.7121258, 57.9594171 ], [ 102.7121258, 57.9596163 ], [ 102.7121245, 57.959824 ], [ 102.7121526, 57.960103 ], [ 102.7121964, 57.9603411 ], [ 102.7122545, 57.9605583 ], [ 102.7122921, 57.960786 ], [ 102.7123296, 57.9609226 ], [ 102.7123189, 57.9610193 ], [ 102.7122277, 57.9611588 ], [ 102.7122223, 57.9613096 ], [ 102.7122706, 57.9614519 ], [ 102.7122545, 57.9615714 ], [ 102.7121856, 57.9617102 ], [ 102.7120936, 57.9618161 ], [ 102.7120346, 57.9619186 ], [ 102.7120775, 57.9619869 ], [ 102.7122062, 57.9620239 ], [ 102.7124584, 57.9620552 ], [ 102.7126676, 57.9621007 ], [ 102.7127399, 57.9621255 ], [ 102.7128603, 57.9621667 ], [ 102.712803033582034, 57.962195720260475 ], [ 102.714242848153489, 57.962782787595643 ] ] ] } },
{ "type": "Feature", "properties": { "area": 225647 }, "geometry": { "type": "Polygon", "coordinates": [ [ [ 102.738539197126741, 57.936691670352047 ], [ 102.7379936, 57.9357214 ], [ 102.7369915, 57.9338222 ], [ 102.7362659, 57.9324468 ], [ 102.7321631, 57.9330821 ], [ 102.7316122, 57.9331685 ], [ 102.7295163, 57.9334972 ], [ 102.729385, 57.9335159 ], [ 102.7290084, 57.9335697 ], [ 102.7288398, 57.9335965 ], [ 102.7289391, 57.9337868 ], [ 102.728977, 57.9338595 ], [ 102.7292456, 57.9343745 ], [ 102.7294025, 57.9346753 ], [ 102.7300507, 57.9358793 ], [ 102.731134360443406, 57.93786495559123 ], [ 102.731313750800723, 57.937836531458835 ], [ 102.738539197126741, 57.936691670352047 ] ] ] } },
{ "type": "Feature", "properties": { "area": 366245 }, "geometry": { "type": "Polygon", "coordinates": [ [ [ 102.7225145, 57.9354808 ], [ 102.7229256, 57.9352602 ], [ 102.724272, 57.9345393 ], [ 102.7245291, 57.9344372 ], [ 102.7249654, 57.9342883 ], [ 102.7254618, 57.9341565 ], [ 102.7259725, 57.9340377 ], [ 102.7263361, 57.9339721 ], [ 102.7279508, 57.9337294 ], [ 102.7284733, 57.9336509 ], [ 102.7288398, 57.9335965 ], [ 102.7287882, 57.9335019 ], [ 102.7286887, 57.9333174 ], [ 102.7283236, 57.9327012 ], [ 102.7281718, 57.9324405 ], [ 102.7280351, 57.9322367 ], [ 102.7278574, 57.9320424 ], [ 102.727688, 57.9318964 ], [ 102.7274844, 57.9317426 ], [ 102.7271308, 57.9315372 ], [ 102.7269687, 57.9314543 ], [ 102.7267944, 57.9313654 ], [ 102.7267203, 57.9313292 ], [ 102.7258784, 57.9309384 ], [ 102.7255315, 57.9307499 ], [ 102.7252659, 57.9305677 ], [ 102.724991, 57.9303109 ], [ 102.7248398, 57.9301121 ], [ 102.7246538, 57.9298272 ], [ 102.7246024, 57.9297282 ], [ 102.724218, 57.928988 ], [ 102.722921, 57.9291763 ], [ 102.7207664, 57.9294924 ], [ 102.7204396, 57.9295404 ], [ 102.7197916, 57.9296445 ], [ 102.719171, 57.9297658 ], [ 102.7189331, 57.9298339 ], [ 102.7186614, 57.9299118 ], [ 102.7184258, 57.9299855 ], [ 102.718279, 57.9300354 ], [ 102.7180645, 57.9301296 ], [ 102.7178484, 57.9302594 ], [ 102.7176647, 57.9303696 ], [ 102.7175535, 57.9304364 ], [ 102.7173964, 57.9305293 ], [ 102.7170619, 57.930727 ], [ 102.7165609, 57.9309778 ], [ 102.7164878, 57.9310144 ], [ 102.7159621, 57.931182 ], [ 102.7158478, 57.9312185 ], [ 102.7155365, 57.9313078 ], [ 102.7153493, 57.9313615 ], [ 102.7144703, 57.9315198 ], [ 102.7141673, 57.9315828 ], [ 102.7144278, 57.931838 ], [ 102.7145489, 57.9320222 ], [ 102.7146384, 57.9322123 ], [ 102.7146924, 57.932443 ], [ 102.7147552, 57.9326674 ], [ 102.7148365, 57.9328165 ], [ 102.7149423, 57.9329523 ], [ 102.7151592, 57.9331316 ], [ 102.7155426, 57.9333715 ], [ 102.7159523, 57.9335961 ], [ 102.7160921, 57.9336648 ], [ 102.7164884, 57.9338275 ], [ 102.7175137, 57.9341684 ], [ 102.7180443, 57.9343096 ], [ 102.7189541, 57.9345396 ], [ 102.7191333, 57.9345833 ], [ 102.7204228, 57.934898 ], [ 102.7209035, 57.9350224 ], [ 102.7213873, 57.9351476 ], [ 102.7222989, 57.9353998 ], [ 102.7225145, 57.9354808 ] ] ] } },
{ "type": "Feature", "properties": { "area": 293893 }, "geometry": { "type": "Polygon", "coordinates": [ [ [ 102.7246538, 57.9298272 ], [ 102.7248398, 57.9301121 ], [ 102.724991, 57.9303109 ], [ 102.7252659, 57.9305677 ], [ 102.7255315, 57.9307499 ], [ 102.7258784, 57.9309384 ], [ 102.7267203, 57.9313292 ], [ 102.7267944, 57.9313654 ], [ 102.7269687, 57.9314543 ], [ 102.7271308, 57.9315372 ], [ 102.7274844, 57.9317426 ], [ 102.727688, 57.9318964 ], [ 102.7278574, 57.9320424 ], [ 102.7280351, 57.9322367 ], [ 102.7281718, 57.9324405 ], [ 102.7283236, 57.9327012 ], [ 102.7286887, 57.9333174 ], [ 102.7287882, 57.9335019 ], [ 102.7288398, 57.9335965 ], [ 102.7290084, 57.9335697 ], [ 102.729385, 57.9335159 ], [ 102.7295163, 57.9334972 ], [ 102.7316122, 57.9331685 ], [ 102.7321631, 57.9330821 ], [ 102.7362659, 57.9324468 ], [ 102.7362138, 57.9323517 ], [ 102.7355264, 57.9311233 ], [ 102.735305, 57.9307145 ], [ 102.7351414, 57.9304124 ], [ 102.734147, 57.9285704 ], [ 102.7337054, 57.9277357 ], [ 102.7336442, 57.92765 ], [ 102.7335633, 57.9276024 ], [ 102.733465, 57.9275767 ], [ 102.7333393, 57.9275777 ], [ 102.7311857, 57.9279156 ], [ 102.7303088, 57.9280566 ], [ 102.7293615, 57.9282041 ], [ 102.7277112, 57.9284542 ], [ 102.7243922, 57.9289617 ], [ 102.724218, 57.928988 ], [ 102.7246024, 57.9297282 ], [ 102.7246538, 57.9298272 ] ] ] } },
{ "type": "Feature", "properties": { "area": 165573 }, "geometry": { "type": "Polygon", "coordinates": [ [ [ 102.731134360443406, 57.93786495559123 ], [ 102.7317794, 57.9390469 ], [ 102.7323426, 57.9401131 ], [ 102.7325549, 57.9404954 ], [ 102.7326422, 57.9406525 ], [ 102.7328213, 57.940975 ], [ 102.732991, 57.9409481 ], [ 102.733523, 57.9408637 ], [ 102.7338899, 57.9408055 ], [ 102.7352143, 57.9405954 ], [ 102.7356029, 57.9405338 ], [ 102.7365055, 57.9403906 ], [ 102.7383022, 57.9401056 ], [ 102.7397412, 57.9398774 ], [ 102.740284, 57.9397913 ], [ 102.7394213, 57.9382735 ], [ 102.7387516, 57.9370694 ], [ 102.738539197126741, 57.936691670352047 ], [ 102.731313750800723, 57.937836531458835 ], [ 102.731134360443406, 57.93786495559123 ] ] ] } },
{ "type": "Feature", "properties": { "area": 60142 }, "geometry": { "type": "Polygon", "coordinates": [ [ [ 102.7356029, 57.9405338 ], [ 102.7352143, 57.9405954 ], [ 102.7338899, 57.9408055 ], [ 102.733523, 57.9408637 ], [ 102.732991, 57.9409481 ], [ 102.7328213, 57.940975 ], [ 102.7333982, 57.9420061 ], [ 102.7340223, 57.9431861 ], [ 102.7343516, 57.9437862 ], [ 102.7344488, 57.9439634 ], [ 102.7346237, 57.9439362 ], [ 102.7372894, 57.9435207 ], [ 102.73728939999998, 57.9435207 ], [ 102.7356029, 57.9405338 ] ] ] } },
{ "type": "Feature", "properties": { "area": 219724 }, "geometry": { "type": "Polygon", "coordinates": [ [ [ 102.7415885, 57.9428505 ], [ 102.7372894, 57.9435207 ], [ 102.7346237, 57.9439362 ], [ 102.7344488, 57.9439634 ], [ 102.7345005, 57.9440576 ], [ 102.7346265, 57.9442871 ], [ 102.7355755, 57.9460166 ], [ 102.7360909, 57.9469519 ], [ 102.7362072, 57.9471629 ], [ 102.7363813, 57.9471397 ], [ 102.7367035, 57.9470968 ], [ 102.7371915, 57.9470318 ], [ 102.7376007, 57.9470092 ], [ 102.7380029, 57.9470404 ], [ 102.7381499, 57.9470621 ], [ 102.7386452, 57.9471352 ], [ 102.7399167, 57.9473621 ], [ 102.7408123, 57.9475219 ], [ 102.7422464, 57.9477615 ], [ 102.7429648, 57.9478631 ], [ 102.7435849, 57.947919 ], [ 102.7439558, 57.9479412 ], [ 102.7443731, 57.9479537 ], [ 102.7447548, 57.9479465 ], [ 102.7446533, 57.9477562 ], [ 102.743677, 57.9459251 ], [ 102.7432243, 57.9450909 ], [ 102.7427764, 57.9442656 ], [ 102.7419745, 57.9428602 ], [ 102.7415885, 57.9428505 ] ] ] } },
{ "type": "Feature", "properties": { "area": 334435 }, "geometry": { "type": "Polygon", "coordinates": [ [ [ 102.7439558, 57.9479412 ], [ 102.7435849, 57.947919 ], [ 102.7429648, 57.9478631 ], [ 102.7422464, 57.9477615 ], [ 102.7408123, 57.9475219 ], [ 102.7399167, 57.9473621 ], [ 102.7386452, 57.9471352 ], [ 102.7381499, 57.9470621 ], [ 102.7380029, 57.9470404 ], [ 102.7376007, 57.9470092 ], [ 102.7371915, 57.9470318 ], [ 102.7367035, 57.9470968 ], [ 102.7363813, 57.9471397 ], [ 102.7364346, 57.9473099 ], [ 102.7365164, 57.947675 ], [ 102.7365341, 57.9484883 ], [ 102.7365258, 57.9493503 ], [ 102.7365258, 57.9496705 ], [ 102.7365262, 57.9507446 ], [ 102.7364904, 57.9519936 ], [ 102.7364988, 57.9521918 ], [ 102.7365231, 57.9525022 ], [ 102.7365714, 57.9529565 ], [ 102.7365878, 57.953132 ], [ 102.7365931, 57.9531903 ], [ 102.736642, 57.953392 ], [ 102.7366754, 57.9534901 ], [ 102.7372253, 57.9534739 ], [ 102.737348, 57.9534702 ], [ 102.7378143, 57.9534567 ], [ 102.7381261, 57.9534308 ], [ 102.739781, 57.9531954 ], [ 102.7410961, 57.9529966 ], [ 102.7416489, 57.952913 ], [ 102.7427533, 57.9527417 ], [ 102.7437515, 57.9525869 ], [ 102.7451167, 57.9523737 ], [ 102.7460997, 57.952217 ], [ 102.7466506, 57.9521292 ], [ 102.7469735, 57.9520461 ], [ 102.7468196, 57.9517716 ], [ 102.7463168, 57.9508531 ], [ 102.74579, 57.9498717 ], [ 102.7454515, 57.9492535 ], [ 102.7450371, 57.9485038 ], [ 102.7448628, 57.9481596 ], [ 102.7447548, 57.9479465 ], [ 102.7443731, 57.9479537 ], [ 102.7439558, 57.9479412 ] ] ] } },
{ "type": "Feature", "properties": { "area": 285017 }, "geometry": { "type": "Polygon", "coordinates": [ [ [ 102.7346804, 57.947409 ], [ 102.7341472, 57.947514 ], [ 102.7340991, 57.9475288 ], [ 102.7330885, 57.9478207 ], [ 102.7328422, 57.9478972 ], [ 102.7322023, 57.9480959 ], [ 102.7316035, 57.9482819 ], [ 102.7313983, 57.9483456 ], [ 102.7307253, 57.9485546 ], [ 102.7302232, 57.948683 ], [ 102.7297319, 57.9487707 ], [ 102.7291021, 57.9488244 ], [ 102.7289763, 57.948817 ], [ 102.7286337, 57.948797 ], [ 102.7286747, 57.9488347 ], [ 102.7286245, 57.9489983 ], [ 102.7284072, 57.9497068 ], [ 102.7283252, 57.949974 ], [ 102.7281883, 57.9504202 ], [ 102.7281447, 57.95056 ], [ 102.7280055, 57.9510067 ], [ 102.727592, 57.9523932 ], [ 102.7275159, 57.9526485 ], [ 102.7274932, 57.9527187 ], [ 102.7274747, 57.9527921 ], [ 102.7279735, 57.9528323 ], [ 102.7285456, 57.9528764 ], [ 102.7355069, 57.9534128 ], [ 102.7360345, 57.9534534 ], [ 102.7365238, 57.9534866 ], [ 102.7366754, 57.9534901 ], [ 102.736642, 57.953392 ], [ 102.7365931, 57.9531903 ], [ 102.7365878, 57.953132 ], [ 102.7365714, 57.9529565 ], [ 102.7365231, 57.9525022 ], [ 102.7364988, 57.9521918 ], [ 102.7364904, 57.9519936 ], [ 102.7365262, 57.9507446 ], [ 102.7365258, 57.9496705 ], [ 102.7365258, 57.9493503 ], [ 102.7365341, 57.9484883 ], [ 102.7365164, 57.947675 ], [ 102.7364346, 57.9473099 ], [ 102.7363813, 57.9471397 ], [ 102.7362072, 57.9471629 ], [ 102.7358561, 57.9472196 ], [ 102.7352586, 57.947316 ], [ 102.7346804, 57.947409 ] ] ] } },
{ "type": "Feature", "properties": { "area": 243354 }, "geometry": { "type": "Polygon", "coordinates": [ [ [ 102.7287835, 57.9483259 ], [ 102.7207414, 57.9476945 ], [ 102.720618, 57.9485618 ], [ 102.7204839, 57.949505 ], [ 102.7181879, 57.9514521 ], [ 102.7173296, 57.9515318 ], [ 102.7199001, 57.9519123 ], [ 102.7220556, 57.9522313 ], [ 102.722755, 57.952288 ], [ 102.7230702, 57.9523132 ], [ 102.7231634, 57.9522884 ], [ 102.7233072, 57.9522897 ], [ 102.7256282, 57.9524937 ], [ 102.7257421, 57.9525227 ], [ 102.7258439, 57.9525569 ], [ 102.7261786, 57.9525883 ], [ 102.7273202, 57.9526984 ], [ 102.7275159, 57.9526485 ], [ 102.727592, 57.9523932 ], [ 102.7280055, 57.9510067 ], [ 102.7281447, 57.95056 ], [ 102.7281883, 57.9504202 ], [ 102.7283252, 57.949974 ], [ 102.7284072, 57.9497068 ], [ 102.7286245, 57.9489983 ], [ 102.7286747, 57.9488347 ], [ 102.7286337, 57.948797 ], [ 102.7286526, 57.9487375 ], [ 102.7287835, 57.9483259 ], [ 102.7287835, 57.9483259 ] ] ] } },
{ "type": "Feature", "properties": { "area": 580329 }, "geometry": { "type": "Polygon", "coordinates": [ [ [ 102.7271593, 57.9557199 ], [ 102.7270973, 57.9555103 ], [ 102.7270373, 57.9552572 ], [ 102.7270228, 57.9550005 ], [ 102.7270289, 57.9546517 ], [ 102.727063, 57.9543042 ], [ 102.7271363, 57.9539783 ], [ 102.7272128, 57.9537094 ], [ 102.7274747, 57.9527921 ], [ 102.7274932, 57.9527187 ], [ 102.7275159, 57.9526485 ], [ 102.7273202, 57.9526984 ], [ 102.7261786, 57.9525883 ], [ 102.7258439, 57.9525569 ], [ 102.7257421, 57.9525227 ], [ 102.7256282, 57.9524937 ], [ 102.7233072, 57.9522897 ], [ 102.7231634, 57.9522884 ], [ 102.7230702, 57.9523132 ], [ 102.722755, 57.952288 ], [ 102.7220556, 57.9522313 ], [ 102.7199001, 57.9519123 ], [ 102.7189484, 57.9530205 ], [ 102.7187803, 57.953298 ], [ 102.71751, 57.9540315 ], [ 102.716931, 57.9547055 ], [ 102.7166694, 57.9555182 ], [ 102.71652, 57.9560435 ], [ 102.7171738, 57.9578671 ], [ 102.7172298, 57.9594725 ], [ 102.7170617, 57.9596806 ], [ 102.7180728, 57.9614692 ], [ 102.7183139, 57.961436 ], [ 102.7193819, 57.961289 ], [ 102.7200001, 57.9612039 ], [ 102.7211425, 57.9610465 ], [ 102.7233562, 57.9607414 ], [ 102.7263971, 57.9602318 ], [ 102.7286603, 57.9598908 ], [ 102.7290123, 57.9598114 ], [ 102.7289875, 57.9597886 ], [ 102.7289711, 57.9597637 ], [ 102.7289636, 57.9597377 ], [ 102.7289653, 57.9597114 ], [ 102.728977, 57.9596844 ], [ 102.7289983, 57.9596592 ], [ 102.7290283, 57.9596366 ], [ 102.7290661, 57.9596176 ], [ 102.7291101, 57.9596028 ], [ 102.7291587, 57.9595928 ], [ 102.72921, 57.9595879 ], [ 102.7292982, 57.959566 ], [ 102.729212, 57.9594683 ], [ 102.7291117, 57.9593254 ], [ 102.7289085, 57.9589683 ], [ 102.7282672, 57.9578414 ], [ 102.7276887, 57.9567862 ], [ 102.7274949, 57.9564298 ], [ 102.7272686, 57.9559866 ], [ 102.7271593, 57.9557199 ] ] ] } },
{ "type": "Feature", "properties": { "area": 63703 }, "geometry": { "type": "Polygon", "coordinates": [ [ [ 102.708613787295306, 57.930256078813883 ], [ 102.71057069641067, 57.929949377890772 ], [ 102.709438989934455, 57.929598859341525 ], [ 102.709250372188421, 57.929504969863274 ], [ 102.708460535376886, 57.928027743082538 ], [ 102.7085052, 57.9278981 ], [ 102.7061184, 57.9282577 ], [ 102.7055176, 57.9276994 ], [ 102.7049525, 57.9277502 ], [ 102.7041229, 57.9278248 ], [ 102.7057002, 57.9303156 ], [ 102.7058065, 57.9302715 ], [ 102.7063483, 57.9302687 ], [ 102.708613787295306, 57.930256078813883 ] ] ] } },
{ "type": "Feature", "properties": { "area": 195640 }, "geometry": { "type": "Polygon", "coordinates": [ [ [ 102.7628556, 57.9553266 ], [ 102.7633005, 57.9553358 ], [ 102.7641921, 57.95535 ], [ 102.7646808, 57.9553458 ], [ 102.7654425, 57.9553393 ], [ 102.7673092, 57.9553219 ], [ 102.7675725, 57.955321 ], [ 102.768444, 57.9553135 ], [ 102.7694386, 57.9553246 ], [ 102.769512, 57.9553267 ], [ 102.7702293, 57.9553651 ], [ 102.7704665, 57.9546086 ], [ 102.7705255, 57.9545189 ], [ 102.7706221, 57.9543951 ], [ 102.7707615, 57.9542642 ], [ 102.770893, 57.9541105 ], [ 102.7709417, 57.9540187 ], [ 102.7709842, 57.9538557 ], [ 102.7709466, 57.9537461 ], [ 102.7708715, 57.9536735 ], [ 102.7707284, 57.9535226 ], [ 102.7704235, 57.9520342 ], [ 102.7701287, 57.9519533 ], [ 102.7682954, 57.9520233 ], [ 102.7662487, 57.9520981 ], [ 102.7649468, 57.9521144 ], [ 102.7643239, 57.9521218 ], [ 102.7634208, 57.9521333 ], [ 102.7623621, 57.9521448 ], [ 102.7616159, 57.9521959 ], [ 102.7614798, 57.9521914 ], [ 102.7615336, 57.9529467 ], [ 102.7615091, 57.9537048 ], [ 102.7615136, 57.954552 ], [ 102.7615155, 57.9549111 ], [ 102.7615031, 57.9553057 ], [ 102.76152, 57.9554517 ], [ 102.7621251, 57.9554471 ], [ 102.7628556, 57.9553266 ] ] ] } },
{ "type": "Feature", "properties": { "area": 347346 }, "geometry": { "type": "Polygon", "coordinates": [ [ [ 102.7366017, 57.9536861 ], [ 102.7366204, 57.953743 ], [ 102.7368327, 57.9542507 ], [ 102.7369718, 57.9545231 ], [ 102.7376042, 57.9557267 ], [ 102.7385884, 57.9574807 ], [ 102.7386688, 57.9576226 ], [ 102.7388517, 57.9579455 ], [ 102.7389687, 57.9581521 ], [ 102.7390558, 57.9583076 ], [ 102.7392441, 57.9582779 ], [ 102.7396766, 57.9582081 ], [ 102.7398232, 57.9581847 ], [ 102.7428215, 57.957693 ], [ 102.743191, 57.9576365 ], [ 102.7440809, 57.9574993 ], [ 102.7443681, 57.957455 ], [ 102.7458268, 57.9572257 ], [ 102.7487361, 57.9568446 ], [ 102.7489971, 57.9568183 ], [ 102.7492397, 57.9567895 ], [ 102.7499108, 57.9566829 ], [ 102.7500514, 57.9566572 ], [ 102.7501264, 57.9565939 ], [ 102.7501553, 57.9565217 ], [ 102.7501138, 57.9564438 ], [ 102.7500264, 57.9563943 ], [ 102.7498835, 57.9563696 ], [ 102.7494243, 57.956443 ], [ 102.7488015, 57.9553937 ], [ 102.7481799, 57.9541859 ], [ 102.7475806, 57.953146 ], [ 102.7470915, 57.9522599 ], [ 102.7469735, 57.9520461 ], [ 102.7466506, 57.9521292 ], [ 102.7460997, 57.952217 ], [ 102.7451167, 57.9523737 ], [ 102.7437515, 57.9525869 ], [ 102.7427533, 57.9527417 ], [ 102.7416489, 57.952913 ], [ 102.7410961, 57.9529966 ], [ 102.739781, 57.9531954 ], [ 102.7381261, 57.9534308 ], [ 102.7378143, 57.9534567 ], [ 102.737348, 57.9534702 ], [ 102.7372253, 57.9534739 ], [ 102.7366754, 57.9534901 ], [ 102.7365238, 57.9534866 ], [ 102.7366017, 57.9536861 ] ] ] } },
{ "type": "Feature", "properties": { "area": 74828 }, "geometry": { "type": "Polygon", "coordinates": [ [ [ 102.755697070930466, 57.953588644349615 ], [ 102.76151249451577, 57.953599763983384 ], [ 102.7615336, 57.9529467 ], [ 102.7614798, 57.9521914 ], [ 102.760456, 57.9519902 ], [ 102.7599966, 57.9519065 ], [ 102.7593934, 57.9517906 ], [ 102.7589275, 57.9517011 ], [ 102.7583552, 57.9515911 ], [ 102.7579228, 57.9514978 ], [ 102.7573305, 57.9513895 ], [ 102.7568179, 57.9512957 ], [ 102.7557813, 57.9511119 ], [ 102.755719611098783, 57.95110094522979 ], [ 102.755697070930466, 57.953588644349608 ], [ 102.755697070930466, 57.953588644349615 ] ] ] } },
{ "type": "Feature", "properties": { "area": 56094 }, "geometry": { "type": "Polygon", "coordinates": [ [ [ 102.7514292, 57.9564438 ], [ 102.751285, 57.9561725 ], [ 102.751285, 57.956172499999987 ], [ 102.74851691707579, 57.951819613027794 ], [ 102.748516917075776, 57.951819613027794 ], [ 102.7482424, 57.9518611 ], [ 102.7481439, 57.951876 ], [ 102.7469735, 57.9520461 ], [ 102.7470915, 57.9522599 ], [ 102.7475806, 57.953146 ], [ 102.7481799, 57.9541859 ], [ 102.7488015, 57.9553937 ], [ 102.7494243, 57.956443 ], [ 102.7498835, 57.9563696 ], [ 102.7500264, 57.9563943 ], [ 102.7501138, 57.9564438 ], [ 102.7501553, 57.9565217 ], [ 102.7501264, 57.9565939 ], [ 102.7500514, 57.9566572 ], [ 102.7506988, 57.9565601 ], [ 102.750796, 57.9565469 ], [ 102.7514292, 57.9564438 ], [ 102.751429200000018, 57.9564438 ], [ 102.7514292, 57.9564438 ] ], [ [ 102.7506394, 57.9562655 ], [ 102.751285, 57.9561725 ], [ 102.751285, 57.9561725 ], [ 102.7506394, 57.9562655 ] ] ] } },
{ "type": "Feature", "properties": { "area": 188114 }, "geometry": { "type": "Polygon", "coordinates": [ [ [ 102.751285, 57.9561725 ], [ 102.7514292, 57.9564438 ], [ 102.751429200000018, 57.9564438 ], [ 102.756093, 57.9556697 ], [ 102.755679035236696, 57.955579196455709 ], [ 102.755719611098783, 57.95110094522979 ], [ 102.7555217, 57.9510658 ], [ 102.7547367, 57.9510315 ], [ 102.7543406, 57.9510142 ], [ 102.7534414, 57.9510684 ], [ 102.7531953, 57.9511065 ], [ 102.7530207, 57.9511335 ], [ 102.7516052, 57.9513526 ], [ 102.7510001, 57.9514462 ], [ 102.750706, 57.951487 ], [ 102.749937, 57.951605 ], [ 102.74851691707579, 57.951819613027794 ], [ 102.751285, 57.956172499999987 ], [ 102.751285, 57.9561725 ] ] ] } },
{ "type": "Feature", "properties": { "area": 73384 }, "geometry": { "type": "Polygon", "coordinates": [ [ [ 102.76151249451577, 57.953599763983384 ], [ 102.755697070930466, 57.953588644349615 ], [ 102.755679035236696, 57.955579196455709 ], [ 102.756093, 57.9556697 ], [ 102.7563401, 57.9556347 ], [ 102.7568987, 57.9555622 ], [ 102.7576021, 57.9554924 ], [ 102.7581391, 57.955477 ], [ 102.7611007, 57.9554523 ], [ 102.76152, 57.9554517 ], [ 102.7615031, 57.9553057 ], [ 102.7615155, 57.9549111 ], [ 102.7615136, 57.954552 ], [ 102.7615091, 57.9537048 ], [ 102.76151249451577, 57.953599763983398 ], [ 102.76151249451577, 57.953599763983384 ] ] ] } },
{ "type": "Feature", "properties": { "area": 37165 }, "geometry": { "type": "Polygon", "coordinates": [ [ [ 102.7514292, 57.9564438 ], [ 102.750796, 57.9565469 ], [ 102.7506988, 57.9565601 ], [ 102.7500514, 57.9566572 ], [ 102.7499108, 57.9566829 ], [ 102.7492397, 57.9567895 ], [ 102.7494138, 57.9568201 ], [ 102.749524, 57.9568699 ], [ 102.7496507, 57.9570005 ], [ 102.7499176, 57.9574562 ], [ 102.7502346, 57.9578703 ], [ 102.7505673, 57.9583253 ], [ 102.7512757, 57.95925 ], [ 102.7514914, 57.959593 ], [ 102.751653, 57.9600645 ], [ 102.7519339, 57.9605563 ], [ 102.7519956, 57.9607988 ], [ 102.7523311, 57.9607723 ], [ 102.7523982, 57.960767 ], [ 102.752494, 57.9607594 ], [ 102.752758376817241, 57.960630826539699 ], [ 102.7514292, 57.9564438 ] ] ] } },
{ "type": "Feature", "properties": { "area": 72055 }, "geometry": { "type": "Polygon", "coordinates": [ [ [ 102.7293414, 57.9598587 ], [ 102.7292707, 57.9598698 ], [ 102.7291971, 57.9598703 ], [ 102.7291259, 57.9598601 ], [ 102.7290627, 57.9598399 ], [ 102.7290123, 57.9598114 ], [ 102.7291558, 57.9599893 ], [ 102.7294086, 57.9603471 ], [ 102.7297089, 57.9608514 ], [ 102.7297675, 57.9609588 ], [ 102.729972099999983, 57.961334 ], [ 102.7299721, 57.961334 ], [ 102.736658888409366, 57.960325076436192 ], [ 102.735811975683532, 57.958791456791303 ], [ 102.7352504, 57.958874 ], [ 102.7344367, 57.9589946 ], [ 102.7338072, 57.9590892 ], [ 102.73235, 57.9593176 ], [ 102.7321445, 57.9593524 ], [ 102.7313213, 57.9595352 ], [ 102.7311225, 57.9595773 ], [ 102.7310204, 57.9595946 ], [ 102.7299642, 57.9597666 ], [ 102.7294487, 57.959847 ], [ 102.7293414, 57.9598587 ] ] ] } },
{ "type": "Feature", "properties": { "area": 173470 }, "geometry": { "type": "Polygon", "coordinates": [ [ [ 102.779430606810749, 57.944312063636467 ], [ 102.779430606694291, 57.944312066025184 ], [ 102.779899506688935, 57.951080573081249 ], [ 102.778956417958753, 57.95180620890924 ], [ 102.7816049, 57.954599199999983 ], [ 102.7816049, 57.9545992 ], [ 102.7828181, 57.9525663 ], [ 102.7831292, 57.9515358 ], [ 102.7828181, 57.9494066 ], [ 102.7824747, 57.9470551 ], [ 102.7821207, 57.9462295 ], [ 102.780561747124949, 57.944445719184763 ], [ 102.779430606810749, 57.944312063636467 ] ] ] } },
{ "type": "Feature", "properties": { "area": 174678 }, "geometry": { "type": "Polygon", "coordinates": [ [ [ 102.774390296689674, 57.951882291511907 ], [ 102.774390296689674, 57.948805536311085 ], [ 102.770205459526267, 57.948863672284084 ], [ 102.770150326940509, 57.948578267986704 ], [ 102.7678046, 57.9486195 ], [ 102.7665721, 57.9486391 ], [ 102.7661736, 57.9487331 ], [ 102.76618, 57.9489849 ], [ 102.7662326, 57.9510476 ], [ 102.7662696, 57.9515072 ], [ 102.7662487, 57.9520981 ], [ 102.7682954, 57.9520233 ], [ 102.77012869999993, 57.9519533 ], [ 102.770128699999987, 57.951953299999985 ], [ 102.774390296689674, 57.951882291511907 ] ] ] } },
{ "type": "Feature", "properties": { "area": 85310 }, "geometry": { "type": "Polygon", "coordinates": [ [ [ 102.774390296689674, 57.948805536311085 ], [ 102.776230748635854, 57.948759027464853 ], [ 102.774742554011056, 57.945542061155543 ], [ 102.771521810363993, 57.946387081309801 ], [ 102.772272276583465, 57.946964188597633 ], [ 102.770692602960395, 57.947552272443268 ], [ 102.770150326940509, 57.948578267986704 ], [ 102.770205459526267, 57.948863672284084 ], [ 102.774390296689674, 57.948805536311085 ] ] ] } },
{ "type": "Feature", "properties": { "area": 215311 }, "geometry": { "type": "Polygon", "coordinates": [ [ [ 102.774742554011056, 57.945542061155543 ], [ 102.776230748635854, 57.948759027464853 ], [ 102.774390296689674, 57.948805536311085 ], [ 102.774390296689674, 57.951882291511907 ], [ 102.778956417958753, 57.95180620890924 ], [ 102.779899506688935, 57.951080573081249 ], [ 102.779430606694291, 57.944312066025184 ], [ 102.779430606694277, 57.944312066025333 ], [ 102.774742554011056, 57.945542061155543 ] ] ] } },
{ "type": "Feature", "properties": { "area": 762518 }, "geometry": { "type": "Polygon", "coordinates": [ [ [ 102.769967603498813, 57.960071791283703 ], [ 102.761287, 57.9610516 ], [ 102.7615763, 57.9614049 ], [ 102.7622305, 57.9622684 ], [ 102.763307039341882, 57.963358105314398 ], [ 102.762835494976798, 57.964971447063682 ], [ 102.7613599, 57.9648607 ], [ 102.7613599, 57.9648607 ], [ 102.761114358044182, 57.965421669013267 ], [ 102.75939322111158, 57.965246583371375 ], [ 102.758921676746468, 57.966422141992062 ], [ 102.758921676746453, 57.966422141992062 ], [ 102.761721545531998, 57.973369086570848 ], [ 102.77129650211954, 57.971909976483644 ], [ 102.76877695397701, 57.968147892259232 ], [ 102.771712317649701, 57.965262216052778 ], [ 102.771665163213171, 57.964724447897922 ], [ 102.771429391030637, 57.964624397118669 ], [ 102.769967603498813, 57.960071791283703 ] ] ] } },
{ "type": "Feature", "properties": { "area": 375926 }, "geometry": { "type": "Polygon", "coordinates": [ [ [ 102.7598072, 57.9607557 ], [ 102.761287, 57.9610516 ], [ 102.761287, 57.9610516 ], [ 102.769967603498813, 57.960071791283703 ], [ 102.770415570645653, 57.95935883087855 ], [ 102.77125909999998, 57.9584854 ], [ 102.7712591, 57.9584854 ], [ 102.7733813, 57.9562663 ], [ 102.7732989, 57.9560149 ], [ 102.7708237, 57.9554704 ], [ 102.7702293, 57.9553651 ], [ 102.769512, 57.9553267 ], [ 102.7694386, 57.9553246 ], [ 102.768444, 57.9553135 ], [ 102.7675725, 57.955321 ], [ 102.7673092, 57.9553219 ], [ 102.7654425, 57.9553393 ], [ 102.7646808, 57.9553458 ], [ 102.7641921, 57.95535 ], [ 102.7633005, 57.9553358 ], [ 102.7628556, 57.9553266 ], [ 102.7621251, 57.9554471 ], [ 102.76152, 57.9554517 ], [ 102.7614577, 57.9556613 ], [ 102.7612536, 57.9562369 ], [ 102.7610781, 57.9567318 ], [ 102.7610212, 57.9568923 ], [ 102.760993, 57.9569718 ], [ 102.7608675, 57.9573851 ], [ 102.7606568, 57.9580789 ], [ 102.760589, 57.9583021 ], [ 102.7601448, 57.9597648 ], [ 102.7598072, 57.9607557 ] ] ] } },
{ "type": "Feature", "properties": { "area": 114139 }, "geometry": { "type": "Polygon", "coordinates": [ [ [ 102.7539737, 57.9599513 ], [ 102.7542579, 57.9600117 ], [ 102.7550197, 57.9599832 ], [ 102.755794, 57.9599539 ], [ 102.7565217, 57.9599263 ], [ 102.756526, 57.9594504 ], [ 102.7562556, 57.9591892 ], [ 102.7562479, 57.9589962 ], [ 102.7562434, 57.9588851 ], [ 102.7562062, 57.957957 ], [ 102.7561766, 57.95722 ], [ 102.7561789, 57.9565025 ], [ 102.756093, 57.9556697 ], [ 102.7514292, 57.9564438 ], [ 102.752758376817241, 57.960630826539699 ], [ 102.752984, 57.9605211 ], [ 102.7534109, 57.9602573 ], [ 102.753413, 57.9601001 ], [ 102.7535714, 57.9599675 ], [ 102.7539737, 57.9599513 ] ] ] } },
{ "type": "Feature", "properties": { "area": 170315 }, "geometry": { "type": "Polygon", "coordinates": [ [ [ 102.752503799999985, 57.9644924 ], [ 102.7523026, 57.964499599999982 ], [ 102.744454586922785, 57.964509543004539 ], [ 102.744457053347105, 57.966778553745755 ], [ 102.74364645592108, 57.967423472228766 ], [ 102.74460441096123, 57.967441345128783 ], [ 102.745429613600166, 57.967603914728599 ], [ 102.74821172535421, 57.967541388046705 ], [ 102.750522292743184, 57.967641430685404 ], [ 102.752031234711495, 57.967478861255735 ], [ 102.752667819604397, 57.967778988857717 ], [ 102.752941299999989, 57.9676997 ], [ 102.7529413, 57.9676997 ], [ 102.753107899999989, 57.9676823 ], [ 102.7531079, 57.967682299999986 ], [ 102.7529198, 57.9668947 ], [ 102.7527115, 57.9658082 ], [ 102.7525038, 57.9644924 ], [ 102.752503799999985, 57.9644924 ] ] ] } },
{ "type": "Feature", "properties": { "area": 246482 }, "geometry": { "type": "Polygon", "coordinates": [ [ [ 102.752503799999985, 57.9644924 ], [ 102.7525038, 57.9644924 ], [ 102.7523073, 57.963168 ], [ 102.7519956, 57.9607988 ], [ 102.7519339, 57.9605563 ], [ 102.751653, 57.9600645 ], [ 102.751557971051596, 57.959787234225402 ], [ 102.750699121880075, 57.959787234225402 ], [ 102.747964164562518, 57.960174981747024 ], [ 102.747316067992429, 57.958692930915767 ], [ 102.744864494598701, 57.959061858068182 ], [ 102.744454586922785, 57.964509543004539 ], [ 102.7523026, 57.964499599999982 ], [ 102.752503799999985, 57.9644924 ] ] ] } },
{ "type": "Feature", "properties": { "area": 225116 }, "geometry": { "type": "Polygon", "coordinates": [ [ [ 102.756167599999984, 57.9742243 ], [ 102.7563339, 57.9741901 ], [ 102.7563339, 57.9741901 ], [ 102.7554478, 57.9728598 ], [ 102.7547038, 57.9713548 ], [ 102.754274, 57.97056 ], [ 102.753866, 57.9695827 ], [ 102.7534659, 57.9686289 ], [ 102.7531079, 57.9676823 ], [ 102.7531079, 57.967682299999986 ], [ 102.753107899999989, 57.9676823 ], [ 102.7529413, 57.9676997 ], [ 102.752941299999989, 57.9676997 ], [ 102.752667819604397, 57.967778988857717 ], [ 102.752031234711495, 57.967478861255735 ], [ 102.750522292743184, 57.967641430685404 ], [ 102.74821172535421, 57.967541388046705 ], [ 102.747104839075618, 57.967566264806649 ], [ 102.747104839075604, 57.967566264806656 ], [ 102.752493615837182, 57.974832160364507 ], [ 102.756167599999984, 57.9742243 ] ] ] } },
{ "type": "Feature", "properties": { "area": 195451 }, "geometry": { "type": "Polygon", "coordinates": [ [ [ 102.7909658, 57.9603641 ], [ 102.7900721, 57.9600444 ], [ 102.7895246, 57.9603531 ], [ 102.7887449, 57.9607927 ], [ 102.7884437, 57.9609621 ], [ 102.7878184, 57.9613137 ], [ 102.7876962, 57.9613852 ], [ 102.7870012, 57.9617918 ], [ 102.7869014, 57.9618499 ], [ 102.7861905, 57.962264 ], [ 102.7914427, 57.9642689 ], [ 102.794473, 57.9654255 ], [ 102.7951812, 57.9649252 ], [ 102.7958255, 57.96447 ], [ 102.7965631, 57.9639489 ], [ 102.7973311, 57.9634064 ], [ 102.7973311, 57.9634064 ], [ 102.797832888920311, 57.963039532575927 ], [ 102.7969379, 57.9626988 ], [ 102.7968809, 57.9626775 ], [ 102.795755, 57.9622571 ], [ 102.7945387, 57.9618029 ], [ 102.7913251, 57.9604927 ], [ 102.7909658, 57.9603641 ] ] ] } },
{ "type": "Feature", "properties": { "area": 292368 }, "geometry": { "type": "Polygon", "coordinates": [ [ [ 102.788200299999986, 57.9698733 ], [ 102.78859319999998, 57.9700249 ], [ 102.7885932, 57.9700249 ], [ 102.7898932, 57.970125 ], [ 102.7913851, 57.9701686 ], [ 102.7922254, 57.9703688 ], [ 102.7933367, 57.9703301 ], [ 102.7937812, 57.9705481 ], [ 102.7938756, 57.9709372 ], [ 102.80463244802587, 57.969451841711539 ], [ 102.8014014, 57.9681515 ], [ 102.7985619, 57.9669862 ], [ 102.794473, 57.9654255 ], [ 102.7937403, 57.9659431 ], [ 102.7929761, 57.966483 ], [ 102.792315, 57.9669499 ], [ 102.7916029, 57.967453 ], [ 102.7909001, 57.9679494 ], [ 102.7902063, 57.9684395 ], [ 102.7895055, 57.9689345 ], [ 102.7884461, 57.9696828 ], [ 102.7882003, 57.9698733 ], [ 102.788200299999986, 57.9698733 ] ] ] } },
{ "type": "Feature", "properties": { "area": 298200 }, "geometry": { "type": "Polygon", "coordinates": [ [ [ 102.7973311, 57.9634064 ], [ 102.7973311, 57.9634064 ], [ 102.7965631, 57.9639489 ], [ 102.7958255, 57.96447 ], [ 102.7951812, 57.9649252 ], [ 102.794473, 57.9654255 ], [ 102.7985619, 57.9669862 ], [ 102.8014014, 57.9681515 ], [ 102.80463244802587, 57.969451841711539 ], [ 102.8113337, 57.968526500000017 ], [ 102.8113337, 57.96852650000001 ], [ 102.8113337, 57.9685265 ], [ 102.8106269, 57.9680177 ], [ 102.8095357, 57.9675104 ], [ 102.8047927, 57.9657087 ], [ 102.8025147, 57.964826 ], [ 102.8018809, 57.9645804 ], [ 102.800672, 57.9641202 ], [ 102.7992326, 57.9635723 ], [ 102.7981438, 57.9631579 ], [ 102.797832888920311, 57.963039532575927 ], [ 102.7973311, 57.9634064 ] ] ] } },
{ "type": "Feature", "properties": { "area": 123170 }, "geometry": { "type": "Polygon", "coordinates": [ [ [ 102.7641893, 57.944923 ], [ 102.763337, 57.9450927 ], [ 102.7614865, 57.9455469 ], [ 102.7614911, 57.9479915 ], [ 102.7621021, 57.9479998 ], [ 102.7635318, 57.9480192 ], [ 102.7647189, 57.9480444 ], [ 102.7656916, 57.948065 ], [ 102.7659994, 57.9481177 ], [ 102.7669657, 57.9471418 ], [ 102.7678697, 57.9464208 ], [ 102.7681686, 57.9459647 ], [ 102.768376, 57.9447719 ], [ 102.767719, 57.9447568 ], [ 102.7671014, 57.9447441 ], [ 102.7666701, 57.9447352 ], [ 102.7660673, 57.9447117 ], [ 102.7653633, 57.9447176 ], [ 102.7651209, 57.9447465 ], [ 102.7648797, 57.9447752 ], [ 102.764462, 57.9448375 ], [ 102.7641893, 57.944923 ] ] ] } },
{ "type": "Feature", "properties": { "area": 88786 }, "geometry": { "type": "Polygon", "coordinates": [ [ [ 102.7665721, 57.9486391 ], [ 102.7678046, 57.9486195 ], [ 102.768671986339015, 57.94860425351736 ], [ 102.770150326940509, 57.948578267986704 ], [ 102.770692602960395, 57.947552272443268 ], [ 102.772272276583465, 57.946964188597633 ], [ 102.771521807721683, 57.946387079277869 ], [ 102.769961709194476, 57.945187366077683 ], [ 102.769961709194476, 57.944849509585538 ], [ 102.7693798, 57.944795 ], [ 102.768376, 57.9447719 ], [ 102.7681686, 57.9459647 ], [ 102.7678697, 57.9464208 ], [ 102.7669657, 57.9471418 ], [ 102.7659994, 57.9481177 ], [ 102.7661736, 57.9487331 ], [ 102.7665721, 57.9486391 ] ] ] } },
{ "type": "Feature", "properties": { "area": 86635 }, "geometry": { "type": "Polygon", "coordinates": [ [ [ 102.761399958082905, 57.944031671826131 ], [ 102.7614865, 57.9455469 ], [ 102.763337, 57.9450927 ], [ 102.7641893, 57.944923 ], [ 102.764462, 57.9448375 ], [ 102.7648797, 57.9447752 ], [ 102.7651209, 57.9447465 ], [ 102.7653633, 57.9447176 ], [ 102.7660673, 57.9447117 ], [ 102.7666701, 57.9447352 ], [ 102.7671014, 57.9447441 ], [ 102.767719, 57.9447568 ], [ 102.768376, 57.9447719 ], [ 102.7693798, 57.944795 ], [ 102.7692846, 57.944022 ], [ 102.7688044, 57.944022 ], [ 102.7687053, 57.944022 ], [ 102.7684181, 57.944022 ], [ 102.768242462537188, 57.944022 ], [ 102.768476344444409, 57.943854691439071 ], [ 102.768405612789621, 57.943304088406116 ], [ 102.768806425499974, 57.942252913699015 ], [ 102.761399958082905, 57.944031671826131 ] ] ] } },
{ "type": "Feature", "properties": { "area": 191695 }, "geometry": { "type": "Polygon", "coordinates": [ [ [ 102.75296659392194, 57.941273607024939 ], [ 102.7559708, 57.9464323 ], [ 102.7573103, 57.9462203 ], [ 102.7587787, 57.9459879 ], [ 102.7595654, 57.9458634 ], [ 102.76028, 57.9457457 ], [ 102.7614865, 57.9455469 ], [ 102.7613819, 57.9437155 ], [ 102.7613202, 57.9434578 ], [ 102.7611566, 57.9431062 ], [ 102.7609473, 57.9428727 ], [ 102.7609013, 57.942841 ], [ 102.7607489, 57.9427361 ], [ 102.7604699, 57.9425595 ], [ 102.7599817, 57.9422663 ], [ 102.7594668, 57.9420413 ], [ 102.7592359, 57.9419702 ], [ 102.7589253, 57.9418745 ], [ 102.7578073, 57.9417194 ], [ 102.7559039, 57.9415016 ], [ 102.7548564, 57.9413844 ], [ 102.7541756, 57.9413082 ], [ 102.75296659392194, 57.941273607024939 ] ] ] } },
{ "type": "Feature", "properties": { "area": 388150 }, "geometry": { "type": "Polygon", "coordinates": [ [ [ 102.784684, 57.9529822 ], [ 102.7836764, 57.9609487 ], [ 102.7839048, 57.9610623 ], [ 102.7861905, 57.962264 ], [ 102.7869014, 57.9618499 ], [ 102.7870012, 57.9617918 ], [ 102.7876962, 57.9613852 ], [ 102.7878184, 57.9613137 ], [ 102.7884437, 57.9609621 ], [ 102.7887449, 57.9607927 ], [ 102.7895246, 57.9603531 ], [ 102.7900721, 57.9600444 ], [ 102.7899557, 57.9598988 ], [ 102.7894719, 57.9594544 ], [ 102.7893161, 57.9593113 ], [ 102.7892723, 57.959271 ], [ 102.7890242, 57.9588104 ], [ 102.7889255, 57.9586271 ], [ 102.7889324, 57.958173 ], [ 102.7889423, 57.9575298 ], [ 102.7889517, 57.9569151 ], [ 102.7889611, 57.9563003 ], [ 102.7889708, 57.9556627 ], [ 102.7889801, 57.9550537 ], [ 102.7889897, 57.9544279 ], [ 102.7890268, 57.9520054 ], [ 102.7889435, 57.9506321 ], [ 102.7889156, 57.9505717 ], [ 102.788818, 57.9503606 ], [ 102.7885496, 57.9500595 ], [ 102.7882097, 57.9498172 ], [ 102.7868133, 57.9490553 ], [ 102.7861485, 57.9487194 ], [ 102.7858872, 57.9487039 ], [ 102.7854936, 57.9486946 ], [ 102.7852267, 57.9487182 ], [ 102.7848548, 57.9488315 ], [ 102.7840092, 57.9491508 ], [ 102.7837165, 57.9493148 ], [ 102.7836351, 57.9494528 ], [ 102.7839197, 57.950415 ], [ 102.7840661, 57.9506264 ], [ 102.7842694, 57.9507386 ], [ 102.7846434, 57.950881 ], [ 102.7850418, 57.9510363 ], [ 102.7852939, 57.9512046 ], [ 102.7854483, 57.951429 ], [ 102.7853508, 57.9517439 ], [ 102.7848223, 57.9527492 ], [ 102.784684, 57.9529822 ] ] ] } },
{ "type": "Feature", "properties": { "area": 558037 }, "geometry": { "type": "Polygon", "coordinates": [ [ [ 102.78859319999998, 57.9700249 ], [ 102.788200299999986, 57.9698733 ], [ 102.7879681, 57.96984 ], [ 102.7882003, 57.9698733 ], [ 102.7884461, 57.9696828 ], [ 102.7895055, 57.9689345 ], [ 102.7902063, 57.9684395 ], [ 102.7909001, 57.9679494 ], [ 102.7916029, 57.967453 ], [ 102.792315, 57.9669499 ], [ 102.7929761, 57.966483 ], [ 102.7937403, 57.9659431 ], [ 102.794473, 57.9654255 ], [ 102.7914427, 57.9642689 ], [ 102.7861905, 57.962264 ], [ 102.7839048, 57.9610623 ], [ 102.7836764, 57.9609487 ], [ 102.7778291, 57.966742 ], [ 102.7778291, 57.966742 ], [ 102.777829099999977, 57.966742 ], [ 102.777731, 57.967059799999987 ], [ 102.777731, 57.9670598 ], [ 102.7789758, 57.9676257 ], [ 102.7831849, 57.9695556 ], [ 102.7840539, 57.9699659 ], [ 102.7849654, 57.9703407 ], [ 102.7853843, 57.970547 ], [ 102.7861143, 57.970247 ], [ 102.7887728, 57.9711487 ], [ 102.788511, 57.9707854 ], [ 102.7871774, 57.9704496 ], [ 102.786331, 57.9701686 ], [ 102.7859687, 57.9696341 ], [ 102.7861635, 57.9694613 ], [ 102.7872687, 57.9697471 ], [ 102.7885932, 57.9700249 ], [ 102.78859319999998, 57.9700249 ] ] ] } },
{ "type": "Feature", "properties": { "area": 244172 }, "geometry": { "type": "Polygon", "coordinates": [ [ [ 102.7816049, 57.9545992 ], [ 102.7802929, 57.9565702 ], [ 102.7796216, 57.9575374 ], [ 102.7790724, 57.958023 ], [ 102.7784815, 57.9584385 ], [ 102.7758932, 57.9600863 ], [ 102.7753587, 57.9607595 ], [ 102.7751413, 57.9612107 ], [ 102.775866, 57.9611993 ], [ 102.7775574, 57.9611728 ], [ 102.780107, 57.9610878 ], [ 102.7830645, 57.9609564 ], [ 102.7836764, 57.9609487 ], [ 102.784684, 57.9529822 ], [ 102.7843507, 57.9531375 ], [ 102.7836351, 57.9532281 ], [ 102.7832367, 57.9533489 ], [ 102.783071, 57.9534553 ], [ 102.782081928994813, 57.954906204088431 ], [ 102.7816049, 57.9545992 ] ] ] } },
{ "type": "Feature", "properties": { "area": 216977 }, "geometry": { "type": "Polygon", "coordinates": [ [ [ 102.779168612923073, 57.954940036421526 ], [ 102.775560357803784, 57.953861742124182 ], [ 102.7732989, 57.9560149 ], [ 102.7733813, 57.9562663 ], [ 102.7712591, 57.9584854 ], [ 102.773347, 57.9591247 ], [ 102.7744497, 57.9593219 ], [ 102.7745999, 57.9593488 ], [ 102.7754741, 57.9592174 ], [ 102.77578, 57.959287 ], [ 102.7757654, 57.959627 ], [ 102.7748185, 57.9610724 ], [ 102.7749849, 57.9611864 ], [ 102.7751413, 57.9612107 ], [ 102.7753587, 57.9607595 ], [ 102.7758932, 57.9600863 ], [ 102.7784815, 57.9584385 ], [ 102.7790724, 57.958023 ], [ 102.7796216, 57.9575374 ], [ 102.7802929, 57.9565702 ], [ 102.781014928009085, 57.955485507007708 ], [ 102.779168612923073, 57.954940036421526 ] ] ] } },
{ "type": "Feature", "properties": { "area": 100381 }, "geometry": { "type": "Polygon", "coordinates": [ [ [ 102.7662696, 57.9515072 ], [ 102.7662326, 57.9510476 ], [ 102.76618, 57.9489849 ], [ 102.7661736, 57.9487331 ], [ 102.7659994, 57.9481177 ], [ 102.7656916, 57.948065 ], [ 102.7647189, 57.9480444 ], [ 102.7635318, 57.9480192 ], [ 102.7621021, 57.9479998 ], [ 102.7621197, 57.9504556 ], [ 102.7628077, 57.9510191 ], [ 102.7630255, 57.9511975 ], [ 102.7634609, 57.9517771 ], [ 102.7634208, 57.9521333 ], [ 102.7643239, 57.9521218 ], [ 102.7649468, 57.9521144 ], [ 102.7662487, 57.9520981 ], [ 102.7662696, 57.9515072 ] ] ] } },
{ "type": "Feature", "properties": { "area": 147784 }, "geometry": { "type": "Polygon", "coordinates": [ [ [ 102.7613599, 57.9648607 ], [ 102.7613599, 57.9648607 ], [ 102.762835494976798, 57.964971447063682 ], [ 102.763307039341882, 57.963358105314398 ], [ 102.7622305, 57.9622684 ], [ 102.7615763, 57.9614049 ], [ 102.761287, 57.9610516 ], [ 102.7598072, 57.9607557 ], [ 102.7586068, 57.9606188 ], [ 102.7583059, 57.9605239 ], [ 102.7577651, 57.9604427 ], [ 102.7578157, 57.9608113 ], [ 102.7570691, 57.9631061 ], [ 102.7568709, 57.9637154 ], [ 102.7555906, 57.9637305 ], [ 102.7548158, 57.9637396 ], [ 102.7548731, 57.9641466 ], [ 102.7548988, 57.9645338 ], [ 102.7573885, 57.9644996 ], [ 102.7584861, 57.9645563 ], [ 102.7586225, 57.9645744 ], [ 102.7601021, 57.9647706 ], [ 102.7613599, 57.9648607 ] ] ] } },
{ "type": "Feature", "properties": { "area": 67225 }, "geometry": { "type": "Polygon", "coordinates": [ [ [ 102.7584861, 57.9645563 ], [ 102.7573885, 57.9644996 ], [ 102.7548988, 57.9645338 ], [ 102.7547193, 57.9645363 ], [ 102.7544193, 57.9645568 ], [ 102.7542234, 57.9648106 ], [ 102.754389, 57.9653517 ], [ 102.7546958, 57.9654323 ], [ 102.752669458137831, 57.965541860653559 ], [ 102.7527115, 57.9658082 ], [ 102.752756948359661, 57.966045260214941 ], [ 102.754536314151082, 57.966021956151017 ], [ 102.758921676746468, 57.966422141992062 ], [ 102.75939322111158, 57.965246583371375 ], [ 102.761114358044182, 57.965421669013267 ], [ 102.7613599, 57.9648607 ], [ 102.7601021, 57.9647706 ], [ 102.7586225, 57.9645744 ], [ 102.7584861, 57.9645563 ] ] ] } },
{ "type": "Feature", "properties": { "area": 133883 }, "geometry": { "type": "Polygon", "coordinates": [ [ [ 102.7523982, 57.960767 ], [ 102.7523311, 57.9607723 ], [ 102.7519956, 57.9607988 ], [ 102.7523073, 57.963168 ], [ 102.7525038, 57.9644924 ], [ 102.752669458137831, 57.965541860653559 ], [ 102.7546958, 57.9654323 ], [ 102.754389, 57.9653517 ], [ 102.7542234, 57.9648106 ], [ 102.7544193, 57.9645568 ], [ 102.7547193, 57.9645363 ], [ 102.7548988, 57.9645338 ], [ 102.7548731, 57.9641466 ], [ 102.7548158, 57.9637396 ], [ 102.7555906, 57.9637305 ], [ 102.7568709, 57.9637154 ], [ 102.7570691, 57.9631061 ], [ 102.7570417, 57.962947 ], [ 102.7565217, 57.9599263 ], [ 102.755794, 57.9599539 ], [ 102.7550197, 57.9599832 ], [ 102.7542579, 57.9600117 ], [ 102.7539737, 57.9599513 ], [ 102.7535714, 57.9599675 ], [ 102.753413, 57.9601001 ], [ 102.7534109, 57.9602573 ], [ 102.752984, 57.9605211 ], [ 102.752494, 57.9607594 ], [ 102.7523982, 57.960767 ] ] ] } },
{ "type": "Feature", "properties": { "area": 788716 }, "geometry": { "type": "Polygon", "coordinates": [ [ [ 102.6649201, 57.9789972 ], [ 102.664805928822304, 57.979458816922438 ], [ 102.6657595, 57.979544 ], [ 102.6673149, 57.97972 ], [ 102.6678774, 57.9799051 ], [ 102.6683167, 57.9802269 ], [ 102.6685479, 57.9805598 ], [ 102.668571, 57.9809011 ], [ 102.6685208, 57.981562 ], [ 102.6696077, 57.9813979 ], [ 102.6712929, 57.9811402 ], [ 102.6717827, 57.9810793 ], [ 102.672457, 57.9809695 ], [ 102.6739536, 57.9807448 ], [ 102.6758784, 57.9805105 ], [ 102.6766562, 57.980354 ], [ 102.6776057, 57.9802687 ], [ 102.678186199999971, 57.9801788 ], [ 102.6781862, 57.980178799999983 ], [ 102.682646740163861, 57.979458653308185 ], [ 102.685060359534987, 57.979522641054864 ], [ 102.6851019, 57.9794858 ], [ 102.685411, 57.9791937 ], [ 102.6857489, 57.978841 ], [ 102.6861083, 57.9784854 ], [ 102.6862639, 57.9783062 ], [ 102.6864249, 57.9780822 ], [ 102.6866877, 57.9777516 ], [ 102.6869935, 57.9773505 ], [ 102.6872778, 57.9769807 ], [ 102.6875943, 57.9765768 ], [ 102.6878411, 57.9762383 ], [ 102.6881468, 57.9758628 ], [ 102.6884472, 57.975547 ], [ 102.6888573, 57.9751906 ], [ 102.6891446, 57.9749553 ], [ 102.6893109, 57.9747904 ], [ 102.6893873, 57.9746618 ], [ 102.6894021, 57.9745656 ], [ 102.6893519, 57.9743919 ], [ 102.6893485, 57.9742328 ], [ 102.6893753, 57.9740251 ], [ 102.6894021, 57.9737435 ], [ 102.6894718, 57.9734163 ], [ 102.6894933, 57.9731859 ], [ 102.6894946, 57.9730171 ], [ 102.6894557, 57.9728616 ], [ 102.6893967, 57.9726767 ], [ 102.6892948, 57.9724605 ], [ 102.6891275, 57.972214 ], [ 102.6889193, 57.971974 ], [ 102.6887101, 57.9717122 ], [ 102.6883721, 57.971277 ], [ 102.688061, 57.9708331 ], [ 102.6879322, 57.9704917 ], [ 102.6878315, 57.9700953 ], [ 102.6901585, 57.9695785 ], [ 102.6926488, 57.9690028 ], [ 102.6927186, 57.9692361 ], [ 102.6928527, 57.9694438 ], [ 102.6930445, 57.9696098 ], [ 102.6932728, 57.9697241 ], [ 102.6934838, 57.9697539 ], [ 102.6936454, 57.9697293 ], [ 102.6937529, 57.9696513 ], [ 102.6938009, 57.9695415 ], [ 102.6937904, 57.969408 ], [ 102.6936763, 57.9691713 ], [ 102.695971183295839, 57.968631239507793 ], [ 102.6954353, 57.9676189 ], [ 102.6861356, 57.9697892 ], [ 102.684455, 57.9701755 ], [ 102.6841235, 57.9700764 ], [ 102.6837748, 57.970055 ], [ 102.6834825, 57.9701062 ], [ 102.6830292, 57.9700934 ], [ 102.6828468, 57.9700508 ], [ 102.6827529, 57.9700536 ], [ 102.6826376, 57.9701347 ], [ 102.6824391, 57.9702186 ], [ 102.6820115, 57.9703315 ], [ 102.6816961, 57.9703765 ], [ 102.6813045, 57.9704889 ], [ 102.6808472, 57.9705111 ], [ 102.6805454, 57.9704889 ], [ 102.6803175, 57.9705614 ], [ 102.6798588, 57.9705572 ], [ 102.679494, 57.9705074 ], [ 102.678287, 57.9699939 ], [ 102.678107, 57.9699447 ], [ 102.6778418, 57.9699441 ], [ 102.6776433, 57.9700152 ], [ 102.6776138, 57.9700636 ], [ 102.6776258, 57.970241 ], [ 102.6776674, 57.9703196 ], [ 102.6779518, 57.9704917 ], [ 102.678169, 57.9708687 ], [ 102.6782468, 57.9709555 ], [ 102.6785606, 57.9711817 ], [ 102.6788476, 57.971543 ], [ 102.6790005, 57.9718502 ], [ 102.6793545, 57.9721589 ], [ 102.6794645, 57.9725714 ], [ 102.6794511, 57.9727009 ], [ 102.6795182, 57.9727528 ], [ 102.6797006, 57.9727606 ], [ 102.6797381, 57.9727926 ], [ 102.6796295, 57.9728417 ], [ 102.6796912, 57.9729099 ], [ 102.6797106, 57.9729249 ], [ 102.6801592, 57.9732058 ], [ 102.6802477, 57.9732328 ], [ 102.6803899, 57.9732286 ], [ 102.6804945, 57.9731944 ], [ 102.6806822, 57.9730892 ], [ 102.680937, 57.9728829 ], [ 102.6810497, 57.9724349 ], [ 102.6811892, 57.9720764 ], [ 102.6813608, 57.9718744 ], [ 102.6815271, 57.9717606 ], [ 102.6817188, 57.9717049 ], [ 102.6812106, 57.9727848 ], [ 102.6809317, 57.9733822 ], [ 102.6806695, 57.9739488 ], [ 102.6803416, 57.9746453 ], [ 102.6799929, 57.9753934 ], [ 102.6796764, 57.9760136 ], [ 102.6795262, 57.9763322 ], [ 102.6793975, 57.976554 ], [ 102.6792692, 57.9767346 ], [ 102.6789726, 57.97698 ], [ 102.6786206, 57.9772589 ], [ 102.6781315, 57.9775069 ], [ 102.6776487, 57.9777061 ], [ 102.6771163, 57.977867 ], [ 102.676785, 57.9779478 ], [ 102.6765, 57.978 ], [ 102.6707661, 57.978494 ], [ 102.6649201, 57.9789972 ] ] ] } },
{ "type": "Feature", "properties": { "area": 7008150 }, "geometry": { "type": "Polygon", "coordinates": [ [ [ 102.7812741, 57.9999497 ], [ 102.7830644, 58.0017933 ], [ 102.7848669, 58.0035727 ], [ 102.7855428, 58.0044254 ], [ 102.7860363, 58.005153 ], [ 102.7864977, 58.0058352 ], [ 102.7868624, 58.0066139 ], [ 102.7870215, 58.0070678 ], [ 102.7871414, 58.0074097 ], [ 102.7873173, 58.0081798 ], [ 102.7873989, 58.0088705 ], [ 102.7874096, 58.0095469 ], [ 102.7873667, 58.0101608 ], [ 102.787350696215896, 58.010553455990731 ], [ 102.7872701, 58.0125309 ], [ 102.787356, 58.0134004 ], [ 102.7874632, 58.0140369 ], [ 102.7876456, 58.0147132 ], [ 102.7879139, 58.0154066 ], [ 102.7883991, 58.0163971 ], [ 102.789255, 58.0180604 ], [ 102.7899717, 58.0199492 ], [ 102.791664, 58.0232755 ], [ 102.791965, 58.023984 ], [ 102.7923372, 58.0247069 ], [ 102.7933972, 58.0267383 ], [ 102.7938201, 58.0276509 ], [ 102.793956337390398, 58.027884434030653 ], [ 102.794015699863181, 58.027986191393289 ], [ 102.794291519877788, 58.027993002299596 ], [ 102.7946316, 58.0280014 ], [ 102.7953168, 58.0280121 ], [ 102.7961814, 58.0280281 ], [ 102.7969912, 58.0280447 ], [ 102.7977581, 58.0280524 ], [ 102.7985802, 58.028046 ], [ 102.7991995, 58.0280196 ], [ 102.7997742, 58.0279726 ], [ 102.8004328, 58.0278921 ], [ 102.8018052, 58.0276957 ], [ 102.8024007, 58.0276168 ], [ 102.8027291, 58.0275777 ], [ 102.8028499, 58.0275608 ], [ 102.8028083, 58.0274713 ], [ 102.8027804, 58.0274186 ], [ 102.8014471, 58.0249097 ], [ 102.8009013, 58.0238649 ], [ 102.7975276, 58.0172665 ], [ 102.7960068, 58.0146041 ], [ 102.7951491, 58.012968 ], [ 102.7919683, 58.0068332 ], [ 102.7916318, 58.0061509 ], [ 102.7914562, 58.0055275 ], [ 102.7915245, 58.0050325 ], [ 102.7917204, 58.004605 ], [ 102.7920093, 58.004226 ], [ 102.7924713, 58.003843 ], [ 102.7930175, 58.003507 ], [ 102.7936931, 58.0032034 ], [ 102.7945707, 58.0029605 ], [ 102.798386, 58.0024884 ], [ 102.7996126, 58.0023078 ], [ 102.8006986, 58.0020254 ], [ 102.8015217, 58.0016419 ], [ 102.802107, 58.0012278 ], [ 102.8026927, 58.0005837 ], [ 102.8029096, 58.0000629 ], [ 102.8028783, 57.9994173 ], [ 102.8026049, 57.9988017 ], [ 102.801904, 57.9981067 ], [ 102.8010264, 57.9972802 ], [ 102.8005947, 57.9967601 ], [ 102.8002441, 57.9962483 ], [ 102.8001466, 57.9957224 ], [ 102.8001415, 57.9951914 ], [ 102.8002868, 57.9945618 ], [ 102.8006428, 57.9939843 ], [ 102.801125, 57.9934229 ], [ 102.8020212, 57.9925024 ], [ 102.802518, 57.9918351 ], [ 102.8027163, 57.9913621 ], [ 102.8027982, 57.9909636 ], [ 102.8027697, 57.9904402 ], [ 102.8026151, 57.9899649 ], [ 102.8022719, 57.9894231 ], [ 102.8017684, 57.9888934 ], [ 102.8007081, 57.9879298 ], [ 102.796127, 57.9838398 ], [ 102.7947844, 57.982641 ], [ 102.7900473, 57.9782084 ], [ 102.7893587, 57.9774232 ], [ 102.7888517, 57.9765766 ], [ 102.7881453, 57.9748284 ], [ 102.7879373, 57.974175 ], [ 102.7876068, 57.973107 ], [ 102.7874388, 57.9726566 ], [ 102.7872187, 57.9721205 ], [ 102.7870277, 57.971808 ], [ 102.7867216, 57.971465 ], [ 102.7864108, 57.9711867 ], [ 102.7859413, 57.9708693 ], [ 102.7853843, 57.970547 ], [ 102.7849654, 57.9703407 ], [ 102.7840539, 57.9699659 ], [ 102.784053899999989, 57.9699659 ], [ 102.7563339, 57.9741901 ], [ 102.756167599999984, 57.9742243 ], [ 102.7561676, 57.9742243 ], [ 102.7561676, 57.9742243 ], [ 102.7570306, 57.9754589 ], [ 102.7577642, 57.976486 ], [ 102.7586166, 57.9773951 ], [ 102.7594941, 57.9783422 ], [ 102.759743, 57.978599 ], [ 102.7613741, 57.9802082 ], [ 102.7627492, 57.9815313 ], [ 102.762955, 57.9817373 ], [ 102.7664964, 57.9853623 ], [ 102.7812741, 57.9999497 ] ] ] } },
{ "type": "Feature", "properties": { "area": 3190786 }, "geometry": { "type": "Polygon", "coordinates": [ [ [ 102.759845318862062, 58.021511733245596 ], [ 102.764841399999966, 58.026255 ], [ 102.7648414, 58.026255 ], [ 102.7655627, 58.0262623 ], [ 102.7676485, 58.0263257 ], [ 102.776756, 58.0270257 ], [ 102.7801029, 58.027291 ], [ 102.7806451, 58.027334 ], [ 102.7817148, 58.0274178 ], [ 102.7857288, 58.0276443 ], [ 102.7872742, 58.0277106 ], [ 102.78874, 58.0277471 ], [ 102.790746, 58.0278002 ], [ 102.7916389, 58.027813 ], [ 102.7925325, 58.0278313 ], [ 102.7937438, 58.0278773 ], [ 102.793956337390398, 58.027884434030653 ], [ 102.7938201, 58.0276509 ], [ 102.7933972, 58.0267383 ], [ 102.7923372, 58.0247069 ], [ 102.791965, 58.023984 ], [ 102.791664, 58.0232755 ], [ 102.7899717, 58.0199492 ], [ 102.789255, 58.0180604 ], [ 102.7883991, 58.0163971 ], [ 102.7879139, 58.0154066 ], [ 102.7876456, 58.0147132 ], [ 102.7874632, 58.0140369 ], [ 102.787356, 58.0134004 ], [ 102.7872701, 58.0125309 ], [ 102.787350696215896, 58.010553455990731 ], [ 102.760205323892421, 58.010070366321585 ], [ 102.759845318862062, 58.021511733245596 ] ] ] } },
{ "type": "Feature", "properties": { "area": 2029387 }, "geometry": { "type": "Polygon", "coordinates": [ [ [ 102.7067075, 58.0035651 ], [ 102.7071445, 58.0037245 ], [ 102.7077204, 58.0039344 ], [ 102.7093853, 58.0046786 ], [ 102.7101244, 58.0050421 ], [ 102.710807515762042, 58.005378010617378 ], [ 102.7109651, 58.0054555 ], [ 102.7123977, 58.0062674 ], [ 102.7137321, 58.007112 ], [ 102.7151698, 58.0081492 ], [ 102.7159456, 58.0088288 ], [ 102.7162238, 58.008922 ], [ 102.7164409, 58.0089413 ], [ 102.716633, 58.0089146 ], [ 102.7167728, 58.0088164 ], [ 102.716791418685489, 58.008739743018076 ], [ 102.7168129, 58.0086513 ], [ 102.7168429, 58.0084802 ], [ 102.7168208, 58.0081306 ], [ 102.7167968, 58.0077761 ], [ 102.7166647, 58.0072695 ], [ 102.716543, 58.0069175 ], [ 102.7163228, 58.0064164 ], [ 102.7158823, 58.0054195 ], [ 102.7153819, 58.0043128 ], [ 102.7149771, 58.0034177 ], [ 102.7145309, 58.0022959 ], [ 102.7143146, 58.0017563 ], [ 102.7141765, 58.0012036 ], [ 102.7141656, 58.0007351 ], [ 102.7142412, 58.0003084 ], [ 102.7142523, 58.0002457 ], [ 102.714265, 58.0001984 ], [ 102.7145133, 57.9992721 ], [ 102.7146307, 57.9987327 ], [ 102.7146613, 57.9984898 ], [ 102.7146982, 57.9981963 ], [ 102.7148442, 57.9961825 ], [ 102.714951, 57.9947102 ], [ 102.7151229, 57.9933018 ], [ 102.7151452, 57.9931837 ], [ 102.7151929, 57.9929308 ], [ 102.7152317, 57.9927814 ], [ 102.715307, 57.9924917 ], [ 102.715415, 57.992269 ], [ 102.7155703, 57.9920564 ], [ 102.7158191, 57.9917642 ], [ 102.7171867, 57.990661 ], [ 102.7178788, 57.9900678 ], [ 102.7180977, 57.9898215 ], [ 102.7185734, 57.9892862 ], [ 102.7187984, 57.9884038 ], [ 102.7188943, 57.9875041 ], [ 102.7189942, 57.9868605 ], [ 102.7194044, 57.9827034 ], [ 102.7196397, 57.9821127 ], [ 102.7209587, 57.9796804 ], [ 102.7200576, 57.9793354 ], [ 102.7198357, 57.9792504 ], [ 102.7192891, 57.9790412 ], [ 102.7186664, 57.9788028 ], [ 102.7185087, 57.9787424 ], [ 102.7181726, 57.978628 ], [ 102.7180797, 57.9785964 ], [ 102.7176842, 57.9785327 ], [ 102.7174688, 57.978498 ], [ 102.7166412, 57.9784757 ], [ 102.7164443, 57.9784704 ], [ 102.7153845, 57.978519 ], [ 102.7151088, 57.9786114 ], [ 102.7149126, 57.9787453 ], [ 102.7147976, 57.9789024 ], [ 102.7147392, 57.9791803 ], [ 102.7147127, 57.9798176 ], [ 102.7145871, 57.9804253 ], [ 102.7143506, 57.9809427 ], [ 102.7140478, 57.9813574 ], [ 102.7138752, 57.9815097 ], [ 102.7136099, 57.9813632 ], [ 102.7126656, 57.9807111 ], [ 102.7113849, 57.9794245 ], [ 102.7103063, 57.9789002 ], [ 102.7095648, 57.9787692 ], [ 102.7088008, 57.9788407 ], [ 102.7085048, 57.9789747 ], [ 102.7083524, 57.9790759 ], [ 102.7075201, 57.9807826 ], [ 102.7070084, 57.9843268 ], [ 102.7069874, 57.984518 ], [ 102.7065159, 57.9888078 ], [ 102.7061663, 57.990669 ], [ 102.7053563, 57.9923923 ], [ 102.7046745, 57.9935999 ], [ 102.7041143, 57.9945155 ], [ 102.703565, 57.9954285 ], [ 102.7034243, 57.9957845 ], [ 102.703352, 57.9961268 ], [ 102.7029245, 57.9981374 ], [ 102.7027605, 57.9984508 ], [ 102.7025834, 57.9986698 ], [ 102.7022834, 57.9988731 ], [ 102.7019585, 57.9990663 ], [ 102.7018107, 57.9991672 ], [ 102.7013981, 57.9992919 ], [ 102.7010643, 57.9994682 ], [ 102.7008337, 57.9997411 ], [ 102.7008605, 58.0000254 ], [ 102.7009624, 58.0004177 ], [ 102.7011234, 58.0007929 ], [ 102.701194724409547, 58.000908373010169 ], [ 102.701252511067096, 58.0010019286293 ], [ 102.7014184, 58.0012705 ], [ 102.7018154, 58.0016912 ], [ 102.7022606, 58.001947 ], [ 102.7027327, 58.0021858 ], [ 102.7032798, 58.0024047 ], [ 102.7038217, 58.0026008 ], [ 102.7051628, 58.0030215 ], [ 102.7056533, 58.0031864 ], [ 102.7058494, 58.0032523 ], [ 102.7063421, 58.0034319 ], [ 102.7067075, 58.0035651 ] ] ] } },
{ "type": "Feature", "properties": { "area": 535867 }, "geometry": { "type": "Polygon", "coordinates": [ [ [ 102.8018984, 58.051319 ], [ 102.8016701, 58.0513273 ], [ 102.8013639, 58.0513273 ], [ 102.8009851, 58.0513355 ], [ 102.8008346, 58.0513328 ], [ 102.8007049, 58.0512998 ], [ 102.8005233, 58.0512064 ], [ 102.8004195, 58.0510856 ], [ 102.8003938, 58.0509987 ], [ 102.80038, 58.0509436 ], [ 102.80033, 58.0507285 ], [ 102.8001998, 58.0503858 ], [ 102.7999632, 58.050033 ], [ 102.7997662, 58.0496954 ], [ 102.7996393, 58.0493259 ], [ 102.7994185, 58.0480577 ], [ 102.7993909, 58.0479103 ], [ 102.7992896, 58.0476861 ], [ 102.7991722, 58.0475476 ], [ 102.7990409, 58.0474409 ], [ 102.7986506, 58.0471858 ], [ 102.7983755, 58.0469021 ], [ 102.7982831, 58.0466993 ], [ 102.7981012, 58.0457908 ], [ 102.798078, 58.0455783 ], [ 102.7981368, 58.045437 ], [ 102.7983146, 58.0452488 ], [ 102.7984465, 58.0451745 ], [ 102.7986628, 58.0450527 ], [ 102.7990629, 58.0449194 ], [ 102.7993544, 58.0448696 ], [ 102.799427, 58.04479 ], [ 102.7994967, 58.0446765 ], [ 102.7994734, 58.0445079 ], [ 102.7993808, 58.0440015 ], [ 102.7992728, 58.0436259 ], [ 102.7991802, 58.0431562 ], [ 102.7990259, 58.0422415 ], [ 102.7989179, 58.0416493 ], [ 102.7988596, 58.041337 ], [ 102.7987945, 58.0409877 ], [ 102.7986942, 58.0402689 ], [ 102.7985013, 58.0391948 ], [ 102.7984473, 58.038815 ], [ 102.7982929, 58.0379532 ], [ 102.7982081, 58.0373896 ], [ 102.7980538, 58.0365564 ], [ 102.7979998, 58.0362868 ], [ 102.797776, 58.0355679 ], [ 102.7975985, 58.0350206 ], [ 102.7972899, 58.034269 ], [ 102.7971665, 58.0339872 ], [ 102.797122063626631, 58.033887590720965 ], [ 102.7967101, 58.0341522 ], [ 102.7961349, 58.034525 ], [ 102.7953142, 58.0351429 ], [ 102.7951416, 58.0353642 ], [ 102.795034, 58.035522 ], [ 102.7949134, 58.0357453 ], [ 102.7948213, 58.0359835 ], [ 102.7947901, 58.036228 ], [ 102.7947905, 58.0364552 ], [ 102.7948796, 58.036902 ], [ 102.7950029, 58.0378653 ], [ 102.7951709, 58.0388244 ], [ 102.7952831, 58.0395986 ], [ 102.7953298, 58.0398018 ], [ 102.7954878, 58.0408002 ], [ 102.7956464, 58.0416257 ], [ 102.7957811, 58.0424592 ], [ 102.7959266, 58.0432325 ], [ 102.7960615, 58.0439878 ], [ 102.7961379, 58.0445681 ], [ 102.7961613, 58.0447629 ], [ 102.7961705, 58.0450726 ], [ 102.7962639, 58.0458553 ], [ 102.796551, 58.0474454 ], [ 102.796679, 58.0482391 ], [ 102.7968036, 58.0490465 ], [ 102.7970639, 58.0506527 ], [ 102.7971409, 58.0511033 ], [ 102.7972291, 58.0515481 ], [ 102.7973738, 58.0524557 ], [ 102.7974367, 58.0528661 ], [ 102.7974989, 58.0533274 ], [ 102.7976628, 58.0542073 ], [ 102.7977463, 58.0549265 ], [ 102.7978081, 58.055372 ], [ 102.7979148, 58.0557136 ], [ 102.7979724, 58.0558676 ], [ 102.7980964, 58.056104 ], [ 102.7981973, 58.056258 ], [ 102.7984192, 58.0565021 ], [ 102.7985806, 58.0566469 ], [ 102.7988775, 58.0568818 ], [ 102.7991822, 58.0570742 ], [ 102.7993704, 58.0571777 ], [ 102.7997942, 58.0573713 ], [ 102.8003072, 58.0575635 ], [ 102.8009154, 58.0577297 ], [ 102.801747, 58.0579078 ], [ 102.8026687, 58.0580101 ], [ 102.803403, 58.0580147 ], [ 102.803531828218041, 58.058007927985145 ], [ 102.803492949209243, 58.057956633830678 ], [ 102.8034407, 58.0578877 ], [ 102.8032751, 58.0575224 ], [ 102.803167, 58.0572643 ], [ 102.8031475, 58.0569509 ], [ 102.8031215, 58.0565911 ], [ 102.8030712, 58.0558715 ], [ 102.8029986, 58.0552043 ], [ 102.8029934, 58.055122 ], [ 102.8029882, 58.0549764 ], [ 102.8024331, 58.0514784 ], [ 102.8022305, 58.0513712 ], [ 102.8018984, 58.051319 ] ] ] } },
{ "type": "Feature", "properties": { "area": 3810652 }, "geometry": { "type": "Polygon", "coordinates": [ [ [ 102.844244, 58.0459984 ], [ 102.844244, 58.0459984 ], [ 102.843510699999982, 58.038597 ], [ 102.8425522, 58.0386529 ], [ 102.8424069, 58.0386906 ], [ 102.8411987, 58.0387553 ], [ 102.8407825, 58.0387633 ], [ 102.8403991, 58.0387824 ], [ 102.8402063, 58.0387942 ], [ 102.8398014, 58.0388119 ], [ 102.8377926, 58.0389043 ], [ 102.8365138, 58.0389632 ], [ 102.8350674, 58.0390304 ], [ 102.8349027, 58.0390381 ], [ 102.8298286, 58.0392698 ], [ 102.8294987, 58.0392743 ], [ 102.8291315, 58.0392868 ], [ 102.8284934, 58.0393084 ], [ 102.8279668, 58.0393359 ], [ 102.8257631, 58.0394432 ], [ 102.8243004, 58.0395072 ], [ 102.8227948, 58.0395671 ], [ 102.8220766, 58.0396136 ], [ 102.8216635, 58.0396571 ], [ 102.8217688, 58.0401366 ], [ 102.8218197, 58.040426 ], [ 102.8219211, 58.0411052 ], [ 102.8220421, 58.0418319 ], [ 102.822163, 58.0424946 ], [ 102.8222176, 58.0428518 ], [ 102.8222761, 58.0432543 ], [ 102.8223619, 58.0437436 ], [ 102.8210346, 58.0437751 ], [ 102.8187075, 58.0438933 ], [ 102.8174334, 58.0439547 ], [ 102.8159523, 58.044026 ], [ 102.8132205, 58.0441548 ], [ 102.8129485, 58.044165 ], [ 102.811623, 58.044234 ], [ 102.811082, 58.0442614 ], [ 102.8103355, 58.0442913 ], [ 102.8089606, 58.0443731 ], [ 102.807027, 58.0444371 ], [ 102.8056108, 58.0445033 ], [ 102.8055157, 58.0445077 ], [ 102.8052402, 58.0445204 ], [ 102.8048812, 58.044537 ], [ 102.8046233, 58.0445489 ], [ 102.8042414, 58.0445665 ], [ 102.8038938, 58.0445831 ], [ 102.8036684, 58.0445939 ], [ 102.8031857, 58.044617 ], [ 102.8030931, 58.0446214 ], [ 102.8022196, 58.0446595 ], [ 102.8019226, 58.0446724 ], [ 102.8006971, 58.0447307 ], [ 102.8006039, 58.0447351 ], [ 102.7996728, 58.0448153 ], [ 102.7993544, 58.0448696 ], [ 102.7990629, 58.0449194 ], [ 102.7986628, 58.0450527 ], [ 102.7984465, 58.0451745 ], [ 102.7983146, 58.0452488 ], [ 102.7981368, 58.045437 ], [ 102.798078, 58.0455783 ], [ 102.7981012, 58.0457908 ], [ 102.7982831, 58.0466993 ], [ 102.7983755, 58.0469021 ], [ 102.7986506, 58.0471858 ], [ 102.7990409, 58.0474409 ], [ 102.7991722, 58.0475476 ], [ 102.7992896, 58.0476861 ], [ 102.7993909, 58.0479103 ], [ 102.7994185, 58.0480577 ], [ 102.7996393, 58.0493259 ], [ 102.7997662, 58.0496954 ], [ 102.7999632, 58.050033 ], [ 102.8001998, 58.0503858 ], [ 102.80033, 58.0507285 ], [ 102.80038, 58.0509436 ], [ 102.8003938, 58.0509987 ], [ 102.8004195, 58.0510856 ], [ 102.8005233, 58.0512064 ], [ 102.8007049, 58.0512998 ], [ 102.8008346, 58.0513328 ], [ 102.8009851, 58.0513355 ], [ 102.8013639, 58.0513273 ], [ 102.8016701, 58.0513273 ], [ 102.8018984, 58.051319 ], [ 102.8022305, 58.0513712 ], [ 102.8024331, 58.0514784 ], [ 102.8029882, 58.0549764 ], [ 102.8029934, 58.055122 ], [ 102.8029986, 58.0552043 ], [ 102.8030712, 58.0558715 ], [ 102.8031215, 58.0565911 ], [ 102.8031475, 58.0569509 ], [ 102.803167, 58.0572643 ], [ 102.8032751, 58.0575224 ], [ 102.8034407, 58.0578877 ], [ 102.803492949209243, 58.057956633830678 ], [ 102.803531828218041, 58.058007927985145 ], [ 102.8036668, 58.058186 ], [ 102.8039834, 58.0582534 ], [ 102.8049034, 58.0582279 ], [ 102.8061801, 58.0581513 ], [ 102.8069848, 58.05814 ], [ 102.807142462553642, 58.058121543945596 ], [ 102.8074461, 58.058086 ], [ 102.8081596, 58.0579413 ], [ 102.8105682, 58.0573112 ], [ 102.8136367, 58.0564229 ], [ 102.8151775, 58.0559393 ], [ 102.8157182, 58.0558131 ], [ 102.8163569, 58.0556532 ], [ 102.8174, 58.0553648 ], [ 102.8178726, 58.0552409 ], [ 102.8181962, 58.0551846 ], [ 102.8191499, 58.0549639 ], [ 102.8198823, 58.0547949 ], [ 102.8207296, 58.0545696 ], [ 102.821232, 58.0544502 ], [ 102.8214619, 58.0543961 ], [ 102.8216578, 58.0543826 ], [ 102.8224158, 58.0544418 ], [ 102.8233377, 58.0545498 ], [ 102.8242525, 58.054628 ], [ 102.8251916, 58.0545524 ], [ 102.8257871, 58.0545297 ], [ 102.8272086, 58.0545695 ], [ 102.828244, 58.0545808 ], [ 102.8301698, 58.0545666 ], [ 102.8318274, 58.0545439 ], [ 102.8338927, 58.054473 ], [ 102.8355074, 58.0543367 ], [ 102.837857, 58.0540983 ], [ 102.8390318, 58.0539734 ], [ 102.8403304, 58.0538189 ], [ 102.841301, 58.0536669 ], [ 102.841555, 58.053624 ], [ 102.841452, 58.0534124 ], [ 102.8409985, 58.0516204 ], [ 102.8407472, 58.0507251 ], [ 102.8407439, 58.0488548 ], [ 102.8407302, 58.0487065 ], [ 102.8406759, 58.0481161 ], [ 102.8412404, 58.0481001 ], [ 102.8423088, 58.0481748 ], [ 102.842853, 58.0484362 ], [ 102.8445665, 58.0483722 ], [ 102.8446673, 58.0481961 ], [ 102.844244, 58.0459984 ] ] ] } },
{ "type": "Feature", "properties": { "area": 9118406 }, "geometry": { "type": "Polygon", "coordinates": [ [ [ 102.758285866263492, 58.059004043706722 ], [ 102.7884242, 58.057226 ], [ 102.7884242, 58.057226 ], [ 102.7886062, 58.0571119 ], [ 102.7887907, 58.0570406 ], [ 102.7890746, 58.0570076 ], [ 102.7907129, 58.0569249 ], [ 102.791183, 58.0569054 ], [ 102.7915708, 58.0568682 ], [ 102.7919559, 58.0568109 ], [ 102.7935276, 58.0564834 ], [ 102.7939274, 58.0564005 ], [ 102.7942859, 58.0563478 ], [ 102.7945979, 58.0563191 ], [ 102.7962156, 58.0561874 ], [ 102.797116, 58.0561491 ], [ 102.797727, 58.05613 ], [ 102.7979332, 58.0561195 ], [ 102.7980964, 58.056104 ], [ 102.7979724, 58.0558676 ], [ 102.7979148, 58.0557136 ], [ 102.7978081, 58.055372 ], [ 102.7977463, 58.0549265 ], [ 102.7976628, 58.0542073 ], [ 102.7974989, 58.0533274 ], [ 102.7974367, 58.0528661 ], [ 102.7973738, 58.0524557 ], [ 102.7972291, 58.0515481 ], [ 102.7971409, 58.0511033 ], [ 102.7970639, 58.0506527 ], [ 102.7968036, 58.0490465 ], [ 102.796679, 58.0482391 ], [ 102.796551, 58.0474454 ], [ 102.7962639, 58.0458553 ], [ 102.7961705, 58.0450726 ], [ 102.7961613, 58.0447629 ], [ 102.7961379, 58.0445681 ], [ 102.7960615, 58.0439878 ], [ 102.7959266, 58.0432325 ], [ 102.7957811, 58.0424592 ], [ 102.7956464, 58.0416257 ], [ 102.7954878, 58.0408002 ], [ 102.7953298, 58.0398018 ], [ 102.7952831, 58.0395986 ], [ 102.7951709, 58.0388244 ], [ 102.7950029, 58.0378653 ], [ 102.7948796, 58.036902 ], [ 102.7947905, 58.0364552 ], [ 102.7947901, 58.036228 ], [ 102.7948213, 58.0359835 ], [ 102.7949134, 58.0357453 ], [ 102.795034, 58.035522 ], [ 102.7951416, 58.0353642 ], [ 102.7953142, 58.0351429 ], [ 102.7961349, 58.034525 ], [ 102.7967101, 58.0341522 ], [ 102.797122063626631, 58.033887590720965 ], [ 102.7970353, 58.0336931 ], [ 102.7966495, 58.0329333 ], [ 102.7964335, 58.0324839 ], [ 102.7961085, 58.0318203 ], [ 102.7960554, 58.0317119 ], [ 102.7956465, 58.0309439 ], [ 102.7945001, 58.02879 ], [ 102.7943134, 58.0284965 ], [ 102.794015699863181, 58.027986191393289 ], [ 102.793956337390398, 58.027884434030653 ], [ 102.7937438, 58.0278773 ], [ 102.7925325, 58.0278313 ], [ 102.7916389, 58.027813 ], [ 102.790746, 58.0278002 ], [ 102.78874, 58.0277471 ], [ 102.7872742, 58.0277106 ], [ 102.7857288, 58.0276443 ], [ 102.7817148, 58.0274178 ], [ 102.7806451, 58.027334 ], [ 102.7801029, 58.027291 ], [ 102.776756, 58.0270257 ], [ 102.7676485, 58.0263257 ], [ 102.7655627, 58.0262623 ], [ 102.7648414, 58.026255 ], [ 102.7632364, 58.0262387 ], [ 102.7578273, 58.0261863 ], [ 102.7569079, 58.0261577 ], [ 102.7563323, 58.0261022 ], [ 102.7546078, 58.025786 ], [ 102.7504102, 58.0248698 ], [ 102.74863, 58.0243677 ], [ 102.7481632, 58.0241844 ], [ 102.747335, 58.0238592 ], [ 102.7455221, 58.0230039 ], [ 102.7445858, 58.0225921 ], [ 102.743599, 58.0221214 ], [ 102.7413585, 58.0210082 ], [ 102.7411422, 58.0209008 ], [ 102.739296752242666, 58.019792850054323 ], [ 102.73866785930359, 58.020024254398763 ], [ 102.7364373, 58.020845 ], [ 102.7389908, 58.022453 ], [ 102.7428853, 58.0249586 ], [ 102.7449989, 58.0263136 ], [ 102.7454978, 58.0266545 ], [ 102.7457768, 58.0268732 ], [ 102.7458411, 58.0269755 ], [ 102.7459082, 58.0271218 ], [ 102.7459685, 58.0272915 ], [ 102.7460168, 58.0273426 ], [ 102.7460343, 58.0273689 ], [ 102.7460074, 58.0273959 ], [ 102.7462059, 58.0275521 ], [ 102.7470133, 58.0281444 ], [ 102.7470615, 58.0281316 ], [ 102.7473673, 58.0283475 ], [ 102.747429, 58.0283979 ], [ 102.7474414, 58.0284062 ], [ 102.7474578, 58.0284085 ], [ 102.7474662, 58.0284096 ], [ 102.7476208, 58.0283958 ], [ 102.7476583, 58.0284192 ], [ 102.7476972, 58.028454 ], [ 102.7477911, 58.0285506 ], [ 102.7478313, 58.0285875 ], [ 102.7478877, 58.0286365 ], [ 102.7479031, 58.0286464 ], [ 102.7479199, 58.0286507 ], [ 102.7479282, 58.0286501 ], [ 102.747938, 58.0286462 ], [ 102.7479856, 58.0285846 ], [ 102.7480271, 58.0285498 ], [ 102.7480808, 58.0285236 ], [ 102.7481318, 58.0285079 ], [ 102.7482095, 58.0285065 ], [ 102.7482752, 58.0285186 ], [ 102.7483557, 58.0285456 ], [ 102.7483973, 58.0285996 ], [ 102.7483772, 58.0286486 ], [ 102.7481934, 58.028775 ], [ 102.7481492, 58.0288282 ], [ 102.7481532, 58.0288793 ], [ 102.7484348, 58.02913 ], [ 102.7485341, 58.0292479 ], [ 102.7485743, 58.0293615 ], [ 102.7486333, 58.029451 ], [ 102.7488713, 58.0296278 ], [ 102.749033, 58.0298131 ], [ 102.7490772, 58.0298586 ], [ 102.7491269, 58.0299182 ], [ 102.7492381, 58.0300491 ], [ 102.7496574, 58.0305349 ], [ 102.7498698, 58.0307739 ], [ 102.7499852, 58.030776 ], [ 102.7500603, 58.0307788 ], [ 102.7501568, 58.0308001 ], [ 102.7501944, 58.0308172 ], [ 102.7502292, 58.0308399 ], [ 102.7504975, 58.0311367 ], [ 102.7507979, 58.0315116 ], [ 102.7514094, 58.0322387 ], [ 102.7518761, 58.0330481 ], [ 102.7521658, 58.0336275 ], [ 102.7525091, 58.0343034 ], [ 102.7527881, 58.035252 ], [ 102.7528524, 58.0359165 ], [ 102.7528417, 58.0365753 ], [ 102.7528095, 58.0374443 ], [ 102.7526808, 58.0382508 ], [ 102.7524447, 58.0389266 ], [ 102.7522945, 58.0396535 ], [ 102.7522516, 58.0403237 ], [ 102.7522731, 58.0413913 ], [ 102.7521336, 58.0421977 ], [ 102.7520692, 58.0428962 ], [ 102.7521014, 58.0435549 ], [ 102.75225, 58.04425 ], [ 102.7523589, 58.0447303 ], [ 102.752434, 58.0454685 ], [ 102.7525091, 58.0461669 ], [ 102.7526593, 58.0468312 ], [ 102.7532279, 58.0482904 ], [ 102.7535498, 58.049426 ], [ 102.7536142, 58.0501073 ], [ 102.7536893, 58.0512314 ], [ 102.7539468, 58.0517764 ], [ 102.75425, 58.05225 ], [ 102.7563286, 58.0545524 ], [ 102.7572298, 58.0557673 ], [ 102.75775, 58.05675 ], [ 102.7581405, 58.0583927 ], [ 102.758285866263492, 58.059004043706722 ] ] ] } },
{ "type": "Feature", "properties": { "area": 1559275 }, "geometry": { "type": "Polygon", "coordinates": [ [ [ 102.789934299999985, 58.0651551 ], [ 102.7899343, 58.0651551 ], [ 102.7897501, 58.0649985 ], [ 102.789612, 58.0648246 ], [ 102.7895002, 58.064588 ], [ 102.7894213, 58.0642853 ], [ 102.7893555, 58.0639966 ], [ 102.7892174, 58.0630329 ], [ 102.7889741, 58.0615507 ], [ 102.7888294, 58.0607714 ], [ 102.7887307, 58.0601311 ], [ 102.7886386, 58.0596927 ], [ 102.7885343, 58.0592465 ], [ 102.7885112, 58.059106 ], [ 102.788273, 58.0576524 ], [ 102.7882711, 58.0574968 ], [ 102.7883003, 58.0573687 ], [ 102.7884242, 58.057226 ], [ 102.7884242, 58.057226 ], [ 102.7884242, 58.057226 ], [ 102.758285866263492, 58.059004043706722 ], [ 102.7586567, 58.0605636 ], [ 102.7589142, 58.0615625 ], [ 102.7592146, 58.0626692 ], [ 102.7598315, 58.0646897 ], [ 102.7600676, 58.0653395 ], [ 102.7602982, 58.0658105 ], [ 102.7606201, 58.0662219 ], [ 102.7610868, 58.066815 ], [ 102.761145045913509, 58.066900803023401 ], [ 102.789934299999985, 58.0651551 ] ], [ [ 102.7770525, 58.0582852 ], [ 102.7771184, 58.058286 ], [ 102.7771513, 58.0582895 ], [ 102.7772287, 58.0582799 ], [ 102.7772896, 58.058286 ], [ 102.7773159, 58.0582956 ], [ 102.7773159, 58.0583339 ], [ 102.7773373, 58.058354 ], [ 102.7773373, 58.0583845 ], [ 102.7773571, 58.058401 ], [ 102.7773686, 58.0584263 ], [ 102.7773686, 58.0584751 ], [ 102.7773769, 58.0585561 ], [ 102.7773871, 58.0586157 ], [ 102.7773818, 58.0586437 ], [ 102.7773538, 58.0586461 ], [ 102.7773505, 58.0586737 ], [ 102.7773093, 58.0586885 ], [ 102.7772962, 58.0587041 ], [ 102.7772748, 58.0586937 ], [ 102.7772484, 58.0587076 ], [ 102.7772781, 58.0587251 ], [ 102.7772517, 58.0587329 ], [ 102.7771842, 58.0587172 ], [ 102.7771134, 58.0587407 ], [ 102.7770262, 58.0587329 ], [ 102.7769965, 58.0587224 ], [ 102.7769735, 58.0586684 ], [ 102.7769652, 58.0586162 ], [ 102.7769899, 58.058617 ], [ 102.77698, 58.0585857 ], [ 102.7769455, 58.058577 ], [ 102.7769455, 58.0585578 ], [ 102.7769916, 58.0585587 ], [ 102.7769504, 58.0585352 ], [ 102.7769307, 58.0585082 ], [ 102.7769191, 58.0584594 ], [ 102.7769521, 58.0584585 ], [ 102.7769537, 58.0584298 ], [ 102.7769142, 58.0584254 ], [ 102.7769057, 58.0584177 ], [ 102.7769121, 58.0583429 ], [ 102.7769241, 58.0583061 ], [ 102.7769504, 58.0582921 ], [ 102.7769833, 58.0582878 ], [ 102.7770525, 58.0582852 ] ] ] } },
{ "type": "Feature", "properties": { "area": 3481808 }, "geometry": { "type": "Polygon", "coordinates": [ [ [ 102.771888365165765, 58.085663798956702 ], [ 102.8030488, 58.0776004 ], [ 102.801911, 58.0762337 ], [ 102.8007403, 58.0748043 ], [ 102.7994446, 58.0732357 ], [ 102.7984054, 58.0719557 ], [ 102.7978398, 58.07126 ], [ 102.7974649, 58.0707835 ], [ 102.7971953, 58.0704565 ], [ 102.7967086, 58.0699382 ], [ 102.7964258, 58.0696878 ], [ 102.7961956, 58.0695139 ], [ 102.7958536, 58.0693121 ], [ 102.7955905, 58.0691486 ], [ 102.7948802, 58.0686268 ], [ 102.7940383, 58.068025 ], [ 102.7928347, 58.0671658 ], [ 102.7915983, 58.0662961 ], [ 102.7905788, 58.0656073 ], [ 102.7899343, 58.0651551 ], [ 102.789934299999985, 58.0651551 ], [ 102.761145045913509, 58.066900803023401 ], [ 102.7617359, 58.0677712 ], [ 102.7623689, 58.0686791 ], [ 102.7630019, 58.0696381 ], [ 102.7638763, 58.0708935 ], [ 102.7641016, 58.0711673 ], [ 102.7642679, 58.0714425 ], [ 102.7645951, 58.0722822 ], [ 102.7647775, 58.0726425 ], [ 102.765094, 58.0730794 ], [ 102.7660114, 58.0741007 ], [ 102.7670467, 58.0750708 ], [ 102.767728, 58.0758084 ], [ 102.7682322, 58.0765998 ], [ 102.7686989, 58.0777288 ], [ 102.7690315, 58.078523 ], [ 102.7691388, 58.0791243 ], [ 102.7691173, 58.0798618 ], [ 102.7691495, 58.080656 ], [ 102.7691495, 58.0812799 ], [ 102.7693319, 58.0820798 ], [ 102.7699113, 58.0832879 ], [ 102.7704584, 58.0842522 ], [ 102.770952, 58.0849045 ], [ 102.771888365165765, 58.085663798956702 ] ] ] } },
{ "type": "Feature", "properties": { "area": 2134956 }, "geometry": { "type": "Polygon", "coordinates": [ [ [ 102.812430193500603, 58.062964796430208 ], [ 102.8074461, 58.058086 ], [ 102.807142462553642, 58.058121543945596 ], [ 102.8069848, 58.05814 ], [ 102.8061801, 58.0581513 ], [ 102.8049034, 58.0582279 ], [ 102.8039834, 58.0582534 ], [ 102.8036668, 58.058186 ], [ 102.803531828218041, 58.058007927985145 ], [ 102.803403, 58.0580147 ], [ 102.8026687, 58.0580101 ], [ 102.801747, 58.0579078 ], [ 102.8009154, 58.0577297 ], [ 102.8003072, 58.0575635 ], [ 102.7997942, 58.0573713 ], [ 102.7993704, 58.0571777 ], [ 102.7991822, 58.0570742 ], [ 102.7988775, 58.0568818 ], [ 102.7985806, 58.0566469 ], [ 102.7984192, 58.0565021 ], [ 102.7981973, 58.056258 ], [ 102.7980964, 58.056104 ], [ 102.7979332, 58.0561195 ], [ 102.797727, 58.05613 ], [ 102.797116, 58.0561491 ], [ 102.7962156, 58.0561874 ], [ 102.7945979, 58.0563191 ], [ 102.7942859, 58.0563478 ], [ 102.7939274, 58.0564005 ], [ 102.7935276, 58.0564834 ], [ 102.7919559, 58.0568109 ], [ 102.7915708, 58.0568682 ], [ 102.791183, 58.0569054 ], [ 102.7907129, 58.0569249 ], [ 102.7890746, 58.0570076 ], [ 102.7887907, 58.0570406 ], [ 102.7886062, 58.0571119 ], [ 102.7884242, 58.057226 ], [ 102.7883003, 58.0573687 ], [ 102.7882711, 58.0574968 ], [ 102.788273, 58.0576524 ], [ 102.7885112, 58.059106 ], [ 102.7885343, 58.0592465 ], [ 102.7886386, 58.0596927 ], [ 102.7887307, 58.0601311 ], [ 102.7888294, 58.0607714 ], [ 102.7889741, 58.0615507 ], [ 102.7892174, 58.0630329 ], [ 102.7893555, 58.0639966 ], [ 102.7894213, 58.0642853 ], [ 102.7895002, 58.064588 ], [ 102.789612, 58.0648246 ], [ 102.7897501, 58.0649985 ], [ 102.7899343, 58.0651551 ], [ 102.7905788, 58.0656073 ], [ 102.7915983, 58.0662961 ], [ 102.7928347, 58.0671658 ], [ 102.7940383, 58.068025 ], [ 102.7948802, 58.0686268 ], [ 102.7955905, 58.0691486 ], [ 102.7958536, 58.0693121 ], [ 102.7961956, 58.0695139 ], [ 102.7964258, 58.0696878 ], [ 102.7967086, 58.0699382 ], [ 102.7971953, 58.0704565 ], [ 102.7974649, 58.0707835 ], [ 102.7978398, 58.07126 ], [ 102.7984054, 58.0719557 ], [ 102.7994446, 58.0732357 ], [ 102.8007403, 58.0748043 ], [ 102.801911, 58.0762337 ], [ 102.8030488, 58.0776004 ], [ 102.808101624627625, 58.07653665421595 ], [ 102.805817491495787, 58.075893505905412 ], [ 102.805385113208231, 58.075646923275187 ], [ 102.805566628643433, 58.075334957919495 ], [ 102.806293498305322, 58.074422958406714 ], [ 102.808829269237748, 58.073728234274363 ], [ 102.808902783704966, 58.073705545100744 ], [ 102.808971633868197, 58.073679064922509 ], [ 102.809035125811775, 58.073649060627631 ], [ 102.809092619629183, 58.073615834622352 ], [ 102.809143535872224, 58.073579721782885 ], [ 102.809187361391139, 58.073541086080077 ], [ 102.809223654505843, 58.073500316910824 ], [ 102.80925204945693, 58.073457825173229 ], [ 102.809488940829141, 58.07303732361261 ], [ 102.809508757577603, 58.072994616223276 ], [ 102.809520593614096, 58.07295108651526 ], [ 102.809524335414949, 58.072907152105124 ], [ 102.80951994711188, 58.072863234490555 ], [ 102.809507470835015, 58.072819755006513 ], [ 102.809487026307551, 58.072777130783173 ], [ 102.809458809696068, 58.072735770744124 ], [ 102.809423091727552, 58.072696071683289 ], [ 102.809380215091196, 58.072658414458466 ], [ 102.809330591149987, 58.072623160337656 ], [ 102.809274695993651, 58.072590647533417 ], [ 102.809213065870779, 58.072561187958392 ], [ 102.809146292044105, 58.072535064233236 ], [ 102.80907501511814, 58.072512526975466 ], [ 102.808999918893718, 58.072493792395363 ], [ 102.808977794530634, 58.07248961845066 ], [ 102.809016047634913, 58.072479774508878 ], [ 102.809086322888362, 58.072456975980842 ], [ 102.809152086753642, 58.072430668860157 ], [ 102.809212717417893, 58.07240110189089 ], [ 102.809267641608756, 58.072368554639588 ], [ 102.809316340014973, 58.072333334851749 ], [ 102.809358352196242, 58.07229577554169 ], [ 102.809393280936519, 58.07225623184361 ], [ 102.809420795999202, 58.072215077653567 ], [ 102.809440637248883, 58.072172702093873 ], [ 102.809452617110011, 58.072129505833807 ], [ 102.80945662233961, 58.072085897301179 ], [ 102.809456597730133, 58.071040543801864 ], [ 102.810032306437293, 58.071058066953782 ], [ 102.810115311763766, 58.071058435447895 ], [ 102.810197986881874, 58.071054499009016 ], [ 102.810279538453457, 58.071046295410405 ], [ 102.810359183922856, 58.071033903372339 ], [ 102.810436159027034, 58.071017441806653 ], [ 102.810509725130004, 58.070997068675595 ], [ 102.810579176311208, 58.070972979475698 ], [ 102.810643846139882, 58.070945405361982 ], [ 102.810703114070265, 58.070914610929314 ], [ 102.813509510655138, 58.069306097262931 ], [ 102.813563772082233, 58.06927169733396 ], [ 102.813611288761734, 58.069234601472836 ], [ 102.813651586951906, 58.06919517954227 ], [ 102.813684264886703, 58.069153824595844 ], [ 102.813708996780932, 58.069110948958674 ], [ 102.813725536077499, 58.069066980116354 ], [ 102.813733717904512, 58.069022356452578 ], [ 102.813733460718154, 58.0689775228781 ], [ 102.813724767114238, 58.068932926395 ], [ 102.813707723801215, 58.068889011639762 ], [ 102.81368250073433, 58.068846216450289 ], [ 102.813649349420089, 58.068804967500668 ], [ 102.81360860040752, 58.06876567604732 ], [ 102.813560659991694, 58.068728733828834 ], [ 102.812197698503425, 58.067783251894959 ], [ 102.811956495568012, 58.066956394700526 ], [ 102.812266448375823, 58.06565022429217 ], [ 102.812273068959584, 58.065594197224002 ], [ 102.812273056207161, 58.065055897138883 ], [ 102.812268436000892, 58.065009075619344 ], [ 102.812254628018309, 58.064962764686086 ], [ 102.812231782851327, 58.064917469294691 ], [ 102.81220014962733, 58.064873683325843 ], [ 102.812160073291153, 58.064831884200352 ], [ 102.812111990842965, 58.064792527673788 ], [ 102.812056426572255, 58.064756042867479 ], [ 102.811608512857489, 58.064491477171174 ], [ 102.811546605334129, 58.063785516737319 ], [ 102.811991650926672, 58.06361827091969 ], [ 102.812059713768392, 58.06358981105415 ], [ 102.812121932158888, 58.063557813779518 ], [ 102.812177654576999, 58.063522614164128 ], [ 102.812226297531126, 58.063484580809522 ], [ 102.812267351668936, 58.063444111990236 ], [ 102.812300387110554, 58.063401631482975 ], [ 102.812325057949323, 58.063357584128745 ], [ 102.812341105872903, 58.063312431174346 ], [ 102.812430193500603, 58.062964796430208 ] ] ] } },
{ "type": "Feature", "properties": { "area": 254361 }, "geometry": { "type": "Polygon", "coordinates": [ [ [ 102.6709608, 57.9844187 ], [ 102.6710862, 57.9845243 ], [ 102.6712176, 57.9846532 ], [ 102.6714601, 57.9849804 ], [ 102.6715042, 57.9852546 ], [ 102.674492626226183, 57.984163611393768 ], [ 102.677897192434557, 57.986854538966391 ], [ 102.677897192434571, 57.986854538966405 ], [ 102.677974699999851, 57.986915799999892 ], [ 102.67797469999995, 57.98691579999997 ], [ 102.6779747, 57.9869158 ], [ 102.6780698, 57.9869253 ], [ 102.6784549, 57.9869143 ], [ 102.6784548, 57.9866925 ], [ 102.6784468, 57.9857427 ], [ 102.6784219, 57.9855453 ], [ 102.6785165, 57.9855123 ], [ 102.6784468, 57.9854171 ], [ 102.6784104, 57.9853085 ], [ 102.67842, 57.9849649 ], [ 102.6784039, 57.9848057 ], [ 102.6783997, 57.9843871 ], [ 102.6784146, 57.9838416 ], [ 102.6783663, 57.9833978 ], [ 102.6783556, 57.9829599 ], [ 102.678318, 57.9820469 ], [ 102.6782548, 57.9817706 ], [ 102.678228, 57.981523 ], [ 102.6782494, 57.9810054 ], [ 102.6781862, 57.9801788 ], [ 102.6776057, 57.9802687 ], [ 102.6766562, 57.980354 ], [ 102.6758784, 57.9805105 ], [ 102.6739536, 57.9807448 ], [ 102.672457, 57.9809695 ], [ 102.6717827, 57.9810793 ], [ 102.6712929, 57.9811402 ], [ 102.6696077, 57.9813979 ], [ 102.6685208, 57.981562 ], [ 102.6685603, 57.9818951 ], [ 102.6687108, 57.9823476 ], [ 102.6690121, 57.9828746 ], [ 102.6690943, 57.9829838 ], [ 102.6694841, 57.9832706 ], [ 102.6708341, 57.9843092 ], [ 102.6709608, 57.9844187 ] ] ] } },
{ "type": "Feature", "properties": { "area": 169649 }, "geometry": { "type": "Polygon", "coordinates": [ [ [ 102.678998899999925, 57.987609299999974 ], [ 102.6789989, 57.987609299999981 ], [ 102.680701, 57.9876703 ], [ 102.680693, 57.9875338 ], [ 102.6806876, 57.9873077 ], [ 102.6806581, 57.9871769 ], [ 102.680583, 57.9870433 ], [ 102.680465, 57.9869068 ], [ 102.6804269, 57.9867838 ], [ 102.6804274, 57.9866565 ], [ 102.6804542, 57.9864944 ], [ 102.6805186, 57.9862214 ], [ 102.6806152, 57.9859342 ], [ 102.6806688, 57.9857749 ], [ 102.6807894, 57.9855615 ], [ 102.6809424, 57.985354 ], [ 102.6810991, 57.9851975 ], [ 102.6812267, 57.9850668 ], [ 102.6813018, 57.9849161 ], [ 102.6813447, 57.9846971 ], [ 102.6813018, 57.9845123 ], [ 102.6811895, 57.9843847 ], [ 102.6810497, 57.9843075 ], [ 102.6808619, 57.9842193 ], [ 102.6807707, 57.9841454 ], [ 102.6807117, 57.9840288 ], [ 102.6806929, 57.9838715 ], [ 102.6806849, 57.9835368 ], [ 102.6807117, 57.9832723 ], [ 102.6807761, 57.9828969 ], [ 102.6808298, 57.982658 ], [ 102.6809023, 57.9824528 ], [ 102.6809263, 57.9823423 ], [ 102.6810014, 57.9822626 ], [ 102.681098, 57.9822143 ], [ 102.6812267, 57.9821688 ], [ 102.6812375, 57.9821204 ], [ 102.6812106, 57.9819668 ], [ 102.6812643, 57.9818303 ], [ 102.6814681, 57.9816284 ], [ 102.6817446, 57.981409 ], [ 102.6821119, 57.9811562 ], [ 102.682203, 57.9810795 ], [ 102.6823533, 57.9809771 ], [ 102.6824624, 57.9809516 ], [ 102.6825769, 57.9809729 ], [ 102.6827931, 57.9810169 ], [ 102.6829272, 57.9810851 ], [ 102.6830023, 57.9811904 ], [ 102.6830131, 57.9812814 ], [ 102.6830828, 57.9814094 ], [ 102.6832008, 57.9815089 ], [ 102.6833203, 57.9815823 ], [ 102.6834315, 57.9816184 ], [ 102.6835442, 57.9816312 ], [ 102.6837641, 57.9816369 ], [ 102.6839974, 57.9816213 ], [ 102.68414, 57.9816064 ], [ 102.6842657, 57.9815687 ], [ 102.6843471, 57.9815085 ], [ 102.6844293, 57.9814279 ], [ 102.6844776, 57.9813269 ], [ 102.6845324, 57.9811932 ], [ 102.684617, 57.981088 ], [ 102.6846251, 57.9810325 ], [ 102.6845688, 57.9809685 ], [ 102.6844507, 57.9808946 ], [ 102.6843783, 57.9808021 ], [ 102.6843435, 57.9807211 ], [ 102.6842523, 57.9805362 ], [ 102.6842485, 57.9803292 ], [ 102.6843327, 57.9801864 ], [ 102.6844893, 57.98 ], [ 102.6848155, 57.9797398 ], [ 102.685060359534987, 57.979522641054864 ], [ 102.682646740163861, 57.979458653308185 ], [ 102.6781862, 57.980178799999983 ], [ 102.678186199999971, 57.9801788 ], [ 102.6781862, 57.9801788 ], [ 102.6782494, 57.9810054 ], [ 102.678228, 57.981523 ], [ 102.6782548, 57.9817706 ], [ 102.678318, 57.9820469 ], [ 102.6783556, 57.9829599 ], [ 102.6783663, 57.9833978 ], [ 102.6784146, 57.9838416 ], [ 102.6783997, 57.9843871 ], [ 102.6784039, 57.9848057 ], [ 102.67842, 57.9849649 ], [ 102.6784104, 57.9853085 ], [ 102.6784468, 57.9854171 ], [ 102.6785165, 57.9855123 ], [ 102.6784219, 57.9855453 ], [ 102.6784468, 57.9857427 ], [ 102.6784548, 57.9866925 ], [ 102.6784549, 57.9869143 ], [ 102.678546, 57.9872698 ], [ 102.6786131, 57.9874191 ], [ 102.6787457, 57.9874661 ], [ 102.6788685, 57.9875596 ], [ 102.678998899999925, 57.987609299999974 ] ] ] } },
{ "type": "Feature", "properties": { "area": 4776086 }, "geometry": { "type": "Polygon", "coordinates": [ [ [ 102.5967064, 57.9627034 ], [ 102.6387083, 57.9531413 ], [ 102.638708300000019, 57.9531413 ], [ 102.6387083, 57.9531413 ], [ 102.6387393, 57.9530114 ], [ 102.6389873, 57.9529249 ], [ 102.6395569, 57.9527785 ], [ 102.6401567, 57.9526801 ], [ 102.6408648, 57.9526175 ], [ 102.6417017, 57.9525435 ], [ 102.6424634, 57.9525207 ], [ 102.6434934, 57.9525435 ], [ 102.6444375, 57.9525037 ], [ 102.6451886, 57.952424 ], [ 102.6459034, 57.9522728 ], [ 102.6464438, 57.9521108 ], [ 102.6466262, 57.9519514 ], [ 102.6466674, 57.95175 ], [ 102.6465726, 57.9515586 ], [ 102.6464067, 57.9513634 ], [ 102.6459503, 57.9511202 ], [ 102.6454353, 57.9508697 ], [ 102.644577, 57.9504826 ], [ 102.6436221, 57.9501524 ], [ 102.6431394, 57.9499304 ], [ 102.6427638, 57.9497539 ], [ 102.642632, 57.9495854 ], [ 102.6427746, 57.9494692 ], [ 102.6431823, 57.9493439 ], [ 102.6437962, 57.9490399 ], [ 102.64418, 57.9486949 ], [ 102.6443517, 57.9483646 ], [ 102.6443423, 57.9480279 ], [ 102.6442981, 57.9476245 ], [ 102.6442444, 57.9471291 ], [ 102.6440728, 57.9467533 ], [ 102.6439869, 57.9464572 ], [ 102.6440891, 57.9461651 ], [ 102.6444142, 57.945955 ], [ 102.6453817, 57.9456373 ], [ 102.6460576, 57.9455006 ], [ 102.6464009, 57.9453811 ], [ 102.6466964, 57.9451931 ], [ 102.6469803, 57.944749 ], [ 102.6473451, 57.9442081 ], [ 102.647624, 57.9438664 ], [ 102.6479459, 57.9434906 ], [ 102.6482463, 57.9432002 ], [ 102.6488364, 57.9427902 ], [ 102.6494372, 57.9423688 ], [ 102.6499307, 57.9418278 ], [ 102.6501828, 57.9414633 ], [ 102.650435, 57.9411444 ], [ 102.65073, 57.9408625 ], [ 102.6508856, 57.9406518 ], [ 102.6509925, 57.940381 ], [ 102.6510787, 57.9402418 ], [ 102.651068, 57.940088 ], [ 102.6509339, 57.9398431 ], [ 102.6506603, 57.9395812 ], [ 102.6504242, 57.9393648 ], [ 102.6501238, 57.9391854 ], [ 102.6498395, 57.9390458 ], [ 102.6494678, 57.9389265 ], [ 102.6489222, 57.9387696 ], [ 102.6485735, 57.9386984 ], [ 102.6482516, 57.93865 ], [ 102.6478386, 57.9386272 ], [ 102.6474148, 57.9386045 ], [ 102.6469678, 57.9385991 ], [ 102.6463902, 57.9386386 ], [ 102.645725, 57.9387013 ], [ 102.6449096, 57.9387924 ], [ 102.6444966, 57.9388095 ], [ 102.6441586, 57.9387839 ], [ 102.6438367, 57.9387696 ], [ 102.6436406, 57.9387813 ], [ 102.6435685, 57.9388579 ], [ 102.6435676, 57.939 ], [ 102.6434773, 57.9391825 ], [ 102.6433647, 57.9393078 ], [ 102.643177, 57.9394117 ], [ 102.6430052, 57.9394473 ], [ 102.6426512, 57.93949 ], [ 102.6423004, 57.9394658 ], [ 102.641986, 57.9394359 ], [ 102.6415622, 57.9393591 ], [ 102.6410419, 57.9392252 ], [ 102.6407897, 57.9391142 ], [ 102.640620245538315, 57.938993612414016 ], [ 102.633865522578333, 57.940889458547147 ], [ 102.6339877, 57.9409821 ], [ 102.6343423, 57.9411139 ], [ 102.6347887, 57.9412249 ], [ 102.6353663, 57.9413494 ], [ 102.6357901, 57.9414235 ], [ 102.6361495, 57.9415032 ], [ 102.6364821, 57.9415943 ], [ 102.6368523, 57.9417139 ], [ 102.6372868, 57.9418164 ], [ 102.6378616, 57.9419265 ], [ 102.6384281, 57.9420769 ], [ 102.6385742, 57.942178 ], [ 102.6385421, 57.9422862 ], [ 102.6384187, 57.9423802 ], [ 102.6382393, 57.9424117 ], [ 102.6377749, 57.9424115 ], [ 102.6374088, 57.9424009 ], [ 102.6369542, 57.9423545 ], [ 102.6364446, 57.9422976 ], [ 102.6357526, 57.9422349 ], [ 102.6350659, 57.9421666 ], [ 102.6343627, 57.9420712 ], [ 102.6340842, 57.942047 ], [ 102.6337248, 57.9420185 ], [ 102.6333868, 57.9420527 ], [ 102.6330515, 57.9422472 ], [ 102.6327646, 57.942514 ], [ 102.6325983, 57.9426877 ], [ 102.6324803, 57.9428357 ], [ 102.6324481, 57.942998 ], [ 102.6324695, 57.9432286 ], [ 102.6324642, 57.9433368 ], [ 102.6324105, 57.9434336 ], [ 102.6322979, 57.943539 ], [ 102.6320891, 57.9436931 ], [ 102.6317453, 57.9438351 ], [ 102.6313269, 57.9440258 ], [ 102.6306885, 57.9443191 ], [ 102.6302808, 57.9444672 ], [ 102.6298141, 57.9446294 ], [ 102.6291749, 57.9447922 ], [ 102.6288217, 57.9449255 ], [ 102.6286179, 57.9450366 ], [ 102.6284516, 57.9450764 ], [ 102.6282048, 57.9450793 ], [ 102.6278937, 57.9450223 ], [ 102.6272124, 57.9449312 ], [ 102.6268101, 57.9448629 ], [ 102.6264721, 57.9448401 ], [ 102.6260483, 57.944843 ], [ 102.6255268, 57.9448952 ], [ 102.6253778, 57.9449284 ], [ 102.6252812, 57.9449825 ], [ 102.6252866, 57.945048 ], [ 102.6254013, 57.9451424 ], [ 102.6257318, 57.9453554 ], [ 102.6260376, 57.9455519 ], [ 102.6261932, 57.9457085 ], [ 102.6263122, 57.9458326 ], [ 102.6263004, 57.9459362 ], [ 102.6261824, 57.9459903 ], [ 102.6259679, 57.9460074 ], [ 102.6254785, 57.9460712 ], [ 102.6251578, 57.9461441 ], [ 102.6249272, 57.946201 ], [ 102.624793, 57.946275 ], [ 102.6246697, 57.9463661 ], [ 102.6246214, 57.9464999 ], [ 102.6246053, 57.9466651 ], [ 102.6245302, 57.9468017 ], [ 102.6243693, 57.9469811 ], [ 102.6240689, 57.9471804 ], [ 102.6239186, 57.9473426 ], [ 102.6237577, 57.9474508 ], [ 102.6235378, 57.9475391 ], [ 102.6230764, 57.9477383 ], [ 102.6228672, 57.9478664 ], [ 102.622717, 57.9480344 ], [ 102.6226848, 57.9482195 ], [ 102.6227124, 57.9484516 ], [ 102.6226097, 57.9486123 ], [ 102.622481, 57.9487006 ], [ 102.6222879, 57.9487518 ], [ 102.621966, 57.9487575 ], [ 102.6214671, 57.948749 ], [ 102.6209682, 57.9487518 ], [ 102.620582, 57.9488059 ], [ 102.6202387, 57.9488657 ], [ 102.6200462, 57.9489658 ], [ 102.6197612, 57.9491817 ], [ 102.6194286, 57.9494692 ], [ 102.6191765, 57.9498193 ], [ 102.6190799, 57.9500243 ], [ 102.6190317, 57.9501609 ], [ 102.6188922, 57.9502748 ], [ 102.6186508, 57.9504456 ], [ 102.6184791, 57.9506192 ], [ 102.6183197, 57.9507353 ], [ 102.6181626, 57.9507787 ], [ 102.6179212, 57.9507644 ], [ 102.6176584, 57.9507018 ], [ 102.6174009, 57.9506363 ], [ 102.6172775, 57.9504997 ], [ 102.6172453, 57.9502577 ], [ 102.6172131, 57.9500926 ], [ 102.6171749, 57.949898 ], [ 102.6171058, 57.9497311 ], [ 102.61702, 57.9496286 ], [ 102.6168215, 57.9494977 ], [ 102.6165426, 57.9494151 ], [ 102.6162904, 57.9494037 ], [ 102.6159793, 57.9494066 ], [ 102.6156306, 57.9494123 ], [ 102.6152927, 57.9493895 ], [ 102.6149869, 57.9493724 ], [ 102.6147285, 57.9493041 ], [ 102.6145577, 57.9492187 ], [ 102.6144934, 57.9491105 ], [ 102.6144665, 57.9489881 ], [ 102.6143981, 57.9487813 ], [ 102.6142842, 57.9486095 ], [ 102.6142466, 57.9484842 ], [ 102.6142801, 57.9483012 ], [ 102.6142842, 57.9481255 ], [ 102.6142017, 57.9479488 ], [ 102.6139569, 57.9478437 ], [ 102.6135707, 57.9477127 ], [ 102.6131093, 57.9475789 ], [ 102.6129699, 57.9474907 ], [ 102.612868, 57.9473605 ], [ 102.6126963, 57.9472658 ], [ 102.6124978, 57.9472031 ], [ 102.6123208, 57.9471149 ], [ 102.6122607, 57.9470171 ], [ 102.612284192192092, 57.946946684284327 ], [ 102.607671372776508, 57.948241362971181 ], [ 102.596357851948795, 57.94658284424203 ], [ 102.5962768, 57.9466589 ], [ 102.5960988, 57.9467732 ], [ 102.5958896, 57.9468074 ], [ 102.5958896, 57.9468074 ], [ 102.580135649418821, 57.955673792926262 ], [ 102.5833046, 57.9569482 ], [ 102.5881206, 57.9588771 ], [ 102.5890403, 57.959234 ], [ 102.5902296, 57.9596977 ], [ 102.5915062, 57.9602436 ], [ 102.5944036, 57.961412 ], [ 102.5957058, 57.9620913 ], [ 102.5967064, 57.9627034 ], [ 102.5967064, 57.9627034 ] ] ] } },
{ "type": "Feature", "properties": { "area": 43387 }, "geometry": { "type": "Polygon", "coordinates": [ [ [ 102.6633338, 57.9847445 ], [ 102.6633338, 57.9847445 ], [ 102.662603460098467, 57.983977524381913 ], [ 102.660956442663519, 57.983498889403627 ], [ 102.6609371, 57.9835248 ], [ 102.6606999, 57.9838548 ], [ 102.660438, 57.9842011 ], [ 102.6596832, 57.9848315 ], [ 102.659320298929217, 57.985115307247661 ], [ 102.6596227, 57.9852204 ], [ 102.6596832, 57.9854099 ], [ 102.6596849, 57.9855995 ], [ 102.659783, 57.9856687 ], [ 102.6608955, 57.9864536 ], [ 102.6610839, 57.9865906 ], [ 102.6612103, 57.9864137 ], [ 102.6618786, 57.9859054 ], [ 102.6625168, 57.9854213 ], [ 102.662755, 57.9852409 ], [ 102.6629677, 57.9850782 ], [ 102.6631272, 57.9849466 ], [ 102.6633338, 57.9847445 ] ] ] } },
{ "type": "Feature", "properties": { "area": 90485 }, "geometry": { "type": "Polygon", "coordinates": [ [ [ 102.661743619285474, 57.982326085971657 ], [ 102.668520799999982, 57.981562 ], [ 102.6685208, 57.981562 ], [ 102.6685208, 57.981562 ], [ 102.668571, 57.9809011 ], [ 102.6685479, 57.9805598 ], [ 102.6683167, 57.9802269 ], [ 102.6678774, 57.9799051 ], [ 102.6673149, 57.97972 ], [ 102.6657595, 57.979544 ], [ 102.6640087, 57.9793876 ], [ 102.6637937, 57.9793701 ], [ 102.6633844, 57.9793514 ], [ 102.6625066, 57.9809464 ], [ 102.6618855, 57.9820641 ], [ 102.661743619285474, 57.982326085971657 ] ] ] } },
{ "type": "Feature", "properties": { "area": 196719 }, "geometry": { "type": "Polygon", "coordinates": [ [ [ 102.660956442663519, 57.983498889403627 ], [ 102.662603460098467, 57.983977524381913 ], [ 102.6633338, 57.9847445 ], [ 102.6633338, 57.9847445 ], [ 102.6633338, 57.9847445 ], [ 102.6637474, 57.9848936 ], [ 102.6648062, 57.9851962 ], [ 102.6655402, 57.9853641 ], [ 102.6663033, 57.9855207 ], [ 102.6669268, 57.9856872 ], [ 102.6674035, 57.9858145 ], [ 102.6679147, 57.9859939 ], [ 102.6686329, 57.9862473 ], [ 102.6688387, 57.9863019 ], [ 102.6694205, 57.9865189 ], [ 102.6697389, 57.9866772 ], [ 102.670396, 57.9862592 ], [ 102.671522, 57.9854379 ], [ 102.6715042, 57.9852546 ], [ 102.6714601, 57.9849804 ], [ 102.6712176, 57.9846532 ], [ 102.6710862, 57.9845243 ], [ 102.6709608, 57.9844187 ], [ 102.6708341, 57.9843092 ], [ 102.6694841, 57.9832706 ], [ 102.6690943, 57.9829838 ], [ 102.6690121, 57.9828746 ], [ 102.6687108, 57.9823476 ], [ 102.6685603, 57.9818951 ], [ 102.6685208, 57.981562 ], [ 102.668520799999982, 57.981562 ], [ 102.661743619285474, 57.982326085971657 ], [ 102.6615102, 57.9827571 ], [ 102.660956442663519, 57.983498889403627 ] ] ] } },
{ "type": "Feature", "properties": { "area": 66998 }, "geometry": { "type": "Polygon", "coordinates": [ [ [ 102.657649425445868, 57.981394971649827 ], [ 102.661510199999981, 57.982757099999986 ], [ 102.6615102, 57.9827571 ], [ 102.6618855, 57.9820641 ], [ 102.6625066, 57.9809464 ], [ 102.6633844, 57.9793514 ], [ 102.6626889, 57.9793328 ], [ 102.6615652, 57.9794586 ], [ 102.6604915, 57.9796946 ], [ 102.6591441, 57.980403 ], [ 102.657649425445868, 57.981394971649827 ] ] ] } },
{ "type": "Feature", "properties": { "area": 138541 }, "geometry": { "type": "Polygon", "coordinates": [ [ [ 102.6572483, 57.986416 ], [ 102.6572483, 57.986416 ], [ 102.6574525, 57.9862673 ], [ 102.6585678, 57.9855927 ], [ 102.659184, 57.9852219 ], [ 102.6596832, 57.9848315 ], [ 102.660438, 57.9842011 ], [ 102.6606999, 57.9838548 ], [ 102.6609371, 57.9835248 ], [ 102.6615102, 57.9827571 ], [ 102.6615102, 57.9827571 ], [ 102.661510199999981, 57.982757099999986 ], [ 102.657649425445868, 57.981394971649827 ], [ 102.6573417, 57.9815992 ], [ 102.6550449, 57.983124 ], [ 102.6535801, 57.9841227 ], [ 102.651671586350602, 57.984944401717655 ], [ 102.657023382127875, 57.985036776001891 ], [ 102.6572483, 57.986416 ] ] ] } },
{ "type": "Feature", "properties": { "area": 21162 }, "geometry": { "type": "Polygon", "coordinates": [ [ [ 102.647303246308127, 57.987994880415584 ], [ 102.6482932601416, 57.987183811577061 ], [ 102.647527490041028, 57.986728660469645 ], [ 102.6460153, 57.9873797 ], [ 102.6453864, 57.9876504 ], [ 102.6446059, 57.9879499 ], [ 102.6452078, 57.9884447 ], [ 102.645512199999985, 57.988712199999988 ], [ 102.645512199999985, 57.988712199999981 ], [ 102.647303246308127, 57.987994880415584 ] ] ] } },
{ "type": "Feature", "properties": { "area": 159865 }, "geometry": { "type": "Polygon", "coordinates": [ [ [ 102.647527490041028, 57.986728660469645 ], [ 102.6482932601416, 57.987183811577061 ], [ 102.647303246308127, 57.987994880415584 ], [ 102.651659307175478, 57.987975796653913 ], [ 102.6532696, 57.9891702 ], [ 102.6532696, 57.9891702 ], [ 102.6533425, 57.9889599 ], [ 102.6534605, 57.9887665 ], [ 102.6535693, 57.9886047 ], [ 102.6537341, 57.988485 ], [ 102.6539505, 57.9883268 ], [ 102.6545277, 57.9879742 ], [ 102.6555196, 57.9873228 ], [ 102.6562623, 57.9869332 ], [ 102.6572483, 57.986416 ], [ 102.6572483, 57.986416 ], [ 102.657023382127875, 57.985036776001891 ], [ 102.651671586350602, 57.984944401717655 ], [ 102.6492161, 57.9860016 ], [ 102.6487466, 57.9862038 ], [ 102.647527490041028, 57.986728660469645 ] ] ] } },
{ "type": "Feature", "properties": { "area": 167711 }, "geometry": { "type": "Polygon", "coordinates": [ [ [ 102.660949433518027, 57.992608760513818 ], [ 102.662570441620517, 57.989736523348476 ], [ 102.6624819, 57.9897277 ], [ 102.6612325, 57.9896275 ], [ 102.660895, 57.9896036 ], [ 102.6600103, 57.989529 ], [ 102.6597406, 57.9895073 ], [ 102.6586099, 57.9894037 ], [ 102.6579317, 57.9893525 ], [ 102.653335550817246, 57.991033769968176 ], [ 102.6533796, 57.9914056 ], [ 102.6534662, 57.9922555 ], [ 102.6534869, 57.9924456 ], [ 102.6536235, 57.9928761 ], [ 102.6537856, 57.9932423 ], [ 102.6538857, 57.9934451 ], [ 102.6540052, 57.993714 ], [ 102.6542539, 57.9936077 ], [ 102.6544022, 57.9935365 ], [ 102.6550184, 57.9931768 ], [ 102.6553409, 57.993027 ], [ 102.6558352, 57.9929615 ], [ 102.6563757, 57.9929302 ], [ 102.6574778, 57.9929028 ], [ 102.6586664, 57.9928603 ], [ 102.6593008, 57.9927829 ], [ 102.6609211, 57.9926119 ], [ 102.660949433518027, 57.992608760513818 ] ] ] } },
{ "type": "Feature", "properties": { "area": 64043 }, "geometry": { "type": "Polygon", "coordinates": [ [ [ 102.6596309, 57.9952864 ], [ 102.65827180005023, 57.992874409454707 ], [ 102.6574778, 57.9929028 ], [ 102.6563757, 57.9929302 ], [ 102.6558352, 57.9929615 ], [ 102.6553409, 57.993027 ], [ 102.6550184, 57.9931768 ], [ 102.6544022, 57.9935365 ], [ 102.6542539, 57.9936077 ], [ 102.6540052, 57.993714 ], [ 102.6541207, 57.9938736 ], [ 102.6541358, 57.9938945 ], [ 102.6543824, 57.9943364 ], [ 102.6545228, 57.9946375 ], [ 102.6546097, 57.9947624 ], [ 102.6548123, 57.9948887 ], [ 102.6550233, 57.9949589 ], [ 102.655318, 57.9950118 ], [ 102.6558982, 57.9950547 ], [ 102.656882, 57.9951389 ], [ 102.6577515, 57.9952024 ], [ 102.6582012, 57.9952384 ], [ 102.6587499, 57.9952706 ], [ 102.6591903, 57.9952973 ], [ 102.659385, 57.9952996 ], [ 102.6596309, 57.9952864 ] ] ] } },
{ "type": "Feature", "properties": { "area": 149464 }, "geometry": { "type": "Polygon", "coordinates": [ [ [ 102.653335550817246, 57.991033769968176 ], [ 102.6579317, 57.9893525 ], [ 102.6579101, 57.9892642 ], [ 102.6579841, 57.989193 ], [ 102.6581438, 57.9890891 ], [ 102.6585098, 57.988989 ], [ 102.6595485, 57.9887811 ], [ 102.6602346, 57.9886037 ], [ 102.660614, 57.988461 ], [ 102.660755, 57.9882021 ], [ 102.6608583, 57.9877863 ], [ 102.660914, 57.9872919 ], [ 102.6610364, 57.987109 ], [ 102.6612833, 57.9870542 ], [ 102.6617931, 57.9870462 ], [ 102.6610839, 57.9865906 ], [ 102.6608955, 57.9864536 ], [ 102.659783, 57.9856687 ], [ 102.6596849, 57.9855995 ], [ 102.6596832, 57.9854099 ], [ 102.6596227, 57.9852204 ], [ 102.659320298929217, 57.985115307247661 ], [ 102.659184, 57.9852219 ], [ 102.6585678, 57.9855927 ], [ 102.6574525, 57.9862673 ], [ 102.6572483, 57.986416 ], [ 102.6562623, 57.9869332 ], [ 102.6555196, 57.9873228 ], [ 102.6545277, 57.9879742 ], [ 102.6539505, 57.9883268 ], [ 102.6537341, 57.988485 ], [ 102.6535693, 57.9886047 ], [ 102.6534605, 57.9887665 ], [ 102.6533425, 57.9889599 ], [ 102.6532696, 57.9891702 ], [ 102.6532043, 57.989633 ], [ 102.6532276, 57.9900927 ], [ 102.6532622, 57.9903996 ], [ 102.6532962, 57.9907016 ], [ 102.653335550817246, 57.991033769968176 ] ] ] } },
{ "type": "Feature", "properties": { "area": 89600 }, "geometry": { "type": "Polygon", "coordinates": [ [ [ 102.662570441620517, 57.989736523348476 ], [ 102.660949433518027, 57.992608760513818 ], [ 102.6621539, 57.9924753 ], [ 102.6633948, 57.9923377 ], [ 102.6638232, 57.9923601 ], [ 102.6640704, 57.9924494 ], [ 102.6642565, 57.9925719 ], [ 102.6643065, 57.9926048 ], [ 102.6643962, 57.9926638 ], [ 102.6644741, 57.9927231 ], [ 102.6647608, 57.9929412 ], [ 102.6648614, 57.9929824 ], [ 102.6650939, 57.9930998 ], [ 102.665712877876473, 57.99340313139232 ], [ 102.6667984, 57.9929243 ], [ 102.6672517, 57.9927406 ], [ 102.6679773, 57.9924189 ], [ 102.667977300000018, 57.9924189 ], [ 102.6679773, 57.992418899999983 ], [ 102.6666784, 57.991860899999985 ], [ 102.6666784, 57.9918609 ], [ 102.6666734, 57.9914758 ], [ 102.6666024, 57.9912378 ], [ 102.6664728, 57.9910583 ], [ 102.6663753, 57.9909516 ], [ 102.6660596, 57.9907104 ], [ 102.6656557, 57.9905183 ], [ 102.665152, 57.9903142 ], [ 102.6649763, 57.990227 ], [ 102.6649276, 57.9901915 ], [ 102.6648241, 57.9900739 ], [ 102.664556, 57.989979 ], [ 102.6643, 57.9899102 ], [ 102.6639761, 57.9898766 ], [ 102.662570441620517, 57.989736523348476 ] ] ] } },
{ "type": "Feature", "properties": { "area": 84344 }, "geometry": { "type": "Polygon", "coordinates": [ [ [ 102.65827180005023, 57.992874409454707 ], [ 102.6596309, 57.9952864 ], [ 102.6598102, 57.9952534 ], [ 102.6600707, 57.9951877 ], [ 102.6603578, 57.9951 ], [ 102.6605217, 57.9950351 ], [ 102.6607427, 57.9949417 ], [ 102.6609009, 57.9948739 ], [ 102.6610078, 57.994823 ], [ 102.6611168, 57.9947831 ], [ 102.6613803, 57.9946793 ], [ 102.6616286, 57.9945786 ], [ 102.6619458, 57.9944666 ], [ 102.6622509, 57.9946647 ], [ 102.6624731, 57.9948078 ], [ 102.6628703, 57.9946519 ], [ 102.6635095, 57.9943786 ], [ 102.6650206, 57.9937085 ], [ 102.665712877876473, 57.99340313139232 ], [ 102.6650939, 57.9930998 ], [ 102.6648614, 57.9929824 ], [ 102.6647608, 57.9929412 ], [ 102.6644741, 57.9927231 ], [ 102.6643962, 57.9926638 ], [ 102.6643065, 57.9926048 ], [ 102.6642565, 57.9925719 ], [ 102.6640704, 57.9924494 ], [ 102.6638232, 57.9923601 ], [ 102.6633948, 57.9923377 ], [ 102.6621539, 57.9924753 ], [ 102.6609211, 57.9926119 ], [ 102.6593008, 57.9927829 ], [ 102.6586664, 57.9928603 ], [ 102.65827180005023, 57.992874409454707 ] ] ] } },
{ "type": "Feature", "properties": { "area": 101232 }, "geometry": { "type": "Polygon", "coordinates": [ [ [ 102.6595087, 57.9961132 ], [ 102.659508699999989, 57.9961132 ], [ 102.658598404135731, 57.995894684358888 ], [ 102.6591903, 57.9952973 ], [ 102.6591903, 57.9952973 ], [ 102.6587499, 57.9952706 ], [ 102.6582012, 57.9952384 ], [ 102.6577515, 57.9952024 ], [ 102.656882, 57.9951389 ], [ 102.6558982, 57.9950547 ], [ 102.655318, 57.9950118 ], [ 102.6550233, 57.9949589 ], [ 102.6548123, 57.9948887 ], [ 102.6546097, 57.9947624 ], [ 102.6545228, 57.9946375 ], [ 102.6543824, 57.9943364 ], [ 102.6541358, 57.9938945 ], [ 102.6541207, 57.9938736 ], [ 102.6540052, 57.993714 ], [ 102.6537226, 57.9937695 ], [ 102.6523247, 57.9939114 ], [ 102.6518129, 57.9938397 ], [ 102.6521252, 57.9941041 ], [ 102.6533732, 57.995095 ], [ 102.655184, 57.9965544 ], [ 102.6556806, 57.9969176 ], [ 102.6573894, 57.9983182 ], [ 102.6577679, 57.9986306 ], [ 102.6581541, 57.9989513 ], [ 102.6582655, 57.9990497 ], [ 102.6584883, 57.9992068 ], [ 102.6587911, 57.9990296 ], [ 102.6592509, 57.9987792 ], [ 102.6593937, 57.998649 ], [ 102.6594882, 57.9984771 ], [ 102.6595172, 57.9982141 ], [ 102.6594781, 57.9980067 ], [ 102.6592121, 57.9974912 ], [ 102.6591545, 57.9974099 ], [ 102.6589638, 57.9970226 ], [ 102.6589597, 57.9967531 ], [ 102.6590509, 57.9965171 ], [ 102.6592757, 57.9962789 ], [ 102.6595087, 57.9961132 ] ] ] } },
{ "type": "Feature", "properties": { "area": 687417 }, "geometry": { "type": "Polygon", "coordinates": [ [ [ 102.678998399999983, 57.999164399999984 ], [ 102.682921255863178, 57.998416943033526 ], [ 102.6829165, 57.9984136 ], [ 102.6825947, 57.9981463 ], [ 102.6822532, 57.9978296 ], [ 102.6820582, 57.9976346 ], [ 102.6818423, 57.9973836 ], [ 102.681554, 57.997049 ], [ 102.6813984, 57.9967903 ], [ 102.681275, 57.9965941 ], [ 102.6811248, 57.9963553 ], [ 102.6809603, 57.9960597 ], [ 102.6807493, 57.9956929 ], [ 102.6805615, 57.9953233 ], [ 102.6804274, 57.9950361 ], [ 102.6802826, 57.994712 ], [ 102.6802182, 57.9945272 ], [ 102.6801163, 57.9942742 ], [ 102.6800466, 57.9939529 ], [ 102.6800573, 57.9937823 ], [ 102.6800895, 57.993589 ], [ 102.6800998, 57.9933836 ], [ 102.6800948, 57.9931824 ], [ 102.6800895, 57.9928838 ], [ 102.6801324, 57.9926308 ], [ 102.6801807, 57.9924261 ], [ 102.6802021, 57.992227 ], [ 102.6802075, 57.991937 ], [ 102.6802343, 57.9915986 ], [ 102.6802289, 57.9913427 ], [ 102.6802318, 57.9910512 ], [ 102.6802236, 57.9909304 ], [ 102.6801914, 57.9907883 ], [ 102.6800895, 57.9905409 ], [ 102.6800408, 57.9902273 ], [ 102.6800144, 57.990012 ], [ 102.6800466, 57.98983 ], [ 102.6801431, 57.9895769 ], [ 102.6802343, 57.9893805 ], [ 102.6803577, 57.9892585 ], [ 102.6804167, 57.9891163 ], [ 102.6803952, 57.9889883 ], [ 102.6803094, 57.9888462 ], [ 102.6802435, 57.9886635 ], [ 102.6802128, 57.9885078 ], [ 102.6802289, 57.9883087 ], [ 102.680288, 57.9881381 ], [ 102.6803499, 57.9880427 ], [ 102.6804569, 57.9879618 ], [ 102.6805884, 57.9879063 ], [ 102.6806554, 57.9878694 ], [ 102.6806843, 57.9878189 ], [ 102.6806957, 57.9877627 ], [ 102.680701, 57.9876703 ], [ 102.6789989, 57.987609299999981 ], [ 102.678998899999925, 57.987609299999974 ], [ 102.6789989, 57.9876093 ], [ 102.6767689, 57.988579 ], [ 102.6755061, 57.9891026 ], [ 102.6747194, 57.9894198 ], [ 102.6740743, 57.9896988 ], [ 102.67374, 57.9898434 ], [ 102.6736506, 57.9898821 ], [ 102.6730446, 57.9901442 ], [ 102.6726271, 57.9903247 ], [ 102.6724808, 57.990388 ], [ 102.6722731, 57.990499 ], [ 102.6718418, 57.9906891 ], [ 102.6714356, 57.9908682 ], [ 102.6711214, 57.9910526 ], [ 102.6707077, 57.9912351 ], [ 102.6703799, 57.9913582 ], [ 102.6698603, 57.9915907 ], [ 102.6679773, 57.9924189 ], [ 102.6672517, 57.9927406 ], [ 102.6667984, 57.9929243 ], [ 102.6650206, 57.9937085 ], [ 102.6691521, 57.9962584 ], [ 102.6697605, 57.9964311 ], [ 102.6733651, 57.9974543 ], [ 102.6742896, 57.9977167 ], [ 102.6752515, 57.9978988 ], [ 102.6761771, 57.9980551 ], [ 102.6778092, 57.9980551 ], [ 102.6781782, 57.9981379 ], [ 102.6788278, 57.998951 ], [ 102.678998399999983, 57.999164399999984 ] ] ] } },
{ "type": "Feature", "properties": { "area": 595116 }, "geometry": { "type": "Polygon", "coordinates": [ [ [ 102.607457984699508, 57.969690555536602 ], [ 102.606820680643935, 57.972810534660084 ], [ 102.613663978329569, 57.982169019562221 ], [ 102.6138629, 57.982158 ], [ 102.6148102, 57.9822025 ], [ 102.6155176, 57.9823296 ], [ 102.6165609, 57.9825533 ], [ 102.6171484, 57.9826793 ], [ 102.617631, 57.9827794 ], [ 102.6188031, 57.9830226 ], [ 102.6193097, 57.9830727 ], [ 102.6197024, 57.9831116 ], [ 102.6211293, 57.9831624 ], [ 102.6218967, 57.9831116 ], [ 102.622372, 57.98301 ], [ 102.6215322, 57.9828958 ], [ 102.6209138, 57.9826974 ], [ 102.6205748, 57.9824758 ], [ 102.6202991, 57.9822418 ], [ 102.6198856, 57.9817409 ], [ 102.6185043, 57.9792257 ], [ 102.6157479, 57.9743145 ], [ 102.6149166, 57.9727228 ], [ 102.6144513, 57.9718233 ], [ 102.6141406, 57.9713131 ], [ 102.6134561, 57.9707832 ], [ 102.6101694, 57.9702046 ], [ 102.6090581, 57.969989 ], [ 102.6080682, 57.9698162 ], [ 102.607457984699508, 57.969690555536602 ] ] ] } },
{ "type": "Feature", "properties": { "area": 1016781 }, "geometry": { "type": "Polygon", "coordinates": [ [ [ 102.590229599999986, 57.9596977 ], [ 102.580972319463967, 57.967578987110208 ], [ 102.606820680643935, 57.972810534660084 ], [ 102.607457984699508, 57.969690555536602 ], [ 102.6071634, 57.9696299 ], [ 102.6059414, 57.9693409 ], [ 102.6049707, 57.9690247 ], [ 102.6041127, 57.9687187 ], [ 102.6032888, 57.9683574 ], [ 102.6025093, 57.9679482 ], [ 102.601385, 57.9671788 ], [ 102.6008612, 57.9667665 ], [ 102.5998135, 57.9656731 ], [ 102.5987051, 57.9644739 ], [ 102.5974557, 57.9632828 ], [ 102.5967064, 57.9627034 ], [ 102.5957058, 57.9620913 ], [ 102.5944036, 57.961412 ], [ 102.5915062, 57.9602436 ], [ 102.5902296, 57.9596977 ], [ 102.590229599999986, 57.9596977 ] ] ] } },
{ "type": "Feature", "properties": { "area": 37191 }, "geometry": { "type": "Polygon", "coordinates": [ [ [ 102.635384, 57.9688155 ], [ 102.637441463916204, 57.969795278810679 ], [ 102.639609, 57.9667966 ], [ 102.6393037, 57.9668948 ], [ 102.6381683, 57.9671424 ], [ 102.6370601, 57.9672923 ], [ 102.6368802, 57.9673712 ], [ 102.635384, 57.9688155 ] ] ] } },
{ "type": "Feature", "properties": { "area": 1521831 }, "geometry": { "type": "Polygon", "coordinates": [ [ [ 102.63306605498552, 57.987158512902823 ], [ 102.6409101, 57.9849428 ], [ 102.6404775, 57.9843856 ], [ 102.6402545, 57.9839574 ], [ 102.6400957, 57.9833752 ], [ 102.6396495, 57.9819186 ], [ 102.6393446, 57.980787 ], [ 102.6389381, 57.979677 ], [ 102.6384299, 57.9787825 ], [ 102.6376982, 57.9778879 ], [ 102.6366819, 57.9770257 ], [ 102.6354623, 57.9761527 ], [ 102.633633, 57.9750641 ], [ 102.6318037, 57.9743096 ], [ 102.6302657, 57.9739174 ], [ 102.6291816, 57.9736736 ], [ 102.6262537, 57.9731525 ], [ 102.6253684, 57.9729948 ], [ 102.6235334, 57.9726507 ], [ 102.6218876, 57.9723478 ], [ 102.619593, 57.9719069 ], [ 102.6173761, 57.9715037 ], [ 102.6158014, 57.9712241 ], [ 102.6150849, 57.9710879 ], [ 102.6142468, 57.9709266 ], [ 102.6134561, 57.9707832 ], [ 102.6141406, 57.9713131 ], [ 102.6144513, 57.9718233 ], [ 102.6149166, 57.9727228 ], [ 102.6157479, 57.9743145 ], [ 102.6185043, 57.9792257 ], [ 102.6198856, 57.9817409 ], [ 102.6202991, 57.9822418 ], [ 102.6205748, 57.9824758 ], [ 102.6209138, 57.9826974 ], [ 102.6215322, 57.9828958 ], [ 102.622372, 57.98301 ], [ 102.6246874, 57.9829337 ], [ 102.6256175, 57.9830009 ], [ 102.6266215, 57.9832159 ], [ 102.6273862, 57.9834797 ], [ 102.6280443, 57.9837763 ], [ 102.6293855, 57.9843959 ], [ 102.6303961, 57.9849917 ], [ 102.6314624, 57.9858305 ], [ 102.63306605498552, 57.987158512902823 ] ] ] } },
{ "type": "Feature", "properties": { "area": 464739 }, "geometry": { "type": "Polygon", "coordinates": [ [ [ 102.6457695, 57.993021 ], [ 102.6457695, 57.993021 ], [ 102.642587180410416, 57.989989077466376 ], [ 102.644963213610808, 57.989225761567525 ], [ 102.646176699999984, 57.9892566 ], [ 102.6455122, 57.9887122 ], [ 102.6452078, 57.9884447 ], [ 102.6446059, 57.9879499 ], [ 102.6430846, 57.9867138 ], [ 102.6414788, 57.9854316 ], [ 102.6409101, 57.9849428 ], [ 102.63306605498552, 57.987158512902823 ], [ 102.6343504, 57.9882221 ], [ 102.6346723, 57.9885983 ], [ 102.6349618, 57.9889817 ], [ 102.6351136, 57.9892135 ], [ 102.63526, 57.9894423 ], [ 102.6355566, 57.9899406 ], [ 102.6358317, 57.9904505 ], [ 102.6361529, 57.9910434 ], [ 102.636524, 57.991681 ], [ 102.6367478, 57.9920665 ], [ 102.6368655, 57.9922685 ], [ 102.6372105, 57.9928607 ], [ 102.6375855, 57.9935041 ], [ 102.6378346, 57.9939675 ], [ 102.6387492, 57.993741 ], [ 102.6390157, 57.9937755 ], [ 102.6397827, 57.9939477 ], [ 102.6409983, 57.9940614 ], [ 102.6416121, 57.9941035 ], [ 102.6419538, 57.9941269 ], [ 102.6426623, 57.9940752 ], [ 102.6430718, 57.993996 ], [ 102.6434814, 57.9939443 ], [ 102.6442419, 57.9938892 ], [ 102.6444304, 57.9937272 ], [ 102.6450219, 57.9933276 ], [ 102.6454119, 57.9931071 ], [ 102.6457695, 57.993021 ] ] ] } },
{ "type": "Feature", "properties": { "area": 192398 }, "geometry": { "type": "Polygon", "coordinates": [ [ [ 102.6490294, 57.9959578 ], [ 102.650930296989046, 57.995269823724463 ], [ 102.65256831987719, 57.995460622021149 ], [ 102.6533732, 57.995095 ], [ 102.6521252, 57.9941041 ], [ 102.6518129, 57.9938397 ], [ 102.6512245, 57.9933712 ], [ 102.6500395, 57.992398 ], [ 102.6496107, 57.9920494 ], [ 102.6484449, 57.9910777 ], [ 102.6481147, 57.9908024 ], [ 102.6477776, 57.9905324 ], [ 102.6477187, 57.9904999 ], [ 102.6472806, 57.9901607 ], [ 102.6465134, 57.9895191 ], [ 102.6461952, 57.9892721 ], [ 102.6461767, 57.9892566 ], [ 102.646176699999984, 57.9892566 ], [ 102.644963213610808, 57.989225761567525 ], [ 102.642587180410416, 57.989989077466376 ], [ 102.6457695, 57.993021 ], [ 102.6457695, 57.993021 ], [ 102.6463645, 57.9934913 ], [ 102.6474045, 57.9944594 ], [ 102.6480324, 57.9950379 ], [ 102.6484412, 57.9954145 ], [ 102.6487956, 57.995741 ], [ 102.6490294, 57.9959578 ], [ 102.6490294, 57.9959578 ] ] ] } },
{ "type": "Feature", "properties": { "area": 178204 }, "geometry": { "type": "Polygon", "coordinates": [ [ [ 102.65256831987719, 57.995460622021149 ], [ 102.650930296989046, 57.995269823724463 ], [ 102.6490294, 57.9959578 ], [ 102.6496016, 57.9964886 ], [ 102.6498226, 57.9967469 ], [ 102.6496666, 57.9973946 ], [ 102.6496511, 57.9975109 ], [ 102.649618, 57.9977592 ], [ 102.6496055, 57.9978525 ], [ 102.649822, 57.9979315 ], [ 102.6502373, 57.9981804 ], [ 102.6505021, 57.9983392 ], [ 102.6512092, 57.9987536 ], [ 102.6516995, 57.9991061 ], [ 102.6520376, 57.9994203 ], [ 102.6543743, 58.0005937 ], [ 102.6550262, 58.0002462 ], [ 102.6551247, 58.0001899 ], [ 102.6553555, 58.0000581 ], [ 102.6560256, 57.9997029 ], [ 102.6565647, 57.9994327 ], [ 102.6569197, 57.9993011 ], [ 102.657512, 57.9993255 ], [ 102.6577903, 57.9992289 ], [ 102.6579958, 57.9990632 ], [ 102.6581541, 57.9989513 ], [ 102.6577679, 57.9986306 ], [ 102.6573894, 57.9983182 ], [ 102.6556806, 57.9969176 ], [ 102.655184, 57.9965544 ], [ 102.6533732, 57.995095 ], [ 102.6533732, 57.995095 ], [ 102.65256831987719, 57.995460622021149 ] ] ] } },
{ "type": "Feature", "properties": { "area": 1521116 }, "geometry": { "type": "Polygon", "coordinates": [ [ [ 102.623727838134172, 57.996229407249857 ], [ 102.640289699999983, 57.998711299999989 ], [ 102.6402897, 57.998711299999989 ], [ 102.6401864, 57.9982687 ], [ 102.6400913, 57.9980694 ], [ 102.6400466, 57.9979757 ], [ 102.6396445, 57.9972303 ], [ 102.6394307, 57.996818 ], [ 102.6392789, 57.9965909 ], [ 102.6390612, 57.9961773 ], [ 102.638928, 57.9959345 ], [ 102.6386948, 57.9955093 ], [ 102.6385186, 57.9952053 ], [ 102.6381898, 57.994638 ], [ 102.6380565, 57.9943905 ], [ 102.6378346, 57.9939675 ], [ 102.6375855, 57.9935041 ], [ 102.6372105, 57.9928607 ], [ 102.6368655, 57.9922685 ], [ 102.6367478, 57.9920665 ], [ 102.636524, 57.991681 ], [ 102.6361529, 57.9910434 ], [ 102.6358317, 57.9904505 ], [ 102.6355566, 57.9899406 ], [ 102.63526, 57.9894423 ], [ 102.6351136, 57.9892135 ], [ 102.6349618, 57.9889817 ], [ 102.6346723, 57.9885983 ], [ 102.6343504, 57.9882221 ], [ 102.6314624, 57.9858305 ], [ 102.6303961, 57.9849917 ], [ 102.6293855, 57.9843959 ], [ 102.6280443, 57.9837763 ], [ 102.6273862, 57.9834797 ], [ 102.6266215, 57.9832159 ], [ 102.6256175, 57.9830009 ], [ 102.6246874, 57.9829337 ], [ 102.622372, 57.98301 ], [ 102.6218967, 57.9831116 ], [ 102.6211293, 57.9831624 ], [ 102.6197024, 57.9831116 ], [ 102.6193097, 57.9830727 ], [ 102.6188031, 57.9830226 ], [ 102.617631, 57.9827794 ], [ 102.6171484, 57.9826793 ], [ 102.6165609, 57.9825533 ], [ 102.6155176, 57.9823296 ], [ 102.6148102, 57.9822025 ], [ 102.6138629, 57.982158 ], [ 102.613663978329583, 57.982169019562221 ], [ 102.615820806402994, 57.988195259299523 ], [ 102.620788875821958, 57.990637883190146 ], [ 102.623727838134172, 57.996229407249857 ] ] ] } },
{ "type": "Feature", "properties": { "area": 692164 }, "geometry": { "type": "Polygon", "coordinates": [ [ [ 102.6397508, 58.0092 ], [ 102.6394631, 58.0089254 ], [ 102.6394331, 58.0088711 ], [ 102.6391225, 58.0083087 ], [ 102.639134, 58.0079726 ], [ 102.6391461, 58.0076211 ], [ 102.6393772, 58.0063054 ], [ 102.6392647, 58.0061265 ], [ 102.6390535, 58.0058743 ], [ 102.6388685, 58.0056994 ], [ 102.6386232, 58.005536 ], [ 102.6384069, 58.0054072 ], [ 102.6380976, 58.005298 ], [ 102.6376814, 58.0051785 ], [ 102.6370689, 58.0051071 ], [ 102.6366088, 58.0051068 ], [ 102.6352925, 58.0052679 ], [ 102.6327453, 58.005633 ], [ 102.6314557, 58.0058066 ], [ 102.6313087, 58.0058264 ], [ 102.6303674, 58.0059523 ], [ 102.628903152334729, 58.006075703593581 ], [ 102.62616607778962, 58.010117364458665 ], [ 102.626166077789605, 58.010117364458672 ], [ 102.62616607778962, 58.010117364458679 ], [ 102.627276037972848, 58.012095005688579 ], [ 102.627624520351446, 58.012715904645347 ], [ 102.642362177266435, 58.013901248019508 ], [ 102.643899690322257, 58.010698500753634 ], [ 102.6430056, 58.0106209 ], [ 102.6423252, 58.0104626 ], [ 102.641719, 58.0103216 ], [ 102.6415496, 58.010259 ], [ 102.6406956, 58.0099432 ], [ 102.6401988, 58.0096058 ], [ 102.6401194, 58.0095519 ], [ 102.6397508, 58.0092 ] ] ] } },
{ "type": "Feature", "properties": { "area": 253942 }, "geometry": { "type": "Polygon", "coordinates": [ [ [ 102.638928, 57.9959345 ], [ 102.6390612, 57.9961773 ], [ 102.6392789, 57.9965909 ], [ 102.6394307, 57.996818 ], [ 102.6396445, 57.9972303 ], [ 102.6400466, 57.9979757 ], [ 102.6405202, 57.9979104 ], [ 102.6418595, 57.997419 ], [ 102.6422611, 57.9972805 ], [ 102.6431575, 57.9969713 ], [ 102.6434507, 57.9968525 ], [ 102.6436176, 57.9970129 ], [ 102.6438459, 57.9971155 ], [ 102.6442416, 57.9972108 ], [ 102.6447452, 57.9973506 ], [ 102.645216, 57.997577 ], [ 102.6469414, 57.9984472 ], [ 102.6472093, 57.998523 ], [ 102.6475817, 57.9984431 ], [ 102.6479322, 57.9983344 ], [ 102.6482158, 57.9982659 ], [ 102.6486585, 57.998159 ], [ 102.6494202, 57.9978784 ], [ 102.6496055, 57.9978525 ], [ 102.649618, 57.9977592 ], [ 102.6496511, 57.9975109 ], [ 102.6496666, 57.9973946 ], [ 102.6498226, 57.9967469 ], [ 102.6496016, 57.9964886 ], [ 102.6490294, 57.9959578 ], [ 102.6487956, 57.995741 ], [ 102.6484412, 57.9954145 ], [ 102.6480324, 57.9950379 ], [ 102.6474045, 57.9944594 ], [ 102.6463645, 57.9934913 ], [ 102.6457695, 57.993021 ], [ 102.6454119, 57.9931071 ], [ 102.6450219, 57.9933276 ], [ 102.6444304, 57.9937272 ], [ 102.6442419, 57.9938892 ], [ 102.6434814, 57.9939443 ], [ 102.6430718, 57.993996 ], [ 102.6426623, 57.9940752 ], [ 102.6419538, 57.9941269 ], [ 102.6416121, 57.9941035 ], [ 102.6409983, 57.9940614 ], [ 102.6397827, 57.9939477 ], [ 102.6390157, 57.9937755 ], [ 102.6387492, 57.993741 ], [ 102.6378346, 57.9939675 ], [ 102.6380565, 57.9943905 ], [ 102.6381898, 57.994638 ], [ 102.6385186, 57.9952053 ], [ 102.6386948, 57.9955093 ], [ 102.638928, 57.9959345 ] ] ] } },
{ "type": "Feature", "properties": { "area": 168559 }, "geometry": { "type": "Polygon", "coordinates": [ [ [ 102.6679773, 57.992418899999983 ], [ 102.667977300000018, 57.9924189 ], [ 102.6698603, 57.9915907 ], [ 102.6703799, 57.9913582 ], [ 102.6707077, 57.9912351 ], [ 102.6711214, 57.9910526 ], [ 102.6714356, 57.9908682 ], [ 102.6714717, 57.9907036 ], [ 102.6714714, 57.9905508 ], [ 102.6714713, 57.9904828 ], [ 102.6714402, 57.9891111 ], [ 102.6714403, 57.9890765 ], [ 102.6714429, 57.9881022 ], [ 102.6714439, 57.9877429 ], [ 102.6714471, 57.9865723 ], [ 102.6714719, 57.9864414 ], [ 102.6715512, 57.985799 ], [ 102.671522, 57.9854379 ], [ 102.670396, 57.9862592 ], [ 102.6697389, 57.9866772 ], [ 102.6686898, 57.9874227 ], [ 102.6684873, 57.9875422 ], [ 102.6682806, 57.9876835 ], [ 102.667806, 57.9879695 ], [ 102.6677066, 57.988027 ], [ 102.6671578, 57.9883386 ], [ 102.6668699, 57.9884963 ], [ 102.6665705, 57.9886522 ], [ 102.6662788, 57.9887267 ], [ 102.6659883, 57.9887795 ], [ 102.6654582, 57.9888543 ], [ 102.6650682, 57.9888783 ], [ 102.6650225, 57.9890937 ], [ 102.6649274, 57.9894794 ], [ 102.6648557, 57.9897291 ], [ 102.6648073, 57.9898974 ], [ 102.6648241, 57.9900739 ], [ 102.6649276, 57.9901915 ], [ 102.6649763, 57.990227 ], [ 102.665152, 57.9903142 ], [ 102.6656557, 57.9905183 ], [ 102.6660596, 57.9907104 ], [ 102.6663753, 57.9909516 ], [ 102.6664728, 57.9910583 ], [ 102.6666024, 57.9912378 ], [ 102.6666734, 57.9914758 ], [ 102.6666784, 57.991860899999985 ], [ 102.6679773, 57.992418899999983 ] ] ] } },
{ "type": "Feature", "properties": { "area": 14299 }, "geometry": { "type": "Polygon", "coordinates": [ [ [ 102.6591903, 57.9952973 ], [ 102.6591903, 57.9952973 ], [ 102.658598404135731, 57.995894684358888 ], [ 102.659508699999989, 57.9961132 ], [ 102.6595087, 57.9961132 ], [ 102.659864, 57.9959479 ], [ 102.6607471, 57.9955653 ], [ 102.6611048, 57.9953868 ], [ 102.6624731, 57.9948078 ], [ 102.6622509, 57.9946647 ], [ 102.6619458, 57.9944666 ], [ 102.6616286, 57.9945786 ], [ 102.6613803, 57.9946793 ], [ 102.6611168, 57.9947831 ], [ 102.6610078, 57.994823 ], [ 102.6609009, 57.9948739 ], [ 102.6607427, 57.9949417 ], [ 102.6605217, 57.9950351 ], [ 102.6603578, 57.9951 ], [ 102.6600707, 57.9951877 ], [ 102.6598102, 57.9952534 ], [ 102.6596309, 57.9952864 ], [ 102.659385, 57.9952996 ], [ 102.6591903, 57.9952973 ] ] ] } },
{ "type": "Feature", "properties": { "area": 236369 }, "geometry": { "type": "Polygon", "coordinates": [ [ [ 102.682921255863178, 57.998416943033526 ], [ 102.678998399999983, 57.999164399999984 ], [ 102.6789984, 57.9991644 ], [ 102.6789978, 57.9993219 ], [ 102.6789042, 57.9994574 ], [ 102.6784937, 57.9997602 ], [ 102.6781644, 58.0000032 ], [ 102.6773676, 58.000521 ], [ 102.6768007, 58.0009229 ], [ 102.6767069, 58.0010333 ], [ 102.6760544, 58.0018017 ], [ 102.6757952, 58.0021632 ], [ 102.6755664, 58.0024844 ], [ 102.6753503, 58.0027543 ], [ 102.6757011, 58.0027989 ], [ 102.6764577, 58.0028783 ], [ 102.6783684, 58.0029888 ], [ 102.6798067, 58.002924 ], [ 102.6807818, 58.0028116 ], [ 102.6813271, 58.0027488 ], [ 102.6817154, 58.0027136 ], [ 102.6823698, 58.0026543 ], [ 102.6838981, 58.0025157 ], [ 102.6850536, 58.0024354 ], [ 102.6864246, 58.0023402 ], [ 102.6874373, 58.0022745 ], [ 102.6883358, 58.0021998 ], [ 102.688635368026922, 58.002169714261647 ], [ 102.6885867, 58.0020707 ], [ 102.6885036, 58.0020138 ], [ 102.6882595, 58.0019271 ], [ 102.6881549, 58.0018987 ], [ 102.6881026, 58.0018674 ], [ 102.6880342, 58.0017992 ], [ 102.6879483, 58.0016969 ], [ 102.6877981, 58.0014922 ], [ 102.687664, 58.0013473 ], [ 102.6875192, 58.0011938 ], [ 102.6872992, 58.0010346 ], [ 102.68709, 58.000918 ], [ 102.6867789, 58.0008214 ], [ 102.6864141, 58.0007332 ], [ 102.6860118, 58.0005485 ], [ 102.6858133, 58.0003978 ], [ 102.6856416, 58.0002329 ], [ 102.6854593, 58.0000254 ], [ 102.6853037, 57.9998492 ], [ 102.6850784, 57.9996616 ], [ 102.6849443, 57.9995706 ], [ 102.6848316, 57.9994796 ], [ 102.684778, 57.9993744 ], [ 102.6847672, 57.9992863 ], [ 102.68466, 57.9991641 ], [ 102.6845044, 57.9990703 ], [ 102.684263, 57.9989821 ], [ 102.6840162, 57.998948 ], [ 102.683866, 57.9989054 ], [ 102.6835871, 57.9987917 ], [ 102.6833993, 57.9987149 ], [ 102.6831794, 57.9985984 ], [ 102.682921255863178, 57.998416943033526 ] ] ] } },
{ "type": "Feature", "properties": { "area": 150291 }, "geometry": { "type": "Polygon", "coordinates": [ [ [ 102.6639126, 58.0036646 ], [ 102.665240496945884, 58.003659218248103 ], [ 102.666212510527856, 58.00318232981607 ], [ 102.666572515558229, 58.002171305329355 ], [ 102.66639251304305, 58.001522708549118 ], [ 102.665708503485362, 58.000950407513891 ], [ 102.660488430545101, 57.997688116915747 ], [ 102.659154500000014, 57.997409900000015 ], [ 102.6592121, 57.9974912 ], [ 102.6594781, 57.9980067 ], [ 102.6595172, 57.9982141 ], [ 102.6594882, 57.9984771 ], [ 102.6593937, 57.998649 ], [ 102.6592509, 57.9987792 ], [ 102.6587911, 57.9990296 ], [ 102.6584883, 57.9992068 ], [ 102.6587659, 57.9994297 ], [ 102.6609028, 58.0011755 ], [ 102.6616142, 58.0017549 ], [ 102.6623119, 58.0023243 ], [ 102.6637557, 58.0035204 ], [ 102.6639126, 58.0036646 ] ] ] } },
{ "type": "Feature", "properties": { "area": 158810 }, "geometry": { "type": "Polygon", "coordinates": [ [ [ 102.6739902, 58.004243 ], [ 102.6739902, 58.004243 ], [ 102.671000577431641, 58.001961466480438 ], [ 102.670496570389147, 58.001808855635993 ], [ 102.666572515558229, 58.002171305329355 ], [ 102.666212510527856, 58.00318232981607 ], [ 102.665240496945884, 58.003659218248103 ], [ 102.6639126, 58.0036646 ], [ 102.6651041, 58.0043913 ], [ 102.6660381, 58.0047482 ], [ 102.6663535, 58.0048443 ], [ 102.66693, 58.0050201 ], [ 102.6681468, 58.0052593 ], [ 102.6695971, 58.0054366 ], [ 102.6712269, 58.005717 ], [ 102.671405, 58.005761 ], [ 102.6721511, 58.0059452 ], [ 102.6724256, 58.0057134 ], [ 102.6727155, 58.0054443 ], [ 102.6728177, 58.0053436 ], [ 102.6739902, 58.004243 ] ] ] } },
{ "type": "Feature", "properties": { "area": 276643 }, "geometry": { "type": "Polygon", "coordinates": [ [ [ 102.66639251304305, 58.001522708549118 ], [ 102.667688531152336, 57.998928203917792 ], [ 102.6697605, 57.9964311 ], [ 102.6691521, 57.9962584 ], [ 102.6650206, 57.9937085 ], [ 102.6635095, 57.9943786 ], [ 102.6628703, 57.9946519 ], [ 102.6624731, 57.9948078 ], [ 102.6611048, 57.9953868 ], [ 102.6607471, 57.9955653 ], [ 102.659864, 57.9959479 ], [ 102.6595087, 57.9961132 ], [ 102.6592757, 57.9962789 ], [ 102.6590509, 57.9965171 ], [ 102.6589597, 57.9967531 ], [ 102.6589638, 57.9970226 ], [ 102.6591545, 57.9974099 ], [ 102.659154500000014, 57.997409900000015 ], [ 102.660488430545101, 57.997688116915747 ], [ 102.665708503485362, 58.000950407513891 ], [ 102.66639251304305, 58.001522708549118 ] ] ] } },
{ "type": "Feature", "properties": { "area": 406524 }, "geometry": { "type": "Polygon", "coordinates": [ [ [ 102.640886156641898, 58.006539489309887 ], [ 102.647285246056398, 58.00441268902204 ], [ 102.64825725963837, 58.000559329878008 ], [ 102.6479322, 57.9983344 ], [ 102.6475817, 57.9984431 ], [ 102.6472093, 57.998523 ], [ 102.6469414, 57.9984472 ], [ 102.645216, 57.997577 ], [ 102.6447452, 57.9973506 ], [ 102.6442416, 57.9972108 ], [ 102.6438459, 57.9971155 ], [ 102.6436176, 57.9970129 ], [ 102.6434507, 57.9968525 ], [ 102.6431575, 57.9969713 ], [ 102.6422611, 57.9972805 ], [ 102.6418595, 57.997419 ], [ 102.6405202, 57.9979104 ], [ 102.6400466, 57.9979757 ], [ 102.6400913, 57.9980694 ], [ 102.6401864, 57.9982687 ], [ 102.6402897, 57.9987113 ], [ 102.6404602, 57.9994421 ], [ 102.640485, 58.0000797 ], [ 102.6403587, 58.000702 ], [ 102.6397866, 58.0039959 ], [ 102.6393772, 58.006305399999988 ], [ 102.640886156641898, 58.006539489309887 ] ] ] } },
{ "type": "Feature", "properties": { "area": 722805 }, "geometry": { "type": "Polygon", "coordinates": [ [ [ 102.639377199999984, 58.006305399999988 ], [ 102.6393772, 58.006305399999988 ], [ 102.6397866, 58.0039959 ], [ 102.6403587, 58.000702 ], [ 102.640485, 58.0000797 ], [ 102.6404602, 57.9994421 ], [ 102.6402897, 57.9987113 ], [ 102.6402897, 57.998711299999989 ], [ 102.640289699999983, 57.998711299999989 ], [ 102.623727838134172, 57.996229407249857 ], [ 102.628903152334743, 58.006075703593574 ], [ 102.6303674, 58.0059523 ], [ 102.6313087, 58.0058264 ], [ 102.6314557, 58.0058066 ], [ 102.6327453, 58.005633 ], [ 102.6352925, 58.0052679 ], [ 102.6366088, 58.0051068 ], [ 102.6370689, 58.0051071 ], [ 102.6376814, 58.0051785 ], [ 102.6380976, 58.005298 ], [ 102.6384069, 58.0054072 ], [ 102.6386232, 58.005536 ], [ 102.6388685, 58.0056994 ], [ 102.6390535, 58.0058743 ], [ 102.6392647, 58.0061265 ], [ 102.639377199999984, 58.006305399999988 ] ] ] } },
{ "type": "Feature", "properties": { "area": 535339 }, "geometry": { "type": "Polygon", "coordinates": [ [ [ 102.6559196, 58.0092469 ], [ 102.6559196, 58.0092469 ], [ 102.6551768, 58.0073846 ], [ 102.6549846, 58.007351 ], [ 102.6549486, 58.0072761 ], [ 102.6550786, 58.0071693 ], [ 102.6550812, 58.0070224 ], [ 102.6549787, 58.0064927 ], [ 102.6549576, 58.0063838 ], [ 102.6547732, 58.0058502 ], [ 102.6547533, 58.0057246 ], [ 102.6547619, 58.0055978 ], [ 102.6547794, 58.0052374 ], [ 102.6544146, 58.0052756 ], [ 102.654098, 58.0050954 ], [ 102.654414599999981, 58.0052756 ], [ 102.654062340753129, 58.005528559639046 ], [ 102.652983014888434, 58.005073994741245 ], [ 102.6508582959829, 58.005738377579071 ], [ 102.64646623461249, 58.006634858559721 ], [ 102.644126201915157, 58.006539489309887 ], [ 102.641282162175287, 58.006920964784598 ], [ 102.640886156641898, 58.006539489309887 ], [ 102.6393772, 58.006305399999988 ], [ 102.6393772, 58.0063054 ], [ 102.6391461, 58.0076211 ], [ 102.639134, 58.0079726 ], [ 102.6391225, 58.0083087 ], [ 102.6394331, 58.0088711 ], [ 102.6394631, 58.0089254 ], [ 102.6397508, 58.0092 ], [ 102.6401194, 58.0095519 ], [ 102.6401988, 58.0096058 ], [ 102.6406956, 58.0099432 ], [ 102.6415496, 58.010259 ], [ 102.641719, 58.0103216 ], [ 102.6423252, 58.0104626 ], [ 102.6430056, 58.0106209 ], [ 102.6444677, 58.0107478 ], [ 102.6453662, 58.0107768 ], [ 102.6475917, 58.0108488 ], [ 102.6495839, 58.0108808 ], [ 102.6510543, 58.0109104 ], [ 102.6517824, 58.0109961 ], [ 102.6526041, 58.0111472 ], [ 102.6534599, 58.0114156 ], [ 102.6543498, 58.0118351 ], [ 102.6550821, 58.0122208 ], [ 102.655848, 58.0125358 ], [ 102.656242, 58.0126604 ], [ 102.6572366, 58.0128636 ], [ 102.6582171, 58.0130404 ], [ 102.6590035, 58.0131433 ], [ 102.659116779773299, 58.013156044779095 ], [ 102.6570398, 58.0106118 ], [ 102.6570398, 58.0106118 ], [ 102.6566739, 58.0104988 ], [ 102.6564961, 58.0103319 ], [ 102.6564656, 58.0101488 ], [ 102.6565977, 58.0100223 ], [ 102.656448, 58.0099173 ], [ 102.656321, 58.0097073 ], [ 102.6559145, 58.0093438 ], [ 102.6559196, 58.0092469 ] ] ] } },
{ "type": "Feature", "properties": { "area": 533043 }, "geometry": { "type": "Polygon", "coordinates": [ [ [ 102.6661565, 58.0134951 ], [ 102.6684174, 58.0133891 ], [ 102.669747, 58.0133113 ], [ 102.672114, 58.0131646 ], [ 102.6731276, 58.0130874 ], [ 102.6763119, 58.0128703 ], [ 102.6765176, 58.0128563 ], [ 102.6771755, 58.0127904 ], [ 102.677726453796723, 58.01275424524394 ], [ 102.6776895, 58.0127187 ], [ 102.6770827, 58.0120565 ], [ 102.6763099, 58.0110868 ], [ 102.6759343, 58.0106071 ], [ 102.6758053, 58.0104169 ], [ 102.675634, 58.0101716 ], [ 102.6752918, 58.0095288 ], [ 102.6752625, 58.0094342 ], [ 102.6750374, 58.0087082 ], [ 102.6745496, 58.0087392 ], [ 102.6735715, 58.0088222 ], [ 102.6731584, 58.0087166 ], [ 102.6727549, 58.0083695 ], [ 102.6723983, 58.0084657 ], [ 102.6715852, 58.0086919 ], [ 102.6710923, 58.008848 ], [ 102.6708738, 58.0088911 ], [ 102.6707011, 58.0088803 ], [ 102.6706299, 58.008735 ], [ 102.6706909, 58.0086165 ], [ 102.6705944, 58.0084038 ], [ 102.670486, 58.0083676 ], [ 102.6684839, 58.0084053 ], [ 102.6675997, 58.0087014 ], [ 102.6669543, 58.0088665 ], [ 102.666444, 58.0089198 ], [ 102.6660008, 58.0089021 ], [ 102.6653697, 58.0087811 ], [ 102.6650955, 58.008751 ], [ 102.6649573, 58.0087166 ], [ 102.6652312, 58.008499 ], [ 102.6650946, 58.0084399 ], [ 102.6648862, 58.0084318 ], [ 102.6631367, 58.0088918 ], [ 102.6619578, 58.009161 ], [ 102.6617139, 58.0091206 ], [ 102.6613226, 58.009231 ], [ 102.6609532, 58.0093206 ], [ 102.6606849, 58.0094454 ], [ 102.6606009, 58.0094845 ], [ 102.6599973, 58.0096444 ], [ 102.6595122, 58.0097244 ], [ 102.658596, 58.0098005 ], [ 102.6567311, 58.0099699 ], [ 102.6565977, 58.0100223 ], [ 102.6564656, 58.0101488 ], [ 102.6564961, 58.0103319 ], [ 102.6566739, 58.0104988 ], [ 102.6570398, 58.0106118 ], [ 102.6570398, 58.0106118 ], [ 102.659116779773299, 58.013156044779095 ], [ 102.6605874, 58.0133215 ], [ 102.6612005, 58.0133734 ], [ 102.6621857, 58.0134429 ], [ 102.6626396, 58.0134749 ], [ 102.6639851, 58.0135222 ], [ 102.665058, 58.01352 ], [ 102.6661565, 58.0134951 ] ] ] } },
{ "type": "Feature", "properties": { "area": 40492 }, "geometry": { "type": "Polygon", "coordinates": [ [ [ 102.666444, 58.0089198 ], [ 102.6669543, 58.0088665 ], [ 102.6675997, 58.0087014 ], [ 102.6672745, 58.0084214 ], [ 102.6668375, 58.0082922 ], [ 102.6665008, 58.0082387 ], [ 102.665618, 58.0080984 ], [ 102.6642765, 58.0078184 ], [ 102.6641101, 58.007784 ], [ 102.6630772, 58.0075707 ], [ 102.6628001, 58.007428 ], [ 102.6621524, 58.0075169 ], [ 102.6616544, 58.0078345 ], [ 102.6611259, 58.008233 ], [ 102.6610989, 58.0083259 ], [ 102.6609633, 58.0087929 ], [ 102.6609591, 58.0090127 ], [ 102.6609532, 58.0093206 ], [ 102.6613226, 58.009231 ], [ 102.6617139, 58.0091206 ], [ 102.6619578, 58.009161 ], [ 102.6631367, 58.0088918 ], [ 102.6648862, 58.0084318 ], [ 102.6650946, 58.0084399 ], [ 102.6652312, 58.008499 ], [ 102.6649573, 58.0087166 ], [ 102.6650955, 58.008751 ], [ 102.6653697, 58.0087811 ], [ 102.6660008, 58.0089021 ], [ 102.666444, 58.0089198 ] ] ] } },
{ "type": "Feature", "properties": { "area": 82874 }, "geometry": { "type": "Polygon", "coordinates": [ [ [ 102.6683301, 58.0062601 ], [ 102.668246538949347, 58.006386897981599 ], [ 102.667220524612802, 58.006663469285122 ], [ 102.665492500467082, 58.007226142237094 ], [ 102.664538487136625, 58.007187995197825 ], [ 102.664070480597147, 58.007311972926772 ], [ 102.664110099999988, 58.007784 ], [ 102.6641101, 58.007784 ], [ 102.6642765, 58.0078184 ], [ 102.665618, 58.0080984 ], [ 102.6665008, 58.0082387 ], [ 102.6668375, 58.0082922 ], [ 102.6672745, 58.0084214 ], [ 102.6675997, 58.0087014 ], [ 102.6684839, 58.0084053 ], [ 102.670486, 58.0083676 ], [ 102.6705944, 58.0084038 ], [ 102.6706909, 58.0086165 ], [ 102.6706299, 58.008735 ], [ 102.6707011, 58.0088803 ], [ 102.6708738, 58.0088911 ], [ 102.6710923, 58.008848 ], [ 102.6715852, 58.0086919 ], [ 102.6723983, 58.0084657 ], [ 102.6727549, 58.0083695 ], [ 102.6727002, 58.0083194 ], [ 102.6724507, 58.008091 ], [ 102.6721528, 58.0078184 ], [ 102.671827, 58.0075054 ], [ 102.6715288, 58.0072189 ], [ 102.6713664, 58.0070629 ], [ 102.671359, 58.0070558 ], [ 102.6709159, 58.0067321 ], [ 102.6703739, 58.0065993 ], [ 102.6702914, 58.0065791 ], [ 102.6697544, 58.0064918 ], [ 102.6691439, 58.0063925 ], [ 102.6684748, 58.0062836 ], [ 102.6683301, 58.0062601 ], [ 102.6683301, 58.0062601 ] ] ] } },
{ "type": "Feature", "properties": { "area": 59644 }, "geometry": { "type": "Polygon", "coordinates": [ [ [ 102.6609028, 58.0011755 ], [ 102.6587659, 57.9994297 ], [ 102.6584883, 57.9992068 ], [ 102.6582655, 57.9990497 ], [ 102.6581541, 57.9989513 ], [ 102.6579958, 57.9990632 ], [ 102.6577903, 57.9992289 ], [ 102.657512, 57.9993255 ], [ 102.6569197, 57.9993011 ], [ 102.6565647, 57.9994327 ], [ 102.6560256, 57.9997029 ], [ 102.6568342, 58.000004 ], [ 102.6570017, 58.0001584 ], [ 102.6570426, 58.0002647 ], [ 102.6570819, 58.0003669 ], [ 102.6574024, 58.0009459 ], [ 102.6578264, 58.0017161 ], [ 102.6584039, 58.0025217 ], [ 102.6586704, 58.0024662 ], [ 102.6592614, 58.002343 ], [ 102.6598662, 58.0022006 ], [ 102.6604328, 58.0020671 ], [ 102.6605116, 58.0020485 ], [ 102.6610907, 58.0019122 ], [ 102.6616142, 58.0017549 ], [ 102.6609028, 58.0011755 ] ] ] } },
{ "type": "Feature", "properties": { "area": 61200 }, "geometry": { "type": "Polygon", "coordinates": [ [ [ 102.6543319, 58.0046792 ], [ 102.6539805, 58.0042209 ], [ 102.6533418, 58.0034185 ], [ 102.6530754, 58.0030341 ], [ 102.6529734, 58.0027408 ], [ 102.6530317, 58.0024937 ], [ 102.6535343, 58.0022969 ], [ 102.6540952, 58.0021657 ], [ 102.6545833, 58.002019 ], [ 102.6549475, 58.0017912 ], [ 102.6551442, 58.0015442 ], [ 102.6551661, 58.0012856 ], [ 102.655044, 58.0010393 ], [ 102.6543743, 58.0005937 ], [ 102.652942373568052, 57.999874642151219 ], [ 102.652316316355851, 58.000206402490754 ], [ 102.652370317110424, 58.00131286589847 ], [ 102.652730322140798, 58.001808855635979 ], [ 102.651542305540588, 58.002476523277565 ], [ 102.65251431912256, 58.003621067407323 ], [ 102.65226231560132, 58.004536676363976 ], [ 102.652658321134709, 58.004937247918242 ], [ 102.654062340753129, 58.005528559639046 ], [ 102.654414599999981, 58.0052756 ], [ 102.654098, 58.0050954 ], [ 102.6544146, 58.0052756 ], [ 102.6547794, 58.0052374 ], [ 102.6543319, 58.0046792 ] ] ] } },
{ "type": "Feature", "properties": { "area": 72831 }, "geometry": { "type": "Polygon", "coordinates": [ [ [ 102.6806262, 58.0088358 ], [ 102.678776686087474, 58.00838960740424 ], [ 102.677141, 58.0106166 ], [ 102.6782654, 58.010645 ], [ 102.678952, 58.0106623 ], [ 102.6802024, 58.0106699 ], [ 102.6810087, 58.0106094 ], [ 102.6815849, 58.010517 ], [ 102.6824209, 58.010308 ], [ 102.6826706, 58.0103235 ], [ 102.6828043, 58.0097081 ], [ 102.6831844, 58.0081512 ], [ 102.6831983, 58.0080689 ], [ 102.6829617, 58.008134 ], [ 102.6823203, 58.0082559 ], [ 102.6819394, 58.0081569 ], [ 102.6817602, 58.0080774 ], [ 102.6811571, 58.0079571 ], [ 102.6808879, 58.0080995 ], [ 102.6804586, 58.0085154 ], [ 102.6806262, 58.0088358 ], [ 102.6806262, 58.0088358 ] ] ] } },
{ "type": "Feature", "properties": { "area": 55998 }, "geometry": { "type": "Polygon", "coordinates": [ [ [ 102.6806262, 58.0088358 ], [ 102.6806262, 58.0088358 ], [ 102.6804586, 58.0085154 ], [ 102.6808879, 58.0080995 ], [ 102.6811571, 58.0079571 ], [ 102.6817602, 58.0080774 ], [ 102.6819394, 58.0081569 ], [ 102.6823203, 58.0082559 ], [ 102.6829617, 58.008134 ], [ 102.6831983, 58.0080689 ], [ 102.683245, 58.007793 ], [ 102.6833642, 58.0072392 ], [ 102.6835388, 58.0065952 ], [ 102.6837708, 58.0058124 ], [ 102.6835489, 58.0058038 ], [ 102.683338, 58.0058361 ], [ 102.6835489, 58.0058038 ], [ 102.682052731863763, 58.005375964001061 ], [ 102.678776686087474, 58.00838960740424 ], [ 102.6806262, 58.0088358 ] ] ] } },
{ "type": "Feature", "properties": { "area": 147402 }, "geometry": { "type": "Polygon", "coordinates": [ [ [ 102.6845949, 58.0179164 ], [ 102.6845949, 58.017916399999983 ], [ 102.686749539508995, 58.017516735701655 ], [ 102.6866582, 58.0174072 ], [ 102.6865107, 58.0171444 ], [ 102.6863363, 58.0169085 ], [ 102.686217, 58.0167601 ], [ 102.6861338, 58.0166365 ], [ 102.6861097, 58.0165867 ], [ 102.6861043, 58.0165164 ], [ 102.686111, 58.0165001 ], [ 102.6861271, 58.0164823 ], [ 102.6862518, 58.0164482 ], [ 102.6862693, 58.0164312 ], [ 102.6862706, 58.016407 ], [ 102.6861781, 58.0162678 ], [ 102.6859501, 58.0159425 ], [ 102.6858187, 58.0157549 ], [ 102.6856577, 58.015583 ], [ 102.6856188, 58.0155518 ], [ 102.6855625, 58.0155241 ], [ 102.6852849, 58.0154843 ], [ 102.6851696, 58.0154566 ], [ 102.6850744, 58.0154147 ], [ 102.6850033, 58.0153635 ], [ 102.6847699, 58.0150957 ], [ 102.6845902, 58.0148918 ], [ 102.6843488, 58.0145856 ], [ 102.6842442, 58.014445 ], [ 102.6841557, 58.0143001 ], [ 102.6841101, 58.0141196 ], [ 102.6840913, 58.0140671 ], [ 102.6840565, 58.0140145 ], [ 102.6838768, 58.0138568 ], [ 102.6836005, 58.0134433 ], [ 102.6834476, 58.0131727 ], [ 102.6833403, 58.0129496 ], [ 102.6832665, 58.0128601 ], [ 102.6830882, 58.0127016 ], [ 102.6830024, 58.0126079 ], [ 102.6829246, 58.0124729 ], [ 102.6828334, 58.0119088 ], [ 102.6828092, 58.0115465 ], [ 102.682828, 58.0111337 ], [ 102.6828562, 58.010971 ], [ 102.6828736, 58.0109476 ], [ 102.6829112, 58.0109312 ], [ 102.6831901, 58.0109099 ], [ 102.683343, 58.0108858 ], [ 102.683571, 58.0108119 ], [ 102.6835924, 58.0107849 ], [ 102.683579, 58.0107557 ], [ 102.6835415, 58.0107394 ], [ 102.6830533, 58.0106556 ], [ 102.6829755, 58.0106158 ], [ 102.6829407, 58.0105533 ], [ 102.6829407, 58.0104978 ], [ 102.683020773075896, 58.010323708018397 ], [ 102.6826706, 58.0103235 ], [ 102.6825625, 58.0107096 ], [ 102.6823103, 58.0111984 ], [ 102.6820689, 58.0115308 ], [ 102.6818597, 58.0117212 ], [ 102.6814306, 58.0119855 ], [ 102.6806742, 58.0123066 ], [ 102.6802289, 58.012426 ], [ 102.6794015, 58.0125877 ], [ 102.6782605, 58.0127192 ], [ 102.677726453796723, 58.01275424524394 ], [ 102.6778233, 58.0128474 ], [ 102.6780152, 58.0130613 ], [ 102.6781465, 58.0132078 ], [ 102.6787773, 58.0137126 ], [ 102.6795254, 58.0142817 ], [ 102.6798628, 58.0145033 ], [ 102.6800821, 58.0146416 ], [ 102.6802902, 58.0147409 ], [ 102.6807407, 58.0149353 ], [ 102.6812187, 58.0152222 ], [ 102.6820481, 58.0156831 ], [ 102.6826349, 58.0159975 ], [ 102.6828141, 58.0160984 ], [ 102.6830195, 58.0162256 ], [ 102.6833363, 58.0164454 ], [ 102.6835263, 58.0165985 ], [ 102.6836711, 58.0167276 ], [ 102.6839767, 58.0171058 ], [ 102.6843091, 58.0175468 ], [ 102.6845949, 58.0179164 ] ] ] } },
{ "type": "Feature", "properties": { "area": 88583 }, "geometry": { "type": "Polygon", "coordinates": [ [ [ 102.6890893, 58.0234457 ], [ 102.6919153, 58.0228806 ], [ 102.6919153, 58.0228806 ], [ 102.691505, 58.0226121 ], [ 102.6911134, 58.022365 ], [ 102.6908424, 58.0222229 ], [ 102.6905259, 58.0220809 ], [ 102.6903315, 58.0219566 ], [ 102.6902148, 58.0218564 ], [ 102.6900539, 58.0217087 ], [ 102.6899157, 58.0216093 ], [ 102.6896502, 58.021421 ], [ 102.6895604, 58.0213635 ], [ 102.6895, 58.0213031 ], [ 102.6894209, 58.0211632 ], [ 102.6893458, 58.021078 ], [ 102.689091, 58.0208649 ], [ 102.6889542, 58.0207356 ], [ 102.6887584, 58.0205098 ], [ 102.6885599, 58.0202541 ], [ 102.6883855, 58.0200424 ], [ 102.6883239, 58.0199501 ], [ 102.6883024, 58.0198791 ], [ 102.6883265, 58.0197569 ], [ 102.6883239, 58.0196915 ], [ 102.6882729, 58.0196163 ], [ 102.6881951, 58.0195587 ], [ 102.6879792, 58.0194479 ], [ 102.6879175, 58.0194081 ], [ 102.6878732, 58.019362 ], [ 102.6876694, 58.0190537 ], [ 102.687377, 58.0186971 ], [ 102.6872912, 58.018575 ], [ 102.6872617, 58.0184997 ], [ 102.6872295, 58.0183363 ], [ 102.6871973, 58.018099 ], [ 102.6871383, 58.0179399 ], [ 102.687023, 58.0177624 ], [ 102.686913, 58.0176459 ], [ 102.6867601, 58.0175294 ], [ 102.686749539508995, 58.017516735701655 ], [ 102.6845949, 58.017916399999983 ], [ 102.6845949, 58.0179164 ], [ 102.6845949, 58.0179164 ], [ 102.6859846, 58.0197141 ], [ 102.686579, 58.0204757 ], [ 102.6875876, 58.0217679 ], [ 102.6879214, 58.0221955 ], [ 102.6889877, 58.0233676 ], [ 102.6890893, 58.0234457 ] ] ] } },
{ "type": "Feature", "properties": { "area": 354093 }, "geometry": { "type": "Polygon", "coordinates": [ [ [ 102.7076655, 58.0302992 ], [ 102.7076655, 58.0302992 ], [ 102.7095455, 58.029735 ], [ 102.7095482, 58.0296924 ], [ 102.7095857, 58.0296725 ], [ 102.7096635, 58.0296725 ], [ 102.7101275, 58.029779 ], [ 102.7102992, 58.0297648 ], [ 102.710436, 58.0297251 ], [ 102.7107002, 58.0296363 ], [ 102.7107364, 58.0296029 ], [ 102.7107579, 58.029571 ], [ 102.7107324, 58.0294779 ], [ 102.7107324, 58.0294545 ], [ 102.7107485, 58.029429 ], [ 102.7108303, 58.0293792 ], [ 102.7105393, 58.0291612 ], [ 102.7106144, 58.0291243 ], [ 102.7095173, 58.0283886 ], [ 102.7093135, 58.0284689 ], [ 102.7091727, 58.0283872 ], [ 102.7090707, 58.0283787 ], [ 102.7090158, 58.028361 ], [ 102.7089889, 58.0283375 ], [ 102.7089581, 58.0282793 ], [ 102.7089635, 58.0282239 ], [ 102.7089782, 58.0281973 ], [ 102.709052, 58.0281366 ], [ 102.7084981, 58.0278298 ], [ 102.7086409, 58.027746 ], [ 102.7085356, 58.0276938 ], [ 102.7086731, 58.0276054 ], [ 102.7079241, 58.0272674 ], [ 102.7077913, 58.0273512 ], [ 102.7073233, 58.0271594 ], [ 102.7072254, 58.0272361 ], [ 102.7071389, 58.0272823 ], [ 102.7070859, 58.0272961 ], [ 102.7070497, 58.0272919 ], [ 102.7070168, 58.0272784 ], [ 102.7070068, 58.0272652 ], [ 102.7070095, 58.0272507 ], [ 102.7070551, 58.0272148 ], [ 102.7068391, 58.0271126 ], [ 102.7067439, 58.0270735 ], [ 102.7066219, 58.0270344 ], [ 102.7066085, 58.0270174 ], [ 102.7066165, 58.0269982 ], [ 102.7069813, 58.0267653 ], [ 102.7061847, 58.026423 ], [ 102.706013, 58.0265295 ], [ 102.7058575, 58.0265636 ], [ 102.7056295, 58.0265721 ], [ 102.7054873, 58.0265508 ], [ 102.7050018, 58.0264429 ], [ 102.7048784, 58.0264045 ], [ 102.704806, 58.0263633 ], [ 102.7046491, 58.0261581 ], [ 102.7046223, 58.0261439 ], [ 102.704578, 58.026134 ], [ 102.7045432, 58.0261361 ], [ 102.7043635, 58.0262384 ], [ 102.7042589, 58.0262483 ], [ 102.7041529, 58.0262355 ], [ 102.7036956, 58.0261205 ], [ 102.7032423, 58.0260353 ], [ 102.702776, 58.0259662 ], [ 102.7018629, 58.0257647 ], [ 102.7015793, 58.0257327 ], [ 102.7011797, 58.0257029 ], [ 102.7008042, 58.0256589 ], [ 102.6998225, 58.0254799 ], [ 102.6994343, 58.0253968 ], [ 102.6993048, 58.0253691 ], [ 102.698983, 58.0252953 ], [ 102.6989608, 58.02529 ], [ 102.6985887, 58.0251994 ], [ 102.6981005, 58.0250993 ], [ 102.6978537, 58.025041 ], [ 102.6975909, 58.0249643 ], [ 102.6968989, 58.0247285 ], [ 102.6963356, 58.0245851 ], [ 102.6961827, 58.024568 ], [ 102.6960379, 58.0245737 ], [ 102.6959306, 58.0246206 ], [ 102.6957911, 58.0247726 ], [ 102.6956436, 58.0249118 ], [ 102.6955336, 58.0249785 ], [ 102.6953164, 58.0250297 ], [ 102.6951554, 58.0250169 ], [ 102.6950696, 58.0249799 ], [ 102.6950267, 58.0249245 ], [ 102.6949784, 58.0247996 ], [ 102.6949033, 58.0247328 ], [ 102.6946244, 58.0245893 ], [ 102.6945734, 58.024524 ], [ 102.6945814, 58.0244445 ], [ 102.6947518, 58.0242158 ], [ 102.6947437, 58.0241874 ], [ 102.6946928, 58.024159 ], [ 102.6946217, 58.0241433 ], [ 102.694383, 58.0241348 ], [ 102.6941697, 58.0241043 ], [ 102.6939779, 58.0240468 ], [ 102.6938546, 58.0239814 ], [ 102.6937848, 58.0239189 ], [ 102.6937191, 58.0237751 ], [ 102.6937003, 58.0237513 ], [ 102.6936708, 58.0237407 ], [ 102.693577, 58.0237279 ], [ 102.6935501, 58.0237172 ], [ 102.6935354, 58.0236973 ], [ 102.6935475, 58.0235638 ], [ 102.6935273, 58.0235255 ], [ 102.6934858, 58.0234949 ], [ 102.6933208, 58.0234409 ], [ 102.6932444, 58.0234061 ], [ 102.6931947, 58.0233706 ], [ 102.6930955, 58.0232748 ], [ 102.6930311, 58.0232392 ], [ 102.6929279, 58.023213 ], [ 102.692492, 58.0231412 ], [ 102.6923954, 58.0230965 ], [ 102.6923606, 58.0230638 ], [ 102.6923498, 58.0230248 ], [ 102.692378, 58.0229417 ], [ 102.6923619, 58.0229196 ], [ 102.6923177, 58.022904 ], [ 102.69226, 58.0228991 ], [ 102.6921004, 58.0229161 ], [ 102.6919931, 58.0229076 ], [ 102.6919153, 58.0228806 ], [ 102.6919153, 58.0228806 ], [ 102.6919153, 58.0228806 ], [ 102.6890893, 58.0234457 ], [ 102.6890893, 58.0234457 ], [ 102.6897859, 58.0239814 ], [ 102.6902611, 58.0243468 ], [ 102.6920206, 58.0253618 ], [ 102.6935075, 58.0261608 ], [ 102.6938883, 58.0263654 ], [ 102.695259, 58.0270317 ], [ 102.6953977, 58.027084 ], [ 102.6964186, 58.0274688 ], [ 102.6993818, 58.0282035 ], [ 102.7037372, 58.0293077 ], [ 102.7049574, 58.0296037 ], [ 102.7053544, 58.0297 ], [ 102.7068817, 58.0300683 ], [ 102.7073065, 58.0301707 ], [ 102.7076655, 58.0302992 ] ] ] } },
{ "type": "Feature", "properties": { "area": 192148 }, "geometry": { "type": "Polygon", "coordinates": [ [ [ 102.7095455, 58.029735 ], [ 102.7076655, 58.0302992 ], [ 102.7076655, 58.0302992 ], [ 102.7083481, 58.0305435 ], [ 102.7093959, 58.0311343 ], [ 102.7104045, 58.0321157 ], [ 102.7121916, 58.0338861 ], [ 102.7151174, 58.0367583 ], [ 102.7155608, 58.0372059 ], [ 102.716040118711177, 58.037744805539916 ], [ 102.716099519879677, 58.037732441078624 ], [ 102.716171711339641, 58.037713008451362 ], [ 102.719347721148665, 58.036754090467511 ], [ 102.719787069504648, 58.036780804153231 ], [ 102.719920608226417, 58.036836844976314 ], [ 102.7195474, 58.0365824 ], [ 102.7191693, 58.0362913 ], [ 102.7184102, 58.0357887 ], [ 102.7177557, 58.0353726 ], [ 102.7171925, 58.0350233 ], [ 102.7166077, 58.0346158 ], [ 102.7162349, 58.0343559 ], [ 102.7159908, 58.0341941 ], [ 102.715905, 58.0341145 ], [ 102.7157199, 58.0338632 ], [ 102.7155992, 58.0336417 ], [ 102.7154115, 58.0333918 ], [ 102.7152264, 58.0332072 ], [ 102.7148911, 58.032872 ], [ 102.7144566, 58.0323253 ], [ 102.7139685, 58.0317033 ], [ 102.7137083, 58.0313838 ], [ 102.7136493, 58.0312929 ], [ 102.7135366, 58.0311253 ], [ 102.7134562, 58.0310387 ], [ 102.7132362, 58.0308626 ], [ 102.7126247, 58.0304323 ], [ 102.7120104, 58.0299722 ], [ 102.7119032, 58.0299267 ], [ 102.7118173, 58.0299154 ], [ 102.711761, 58.0299168 ], [ 102.7113533, 58.0300758 ], [ 102.7111495, 58.0301284 ], [ 102.7108946, 58.0301468 ], [ 102.7105862, 58.030117 ], [ 102.7102858, 58.0300602 ], [ 102.7100927, 58.0300006 ], [ 102.7095455, 58.029735 ], [ 102.7095455, 58.029735 ] ] ] } },
{ "type": "Feature", "properties": { "area": 225597 }, "geometry": { "type": "Polygon", "coordinates": [ [ [ 102.671783588372591, 58.015302862055968 ], [ 102.658758807701489, 58.015043912442707 ], [ 102.6577869, 58.0156807 ], [ 102.6575914, 58.0158088 ], [ 102.6571762, 58.0160808 ], [ 102.6555806, 58.0170202 ], [ 102.6557166, 58.0170371 ], [ 102.6576844, 58.0172813 ], [ 102.6580147, 58.0173459 ], [ 102.6583861, 58.0173373 ], [ 102.66402, 58.0172963 ], [ 102.6647913, 58.017304 ], [ 102.6657327, 58.0173135 ], [ 102.6660342, 58.0173161 ], [ 102.6668203, 58.0173229 ], [ 102.6687581, 58.0173397 ], [ 102.6688784, 58.0173407 ], [ 102.6693716, 58.017354 ], [ 102.6721339, 58.0172677 ], [ 102.6741276, 58.0171857 ], [ 102.674233156807205, 58.017181359241782 ], [ 102.672827602960638, 58.01614189724917 ], [ 102.672575599439384, 58.01537913879563 ], [ 102.671783588372591, 58.015302862055968 ] ] ] } },
{ "type": "Feature", "properties": { "area": 497154 }, "geometry": { "type": "Polygon", "coordinates": [ [ [ 102.66504233455386, 58.020543633880322 ], [ 102.665285497574516, 58.021099430864794 ], [ 102.666239510904973, 58.021947862961788 ], [ 102.66577150436548, 58.022109920736376 ], [ 102.666311511911033, 58.02249123025107 ], [ 102.666383512917093, 58.022777209719685 ], [ 102.666743517947467, 58.023120382064064 ], [ 102.667283525493019, 58.023234772113931 ], [ 102.668111537062856, 58.024454909884234 ], [ 102.670625198816083, 58.025936684814766 ], [ 102.677957799129857, 58.022127923146449 ], [ 102.675995647227822, 58.020241445359652 ], [ 102.676643656282437, 58.018315669635072 ], [ 102.675630799999979, 58.0171231 ], [ 102.6752608, 58.0171391 ], [ 102.6741276, 58.0171857 ], [ 102.6721339, 58.0172677 ], [ 102.6693716, 58.017354 ], [ 102.6688784, 58.0173407 ], [ 102.6687581, 58.0173397 ], [ 102.6668203, 58.0173229 ], [ 102.666820299999983, 58.0173229 ], [ 102.666095508892852, 58.018105925424997 ], [ 102.666203510401985, 58.019974512338976 ], [ 102.66504233455386, 58.020543633880322 ] ] ] } },
{ "type": "Feature", "properties": { "area": 106545 }, "geometry": { "type": "Polygon", "coordinates": [ [ [ 102.685866192629604, 58.022551703461716 ], [ 102.687714298344275, 58.021930201414065 ], [ 102.6875876, 58.0217679 ], [ 102.686579, 58.0204757 ], [ 102.6859846, 58.0197141 ], [ 102.6845949, 58.0179164 ], [ 102.6843091, 58.0175468 ], [ 102.6839767, 58.0171058 ], [ 102.6836711, 58.0167276 ], [ 102.6823828, 58.0171568 ], [ 102.6815278, 58.0174011 ], [ 102.6818247, 58.0179286 ], [ 102.6819366, 58.0181273 ], [ 102.6821632, 58.0184952 ], [ 102.6820365, 58.0185344 ], [ 102.6821951, 58.0187136 ], [ 102.6823746, 58.0188111 ], [ 102.68281, 58.019004 ], [ 102.6830469, 58.0193182 ], [ 102.6832343, 58.0195056 ], [ 102.6832227, 58.0195421 ], [ 102.6825801, 58.0196836 ], [ 102.68227, 58.0196857 ], [ 102.6821346, 58.0196925 ], [ 102.6815842, 58.0197684 ], [ 102.6811652, 58.019851 ], [ 102.6816417, 58.0202144 ], [ 102.6821397, 58.0204701 ], [ 102.6826224, 58.0208539 ], [ 102.6829459, 58.020936 ], [ 102.6831858, 58.0209262 ], [ 102.6836394, 58.0207624 ], [ 102.6838639, 58.0207137 ], [ 102.6839629, 58.0207558 ], [ 102.6845099, 58.0211002 ], [ 102.6845811, 58.0213554 ], [ 102.6845985, 58.0213734 ], [ 102.6849913, 58.0217798 ], [ 102.6852204, 58.0220459 ], [ 102.6856318, 58.0223235 ], [ 102.685866192629604, 58.022551703461716 ] ] ] } },
{ "type": "Feature", "properties": { "area": 410718 }, "geometry": { "type": "Polygon", "coordinates": [ [ [ 102.7049574, 58.0296037 ], [ 102.704589, 58.0300753 ], [ 102.7040286, 58.0308459 ], [ 102.7035321, 58.0314569 ], [ 102.7033478, 58.0318061 ], [ 102.7027484, 58.0326344 ], [ 102.7021827, 58.0328651 ], [ 102.7011218, 58.0332978 ], [ 102.699425, 58.0339612 ], [ 102.6991881, 58.0340961 ], [ 102.6987012, 58.0343733 ], [ 102.6986623, 58.0345834 ], [ 102.6988724, 58.0348389 ], [ 102.6999465, 58.0355682 ], [ 102.7010874, 58.0363294 ], [ 102.7012619, 58.0364458 ], [ 102.7023307, 58.0371906 ], [ 102.7027401, 58.0375375 ], [ 102.703088060520074, 58.037798381096138 ], [ 102.703119427576752, 58.037792548402891 ], [ 102.703188314016501, 58.037775941655852 ], [ 102.703254129312413, 58.03775613898739 ], [ 102.703316347661271, 58.037733298603996 ], [ 102.704058538230441, 58.03743395732409 ], [ 102.704097873583549, 58.037449674546558 ], [ 102.7041690124083, 58.037472662906495 ], [ 102.704244066821758, 58.037491831868167 ], [ 102.704322310095534, 58.037506995822909 ], [ 102.704402984620998, 58.037518007941308 ], [ 102.704485309245626, 58.037524761595215 ], [ 102.704568486837488, 58.03752719139009 ], [ 102.704651712004576, 58.037525273798586 ], [ 102.704734178894071, 58.037519027388079 ], [ 102.704815088996142, 58.037508512641104 ], [ 102.7048936588766, 58.037493831369602 ], [ 102.704969127763505, 58.037475125728896 ], [ 102.705040764914216, 58.037452576841225 ], [ 102.705107876691486, 58.037426403041735 ], [ 102.705569023033263, 58.037227292405028 ], [ 102.705641881529104, 58.03722310811834 ], [ 102.705724862468813, 58.037213815614443 ], [ 102.705805673914199, 58.037200166252923 ], [ 102.705883504811226, 58.03718229702411 ], [ 102.70595757402296, 58.037160387270475 ], [ 102.706027138169901, 58.037134656886451 ], [ 102.707320043558695, 58.036603451683462 ], [ 102.707381957614658, 58.036575384153622 ], [ 102.707438499457936, 58.03654429081211 ], [ 102.70748914571098, 58.036510459481157 ], [ 102.707533427574049, 58.036474203326961 ], [ 102.708167219934822, 58.035896099646784 ], [ 102.708206581164234, 58.035855596322847 ], [ 102.70823799959112, 58.035813185606941 ], [ 102.708251826625158, 58.035786978525337 ], [ 102.708913021408193, 58.035597551260501 ], [ 102.709017707576038, 58.035562062935973 ], [ 102.711135955046146, 58.034721759142123 ], [ 102.711919034196313, 58.034455502607429 ], [ 102.713346427456898, 58.035766817883164 ], [ 102.714979915502923, 58.037506797453773 ], [ 102.714995065905228, 58.037522935551969 ], [ 102.715034574842718, 58.037560412014777 ], [ 102.715080652705126, 58.037595715615872 ], [ 102.715132878139002, 58.037628523511181 ], [ 102.715190773568693, 58.037658535678503 ], [ 102.715253809563464, 58.037685477661299 ], [ 102.715321409678921, 58.037709103078704 ], [ 102.715392955728504, 58.037729195878995 ], [ 102.715467793437014, 58.037745572315437 ], [ 102.715545238424212, 58.037758082626745 ], [ 102.715624582463946, 58.037766612406898 ], [ 102.715705099961397, 58.037771083651506 ], [ 102.715786054589287, 58.037771455471074 ], [ 102.715866706022311, 58.037767724465169 ], [ 102.715946316708084, 58.037759924753381 ], [ 102.716024158612768, 58.037748127663434 ], [ 102.716040118711177, 58.037744805539916 ], [ 102.7155608, 58.0372059 ], [ 102.7151174, 58.0367583 ], [ 102.7121916, 58.0338861 ], [ 102.7104045, 58.0321157 ], [ 102.7093959, 58.0311343 ], [ 102.7083481, 58.0305435 ], [ 102.7076655, 58.0302992 ], [ 102.7073065, 58.0301707 ], [ 102.7068817, 58.0300683 ], [ 102.7053544, 58.0297 ], [ 102.7049574, 58.0296037 ] ] ] } },
{ "type": "Feature", "properties": { "area": 658055 }, "geometry": { "type": "Polygon", "coordinates": [ [ [ 102.6942834, 58.0307589 ], [ 102.694283399999989, 58.0307589 ], [ 102.685040962464839, 58.034025200396933 ], [ 102.69782822038043, 58.043072903734597 ], [ 102.697828220380444, 58.043072903734604 ], [ 102.697909123127445, 58.043059745289248 ], [ 102.697987144884422, 58.043042370234318 ], [ 102.698061506315156, 58.04302095212492 ], [ 102.69813146464918, 58.042995704900868 ], [ 102.698196321101591, 58.042966880749645 ], [ 102.698255427853212, 58.042934767587028 ], [ 102.698308194521587, 58.042899686180988 ], [ 102.698354094057976, 58.042861986947379 ], [ 102.698392668011351, 58.042822046449508 ], [ 102.698423531107196, 58.042780263636615 ], [ 102.698446375095045, 58.042737055858595 ], [ 102.698460971826492, 58.042692854697215 ], [ 102.69846717553294, 58.042648101655161 ], [ 102.698464924280458, 58.042603243745745 ], [ 102.698049589030063, 58.039733320179955 ], [ 102.69818109720363, 58.039836441334977 ], [ 102.698228711393853, 58.039870239396748 ], [ 102.698282097169695, 58.039901518178773 ], [ 102.698340783188527, 58.039930001512232 ], [ 102.698404251306641, 58.039955437909498 ], [ 102.698471941154111, 58.039977602784639 ], [ 102.698543255082541, 58.039996300436584 ], [ 102.698617563442042, 58.040011365777268 ], [ 102.698694210141184, 58.04002266578933 ], [ 102.698772518440151, 58.040030100700569 ], [ 102.698851796926618, 58.0400336048653 ], [ 102.698931345621105, 58.040033147343721 ], [ 102.6994197517255, 58.04001814719976 ], [ 102.699501087407342, 58.040013550028043 ], [ 102.699581206952473, 58.040004811807364 ], [ 102.699659362504306, 58.039992014102552 ], [ 102.699734824540542, 58.039975276370527 ], [ 102.699806888683526, 58.039954754845304 ], [ 102.699874882275466, 58.039930641079579 ], [ 102.700160883631455, 58.039818239961967 ], [ 102.700225389698701, 58.039790174488132 ], [ 102.70028437340217, 58.039758878021416 ], [ 102.700337261884741, 58.039724654524839 ], [ 102.700383541492769, 58.039687836388985 ], [ 102.700387603877346, 58.039683791211523 ], [ 102.701188590114896, 58.03940512498999 ], [ 102.701256518612325, 58.039378843622131 ], [ 102.701319196364352, 58.039349118407863 ], [ 102.701376005137092, 58.039316242553703 ], [ 102.701426384592253, 58.039280540343015 ], [ 102.701532183728872, 58.039197239756113 ], [ 102.701574224577044, 58.039160450091209 ], [ 102.701609433685647, 58.039121695558656 ], [ 102.701637487869448, 58.03908133191193 ], [ 102.701658129625798, 58.039039729674379 ], [ 102.701671169497587, 58.038997270737966 ], [ 102.701676487811554, 58.038954344857366 ], [ 102.701674035775781, 58.038911346072297 ], [ 102.701663835926638, 58.038868669090228 ], [ 102.701645981920834, 58.038826705663233 ], [ 102.701620637674722, 58.038785840992048 ], [ 102.70158803585872, 58.03874645019004 ], [ 102.70154847576066, 58.038708894840212 ], [ 102.701312143416359, 58.038507810286191 ], [ 102.701157968208761, 58.038376629541737 ], [ 102.701837653843995, 58.038188407154436 ], [ 102.701912990522445, 58.038164840956121 ], [ 102.701983340488567, 58.038137278129177 ], [ 102.702047952851387, 58.038106012874117 ], [ 102.702106137967291, 58.038071378909805 ], [ 102.702157274801095, 58.038033745910937 ], [ 102.702200817554498, 58.037993515562121 ], [ 102.702246339769601, 58.037945918415694 ], [ 102.702288769179262, 58.037948453199547 ], [ 102.702374724911579, 58.03794893595439 ], [ 102.702460329847042, 58.037944793359422 ], [ 102.70254470139362, 58.037936068124779 ], [ 102.702626969676956, 58.037922850207906 ], [ 102.702706286509695, 58.037905275885961 ], [ 102.702781834137227, 58.037883526350569 ], [ 102.702996285134574, 58.037814089614159 ], [ 102.703048020334606, 58.037805826554653 ], [ 102.703088060520074, 58.037798381096138 ], [ 102.7027401, 58.0375375 ], [ 102.7023307, 58.0371906 ], [ 102.7012619, 58.0364458 ], [ 102.7010874, 58.0363294 ], [ 102.6999465, 58.0355682 ], [ 102.6988724, 58.0348389 ], [ 102.6986623, 58.0345834 ], [ 102.6987012, 58.0343733 ], [ 102.6991881, 58.0340961 ], [ 102.6988415, 58.0339561 ], [ 102.6980371, 58.0333661 ], [ 102.697221, 58.0328004 ], [ 102.6959682, 58.0319971 ], [ 102.695614, 58.03177 ], [ 102.6954366, 58.0315214 ], [ 102.6942834, 58.0307589 ] ] ] } },
{ "type": "Feature", "properties": { "area": 503142 }, "geometry": { "type": "Polygon", "coordinates": [ [ [ 102.655547361503253, 58.01881142378906 ], [ 102.655547361503238, 58.018811423789046 ], [ 102.653027326290726, 58.018868625749384 ], [ 102.648815267435495, 58.01741948123108 ], [ 102.644021807163014, 58.018114650701484 ], [ 102.646151230210805, 58.023520745638123 ], [ 102.654636322317415, 58.025643882678047 ], [ 102.659562936850904, 58.023229224759113 ], [ 102.659543417340288, 58.023215707131023 ], [ 102.655331358485043, 58.020260511927759 ], [ 102.655547361503253, 58.01881142378906 ] ] ] } },
{ "type": "Feature", "properties": { "area": 297159 }, "geometry": { "type": "Polygon", "coordinates": [ [ [ 102.65768439999998, 58.0172813 ], [ 102.65612336955185, 58.018372872388049 ], [ 102.656267371563985, 58.018792356448614 ], [ 102.655547361503253, 58.018811423789046 ], [ 102.655331358485043, 58.020260511927759 ], [ 102.659543417340288, 58.023215707131023 ], [ 102.659562936850904, 58.023229224759113 ], [ 102.666203510401985, 58.019974512338976 ], [ 102.666095508892852, 58.018105925424997 ], [ 102.666820299999983, 58.0173229 ], [ 102.6660342, 58.0173161 ], [ 102.6657327, 58.0173135 ], [ 102.6647913, 58.017304 ], [ 102.66402, 58.0172963 ], [ 102.6583861, 58.0173373 ], [ 102.6580147, 58.0173459 ], [ 102.6576844, 58.0172813 ], [ 102.65768439999998, 58.0172813 ] ] ] } },
{ "type": "Feature", "properties": { "area": 367179 }, "geometry": { "type": "Polygon", "coordinates": [ [ [ 102.643372094719709, 58.016465186470448 ], [ 102.653459332327159, 58.014616364081718 ], [ 102.6582171, 58.0130404 ], [ 102.658217099999987, 58.0130404 ], [ 102.6572366, 58.0128636 ], [ 102.656242, 58.0126604 ], [ 102.655848, 58.0125358 ], [ 102.6550821, 58.0122208 ], [ 102.6543498, 58.0118351 ], [ 102.6534599, 58.0114156 ], [ 102.6526041, 58.0111472 ], [ 102.6517824, 58.0109961 ], [ 102.6510543, 58.0109104 ], [ 102.6495839, 58.0108808 ], [ 102.6475917, 58.0108488 ], [ 102.6453662, 58.0107768 ], [ 102.6444677, 58.0107478 ], [ 102.643899690322257, 58.010698500753634 ], [ 102.642362177266435, 58.013901248019508 ], [ 102.643372094719709, 58.016465186470448 ] ] ] } },
{ "type": "Feature", "properties": { "area": 155967 }, "geometry": { "type": "Polygon", "coordinates": [ [ [ 102.675630799999979, 58.0171231 ], [ 102.676643656282437, 58.018315669635072 ], [ 102.675995647227822, 58.020241445359652 ], [ 102.677957799129857, 58.022127923146449 ], [ 102.681641699999986, 58.0202144 ], [ 102.6816417, 58.0202144 ], [ 102.6811652, 58.019851 ], [ 102.6815842, 58.0197684 ], [ 102.6821346, 58.0196925 ], [ 102.68227, 58.0196857 ], [ 102.6825801, 58.0196836 ], [ 102.6832227, 58.0195421 ], [ 102.6832343, 58.0195056 ], [ 102.6830469, 58.0193182 ], [ 102.68281, 58.019004 ], [ 102.6823746, 58.0188111 ], [ 102.6821951, 58.0187136 ], [ 102.6820365, 58.0185344 ], [ 102.6821632, 58.0184952 ], [ 102.6819366, 58.0181273 ], [ 102.6818247, 58.0179286 ], [ 102.6815278, 58.0174011 ], [ 102.6813992, 58.017274 ], [ 102.6809416, 58.0171528 ], [ 102.6805874, 58.0171137 ], [ 102.6802446, 58.0170697 ], [ 102.6800286, 58.0169776 ], [ 102.6797658, 58.0169908 ], [ 102.6794198, 58.01701 ], [ 102.678244, 58.0170499 ], [ 102.6772814, 58.0170825 ], [ 102.6756308, 58.0171231 ], [ 102.675630799999979, 58.0171231 ] ] ] } },
{ "type": "Feature", "properties": { "area": 233285 }, "geometry": { "type": "Polygon", "coordinates": [ [ [ 102.672114, 58.0131646 ], [ 102.672114, 58.01316460000001 ], [ 102.671387582839174, 58.014921475918541 ], [ 102.671783588372591, 58.015302862055968 ], [ 102.672575599439384, 58.01537913879563 ], [ 102.672827602960638, 58.01614189724917 ], [ 102.674233156807205, 58.017181359241782 ], [ 102.6752608, 58.0171391 ], [ 102.6756308, 58.0171231 ], [ 102.6772814, 58.0170825 ], [ 102.678244, 58.0170499 ], [ 102.6794198, 58.01701 ], [ 102.6797658, 58.0169908 ], [ 102.6800286, 58.0169776 ], [ 102.6802446, 58.0170697 ], [ 102.6805874, 58.0171137 ], [ 102.6809416, 58.0171528 ], [ 102.6813992, 58.017274 ], [ 102.6815278, 58.0174011 ], [ 102.6823828, 58.0171568 ], [ 102.6836711, 58.0167276 ], [ 102.6835263, 58.0165985 ], [ 102.6833363, 58.0164454 ], [ 102.6830195, 58.0162256 ], [ 102.6828141, 58.0160984 ], [ 102.6826349, 58.0159975 ], [ 102.6820481, 58.0156831 ], [ 102.6812187, 58.0152222 ], [ 102.6807407, 58.0149353 ], [ 102.6802902, 58.0147409 ], [ 102.6800821, 58.0146416 ], [ 102.6798628, 58.0145033 ], [ 102.6795254, 58.0142817 ], [ 102.6787773, 58.0137126 ], [ 102.6781465, 58.0132078 ], [ 102.6780152, 58.0130613 ], [ 102.6778233, 58.0128474 ], [ 102.677726453796723, 58.01275424524394 ], [ 102.6771755, 58.0127904 ], [ 102.6765176, 58.0128563 ], [ 102.6763119, 58.0128703 ], [ 102.6731276, 58.0130874 ], [ 102.672114, 58.0131646 ], [ 102.672114, 58.0131646 ] ] ] } },
{ "type": "Feature", "properties": { "area": 139059 }, "geometry": { "type": "Polygon", "coordinates": [ [ [ 102.658758807701489, 58.015043912442707 ], [ 102.671783588372591, 58.015302862055968 ], [ 102.671387582839174, 58.014921475918541 ], [ 102.672114, 58.01316460000001 ], [ 102.672114, 58.0131646 ], [ 102.669747, 58.0133113 ], [ 102.6684174, 58.0133891 ], [ 102.6661565, 58.0134951 ], [ 102.665058, 58.01352 ], [ 102.6639851, 58.0135222 ], [ 102.6626396, 58.0134749 ], [ 102.6621857, 58.0134429 ], [ 102.6612005, 58.0133734 ], [ 102.6605874, 58.0133215 ], [ 102.6606572, 58.0134375 ], [ 102.6606318, 58.013529 ], [ 102.660149, 58.0140001 ], [ 102.6591835, 58.0147161 ], [ 102.6589345, 58.0149288 ], [ 102.658758807701489, 58.015043912442707 ] ] ] } },
{ "type": "Feature", "properties": { "area": 305299 }, "geometry": { "type": "Polygon", "coordinates": [ [ [ 102.658217099999987, 58.0130404 ], [ 102.6582171, 58.0130404 ], [ 102.653459332327159, 58.014616364081718 ], [ 102.643372094719709, 58.016465186470448 ], [ 102.644021807163014, 58.018114650701484 ], [ 102.648815267435495, 58.01741948123108 ], [ 102.653027326290726, 58.018868625749384 ], [ 102.655547361503238, 58.018811423789046 ], [ 102.655547361503253, 58.01881142378906 ], [ 102.655547361503253, 58.018811423789046 ], [ 102.656267371563985, 58.018792356448614 ], [ 102.65612336955185, 58.018372872388049 ], [ 102.65768439999998, 58.0172813 ], [ 102.6557166, 58.0170371 ], [ 102.6555806, 58.0170202 ], [ 102.6571762, 58.0160808 ], [ 102.6575914, 58.0158088 ], [ 102.6577869, 58.0156807 ], [ 102.6589345, 58.0149288 ], [ 102.6591835, 58.0147161 ], [ 102.660149, 58.0140001 ], [ 102.6606318, 58.013529 ], [ 102.6606572, 58.0134375 ], [ 102.6605874, 58.0133215 ], [ 102.6590035, 58.0131433 ], [ 102.6582171, 58.0130404 ], [ 102.658217099999987, 58.0130404 ] ] ] } },
{ "type": "Feature", "properties": { "area": 394493 }, "geometry": { "type": "Polygon", "coordinates": [ [ [ 102.670625198816083, 58.025936684814766 ], [ 102.668111537062856, 58.024454909884234 ], [ 102.667283525493019, 58.023234772113931 ], [ 102.666743517947467, 58.023120382064064 ], [ 102.666383512917093, 58.022777209719685 ], [ 102.666311511911033, 58.02249123025107 ], [ 102.66577150436548, 58.022109920736376 ], [ 102.666239510904973, 58.021947862961788 ], [ 102.665285497574516, 58.021099430864794 ], [ 102.66504233455386, 58.020543633880322 ], [ 102.654636322317415, 58.025643882678047 ], [ 102.665807504868553, 58.028439132412053 ], [ 102.670625198816083, 58.025936684814766 ] ] ] } },
{ "type": "Feature", "properties": { "area": 167605 }, "geometry": { "type": "Polygon", "coordinates": [ [ [ 102.6909226, 58.0286095 ], [ 102.691763867557583, 58.028229447554551 ], [ 102.691547864539388, 58.027848199209352 ], [ 102.692951884157793, 58.027466946799919 ], [ 102.693059885666912, 58.026609114018704 ], [ 102.693696651190322, 58.026262429027156 ], [ 102.6935075, 58.0261608 ], [ 102.6920206, 58.0253618 ], [ 102.6902611, 58.0243468 ], [ 102.6897859, 58.0239814 ], [ 102.6890893, 58.0234457 ], [ 102.6889877, 58.0233676 ], [ 102.6879214, 58.0221955 ], [ 102.687714298344275, 58.021930201414065 ], [ 102.685866192629604, 58.022551703461716 ], [ 102.686162, 58.0228397 ], [ 102.6862313, 58.0230455 ], [ 102.6864002, 58.0232249 ], [ 102.6857729, 58.0235845 ], [ 102.6856042, 58.0236875 ], [ 102.6854944, 58.0237642 ], [ 102.6854779, 58.0238576 ], [ 102.6854846, 58.0240607 ], [ 102.68542, 58.0241911 ], [ 102.6853147, 58.0242423 ], [ 102.6851517, 58.0243109 ], [ 102.6851199, 58.024378 ], [ 102.6851426, 58.0244716 ], [ 102.6851426, 58.0247138 ], [ 102.6852196, 58.0247906 ], [ 102.6855729, 58.0250329 ], [ 102.6858221, 58.0252368 ], [ 102.6860712, 58.0254119 ], [ 102.6865468, 58.0256805 ], [ 102.6868956, 58.0259036 ], [ 102.68695, 58.0259409 ], [ 102.6875116, 58.0263258 ], [ 102.6878592, 58.0265638 ], [ 102.6886692, 58.0269408 ], [ 102.6889822, 58.0272088 ], [ 102.6896188, 58.0275818 ], [ 102.6903967, 58.0282402 ], [ 102.6909226, 58.0286095 ] ] ] } },
{ "type": "Feature", "properties": { "area": 350913 }, "geometry": { "type": "Polygon", "coordinates": [ [ [ 102.693696651190322, 58.026262429027156 ], [ 102.693059885666912, 58.026609114018704 ], [ 102.692951884157793, 58.027466946799919 ], [ 102.691547864539388, 58.027848199209352 ], [ 102.691763867557583, 58.028229447554551 ], [ 102.6909226, 58.0286095 ], [ 102.6909226, 58.0286095 ], [ 102.6914914, 58.0290523 ], [ 102.6921444, 58.0295031 ], [ 102.6925252, 58.0297154 ], [ 102.6931363, 58.0301269 ], [ 102.6935999, 58.030339 ], [ 102.6942834, 58.0307589 ], [ 102.6954366, 58.0315214 ], [ 102.695614, 58.03177 ], [ 102.6959682, 58.0319971 ], [ 102.697221, 58.0328004 ], [ 102.6980371, 58.0333661 ], [ 102.6988415, 58.0339561 ], [ 102.6991881, 58.0340961 ], [ 102.699425, 58.0339612 ], [ 102.7011218, 58.0332978 ], [ 102.7021827, 58.0328651 ], [ 102.7027484, 58.0326344 ], [ 102.7033478, 58.0318061 ], [ 102.7035321, 58.0314569 ], [ 102.7040286, 58.0308459 ], [ 102.704589, 58.0300753 ], [ 102.7049574, 58.0296037 ], [ 102.7037372, 58.0293077 ], [ 102.6993818, 58.0282035 ], [ 102.6964186, 58.0274688 ], [ 102.6953977, 58.027084 ], [ 102.695259, 58.0270317 ], [ 102.6938883, 58.0263654 ], [ 102.693696651190322, 58.026262429027156 ] ] ] } },
{ "type": "Feature", "properties": { "area": 922929 }, "geometry": { "type": "Polygon", "coordinates": [ [ [ 102.634070465132453, 58.024200790641437 ], [ 102.646151230210805, 58.023520745638123 ], [ 102.642362177266435, 58.013901248019508 ], [ 102.627624520351446, 58.012715904645347 ], [ 102.634070465132453, 58.024200790641437 ] ] ] } },
{ "type": "Feature", "properties": { "area": 828262 }, "geometry": { "type": "Polygon", "coordinates": [ [ [ 102.665807504868539, 58.028439132412046 ], [ 102.665807504868539, 58.028439132412053 ], [ 102.680459709604236, 58.030783706632505 ], [ 102.689352045285816, 58.027425501683325 ], [ 102.6889822, 58.0272088 ], [ 102.6886692, 58.0269408 ], [ 102.6878592, 58.0265638 ], [ 102.6875116, 58.0263258 ], [ 102.68695, 58.0259409 ], [ 102.6868956, 58.0259036 ], [ 102.6865468, 58.0256805 ], [ 102.6860712, 58.0254119 ], [ 102.6858221, 58.0252368 ], [ 102.6855729, 58.0250329 ], [ 102.6852196, 58.0247906 ], [ 102.6851426, 58.0247138 ], [ 102.6851426, 58.0244716 ], [ 102.6851199, 58.024378 ], [ 102.6851517, 58.0243109 ], [ 102.6853147, 58.0242423 ], [ 102.68542, 58.0241911 ], [ 102.6854846, 58.0240607 ], [ 102.6854779, 58.0238576 ], [ 102.6854944, 58.0237642 ], [ 102.6856042, 58.0236875 ], [ 102.6857729, 58.0235845 ], [ 102.6864002, 58.0232249 ], [ 102.6862313, 58.0230455 ], [ 102.686162, 58.0228397 ], [ 102.6856318, 58.0223235 ], [ 102.6852204, 58.0220459 ], [ 102.6849913, 58.0217798 ], [ 102.6845985, 58.0213734 ], [ 102.6845811, 58.0213554 ], [ 102.6845099, 58.0211002 ], [ 102.6839629, 58.0207558 ], [ 102.6838639, 58.0207137 ], [ 102.6836394, 58.0207624 ], [ 102.6831858, 58.0209262 ], [ 102.6829459, 58.020936 ], [ 102.6826224, 58.0208539 ], [ 102.6821397, 58.0204701 ], [ 102.6816417, 58.0202144 ], [ 102.681641699999986, 58.0202144 ], [ 102.665807504868553, 58.028439132412053 ], [ 102.665807504868539, 58.028439132412046 ] ] ] } },
{ "type": "Feature", "properties": { "area": 296489 }, "geometry": { "type": "Polygon", "coordinates": [ [ [ 102.685040962464839, 58.034025200396933 ], [ 102.694283399999989, 58.0307589 ], [ 102.6942834, 58.0307589 ], [ 102.6935999, 58.030339 ], [ 102.6931363, 58.0301269 ], [ 102.6925252, 58.0297154 ], [ 102.6921444, 58.0295031 ], [ 102.6914914, 58.0290523 ], [ 102.6909226, 58.0286095 ], [ 102.6903967, 58.0282402 ], [ 102.6896188, 58.0275818 ], [ 102.689352045285816, 58.027425501683325 ], [ 102.680459709604236, 58.030783706632505 ], [ 102.685040962464839, 58.034025200396933 ] ] ] } },
{ "type": "Feature", "properties": { "area": 3581530 }, "geometry": { "type": "Polygon", "coordinates": [ [ [ 102.680459709604236, 58.030783706632505 ], [ 102.665807504868539, 58.028439132412053 ], [ 102.665807504868539, 58.028439132412046 ], [ 102.646151230210805, 58.023520745638123 ], [ 102.634070465132453, 58.024200790641437 ], [ 102.634100115438784, 58.024245006886929 ], [ 102.63413830297101, 58.024287339499296 ], [ 102.634184610530028, 58.024327325961551 ], [ 102.634238532194175, 58.024364529388755 ], [ 102.634299478846017, 58.024398543301466 ], [ 102.674760307537071, 58.04471852764361 ], [ 102.674824995502647, 58.044747863042808 ], [ 102.674894910978523, 58.044773606469093 ], [ 102.674969347458926, 58.044795497777535 ], [ 102.675047552747614, 58.044813315749437 ], [ 102.675128736559401, 58.044826880328124 ], [ 102.675212078506902, 58.044836054438633 ], [ 102.67529673639153, 58.044840745373172 ], [ 102.675381854715155, 58.044840905727874 ], [ 102.675466573326119, 58.044836533882126 ], [ 102.6977452447601, 58.043081714133855 ], [ 102.69782822038043, 58.043072903734604 ], [ 102.697828220380444, 58.043072903734604 ], [ 102.69782822038043, 58.043072903734597 ], [ 102.680459709604236, 58.030783706632505 ] ] ] } },
{ "type": "Feature", "properties": { "area": 76480 }, "geometry": { "type": "Polygon", "coordinates": [ [ [ 102.6551768, 58.0073846 ], [ 102.6559196, 58.0092469 ], [ 102.6559196, 58.0092469 ], [ 102.6559145, 58.0093438 ], [ 102.656321, 58.0097073 ], [ 102.656448, 58.0099173 ], [ 102.6565977, 58.0100223 ], [ 102.6567311, 58.0099699 ], [ 102.658596, 58.0098005 ], [ 102.6595122, 58.0097244 ], [ 102.6599973, 58.0096444 ], [ 102.6606009, 58.0094845 ], [ 102.6606849, 58.0094454 ], [ 102.6609532, 58.0093206 ], [ 102.6609591, 58.0090127 ], [ 102.6609633, 58.0087929 ], [ 102.6610989, 58.0083259 ], [ 102.6605494, 58.0078717 ], [ 102.659921, 58.0077762 ], [ 102.6591509, 58.0076344 ], [ 102.6589572, 58.0075616 ], [ 102.6584439, 58.0075042 ], [ 102.6582872, 58.0074919 ], [ 102.657435, 58.0074251 ], [ 102.6563757, 58.00739 ], [ 102.6551768, 58.0073846 ] ] ] } },
{ "type": "Feature", "properties": { "area": 57574 }, "geometry": { "type": "Polygon", "coordinates": [ [ [ 102.664070480597147, 58.007311972926772 ], [ 102.664538487136625, 58.007187995197825 ], [ 102.665492500467082, 58.007226142237094 ], [ 102.667220524612802, 58.006663469285122 ], [ 102.668246538949347, 58.006386897981599 ], [ 102.6683301, 58.0062601 ], [ 102.6682569, 58.0062482 ], [ 102.66783, 58.0061773 ], [ 102.6671795, 58.0060693 ], [ 102.6664723, 58.0059518 ], [ 102.6662224, 58.0059103 ], [ 102.6658497, 58.0058371 ], [ 102.665637, 58.0057953 ], [ 102.665142, 58.005698 ], [ 102.6647352, 58.0054975 ], [ 102.6643961, 58.0053304 ], [ 102.6641835, 58.0052023 ], [ 102.6638589, 58.0050066 ], [ 102.6637293, 58.0049242 ], [ 102.6634225, 58.0047291 ], [ 102.6630532, 58.0046082 ], [ 102.6624116, 58.0047298 ], [ 102.6622273, 58.0047647 ], [ 102.6617483, 58.0048263 ], [ 102.6622611, 58.0054595 ], [ 102.6626276, 58.0059355 ], [ 102.662915, 58.0063086 ], [ 102.6629778, 58.0064209 ], [ 102.6630599, 58.0065677 ], [ 102.663145, 58.0067198 ], [ 102.6630382, 58.0069301 ], [ 102.6629294, 58.0071653 ], [ 102.6628001, 58.007428 ], [ 102.6630772, 58.0075707 ], [ 102.664110099999988, 58.007784 ], [ 102.664070480597147, 58.007311972926772 ] ] ] } },
{ "type": "Feature", "properties": { "area": 31541 }, "geometry": { "type": "Polygon", "coordinates": [ [ [ 102.6566052, 58.0036169 ], [ 102.6549662, 58.0039725 ], [ 102.6554304, 58.0045372 ], [ 102.6555722, 58.0047354 ], [ 102.6562568, 58.0044306 ], [ 102.656435, 58.0043926 ], [ 102.6573635, 58.0041946 ], [ 102.6583552, 58.0039851 ], [ 102.6596272, 58.0036805 ], [ 102.6607386, 58.0034373 ], [ 102.6603099, 58.0027628 ], [ 102.6598662, 58.0022006 ], [ 102.6592614, 58.002343 ], [ 102.6586704, 58.0024662 ], [ 102.6591687, 58.0030735 ], [ 102.6566052, 58.0036169 ] ] ] } },
{ "type": "Feature", "properties": { "area": 275243 }, "geometry": { "type": "Polygon", "coordinates": [ [ [ 102.6479322, 57.9983344 ], [ 102.64825725963837, 58.000559329878008 ], [ 102.647285246056398, 58.00441268902204 ], [ 102.640886156641898, 58.006539489309887 ], [ 102.641282162175287, 58.006920964784598 ], [ 102.644126201915157, 58.006539489309887 ], [ 102.64646623461249, 58.006634858559721 ], [ 102.6508582959829, 58.005738377579071 ], [ 102.652983014888434, 58.005073994741245 ], [ 102.652658321134709, 58.004937247918242 ], [ 102.65226231560132, 58.004536676363976 ], [ 102.65251431912256, 58.003621067407323 ], [ 102.651542305540588, 58.002476523277565 ], [ 102.652730322140798, 58.001808855635979 ], [ 102.652370317110424, 58.00131286589847 ], [ 102.652316316355851, 58.000206402490754 ], [ 102.652942373568052, 57.999874642151219 ], [ 102.6520376, 57.9994203 ], [ 102.6516995, 57.9991061 ], [ 102.6512092, 57.9987536 ], [ 102.6505021, 57.9983392 ], [ 102.6502373, 57.9981804 ], [ 102.649822, 57.9979315 ], [ 102.6496055, 57.9978525 ], [ 102.6494202, 57.9978784 ], [ 102.6486585, 57.998159 ], [ 102.6482158, 57.9982659 ], [ 102.6479322, 57.9983344 ] ] ] } },
{ "type": "Feature", "properties": { "area": 3239224 }, "geometry": { "type": "Polygon", "coordinates": [ [ [ 102.7594941, 57.9783422 ], [ 102.760205323892421, 58.010070366321585 ], [ 102.787350696215896, 58.010553455990731 ], [ 102.7873667, 58.0101608 ], [ 102.7874096, 58.0095469 ], [ 102.7873989, 58.0088705 ], [ 102.7873173, 58.0081798 ], [ 102.7871414, 58.0074097 ], [ 102.7870215, 58.0070678 ], [ 102.7868624, 58.0066139 ], [ 102.7864977, 58.0058352 ], [ 102.7860363, 58.005153 ], [ 102.7855428, 58.0044254 ], [ 102.7848669, 58.0035727 ], [ 102.7830644, 58.0017933 ], [ 102.7812741, 57.9999497 ], [ 102.7664964, 57.9853623 ], [ 102.762955, 57.9817373 ], [ 102.7627492, 57.9815313 ], [ 102.7613741, 57.9802082 ], [ 102.759743, 57.978599 ], [ 102.7594941, 57.9783422 ] ] ] } },
{ "type": "Feature", "properties": { "area": 1084233 }, "geometry": { "type": "Polygon", "coordinates": [ [ [ 102.718567020733957, 57.962280548366493 ], [ 102.714242848153489, 57.962782787595643 ], [ 102.710187566613683, 57.967985325126364 ], [ 102.713653417697131, 57.974349902976385 ], [ 102.71417211649873, 57.975325121528073 ], [ 102.712409922143422, 57.97695478581894 ], [ 102.713370491078081, 57.977488011561874 ], [ 102.711177750093157, 57.979323805863011 ], [ 102.7113849, 57.9794245 ], [ 102.7126656, 57.9807111 ], [ 102.7136099, 57.9813632 ], [ 102.7138752, 57.9815097 ], [ 102.7140478, 57.9813574 ], [ 102.7143506, 57.9809427 ], [ 102.7145871, 57.9804253 ], [ 102.7147127, 57.9798176 ], [ 102.7147392, 57.9791803 ], [ 102.7147976, 57.9789024 ], [ 102.7149126, 57.9787453 ], [ 102.7151088, 57.9786114 ], [ 102.7153845, 57.978519 ], [ 102.7164443, 57.9784704 ], [ 102.7166412, 57.9784757 ], [ 102.7174688, 57.978498 ], [ 102.7176842, 57.9785327 ], [ 102.7180797, 57.9785964 ], [ 102.7181726, 57.978628 ], [ 102.7185087, 57.9787424 ], [ 102.7186664, 57.9788028 ], [ 102.7192891, 57.9790412 ], [ 102.7198357, 57.9792504 ], [ 102.7200576, 57.9793354 ], [ 102.7209587, 57.9796804 ], [ 102.7214844, 57.9788036 ], [ 102.7248344, 57.9732151 ], [ 102.7214406, 57.9675537 ], [ 102.7210228, 57.9669477 ], [ 102.7206925, 57.9665672 ], [ 102.7205609, 57.9664416 ], [ 102.7199239, 57.9655255 ], [ 102.7189032, 57.9638601 ], [ 102.7188711, 57.9637662 ], [ 102.7188711, 57.9636552 ], [ 102.7188818, 57.9635442 ], [ 102.7189193, 57.963456 ], [ 102.7188746, 57.9633068 ], [ 102.718567020733957, 57.962280548366493 ] ] ] } },
{ "type": "Feature", "properties": { "area": 872960 }, "geometry": { "type": "Polygon", "coordinates": [ [ [ 102.706781710076029, 57.978886315871037 ], [ 102.7083524, 57.9790759 ], [ 102.70835240000001, 57.9790759 ], [ 102.7085048, 57.9789747 ], [ 102.7088008, 57.9788407 ], [ 102.7095648, 57.9787692 ], [ 102.7103063, 57.9789002 ], [ 102.71417211649873, 57.975325121528073 ], [ 102.713653417697131, 57.974349902976385 ], [ 102.710187566613683, 57.967985325126364 ], [ 102.714242848153489, 57.962782787595643 ], [ 102.712803033582034, 57.962195720260475 ], [ 102.7115287, 57.9628415 ], [ 102.7084274, 57.9643131 ], [ 102.7078825, 57.9645053 ], [ 102.7072656, 57.9646646 ], [ 102.7060105, 57.9649753 ], [ 102.7058548, 57.9650431 ], [ 102.7058226, 57.9651284 ], [ 102.7058213, 57.9652164 ], [ 102.6954353, 57.9676189 ], [ 102.695971183295839, 57.968631239507793 ], [ 102.696746, 57.9684489 ], [ 102.6997512, 57.9677452 ], [ 102.700021, 57.9680136 ], [ 102.7001497, 57.9680862 ], [ 102.7004635, 57.968163 ], [ 102.7005774, 57.9684594 ], [ 102.701354, 57.9694163 ], [ 102.7021587, 57.9703324 ], [ 102.7027597, 57.9711024 ], [ 102.7027917, 57.9711916 ], [ 102.7027488, 57.9712883 ], [ 102.7027917, 57.9713993 ], [ 102.703176, 57.9715967 ], [ 102.7034998, 57.9720821 ], [ 102.7037144, 57.9725202 ], [ 102.7037734, 57.9729384 ], [ 102.7039343, 57.9733537 ], [ 102.704283, 57.9738658 ], [ 102.7046263, 57.9745429 ], [ 102.7049857, 57.9749411 ], [ 102.7051413, 57.975072 ], [ 102.7053183, 57.9752427 ], [ 102.705667, 57.9756523 ], [ 102.705887, 57.9759311 ], [ 102.7060479, 57.9761245 ], [ 102.7062088, 57.9763578 ], [ 102.7063805, 57.9765796 ], [ 102.7065468, 57.9768669 ], [ 102.7066487, 57.9770888 ], [ 102.7066996, 57.9772446 ], [ 102.7067882, 57.9775439 ], [ 102.7068257, 57.9777743 ], [ 102.7068525, 57.978019 ], [ 102.7068525, 57.9783034 ], [ 102.7068096, 57.9785907 ], [ 102.706781710076029, 57.978886315871037 ] ] ] } },
{ "type": "Feature", "properties": { "area": 368506 }, "geometry": { "type": "Polygon", "coordinates": [ [ [ 102.715945599999984, 58.0088288 ], [ 102.715945599999984, 58.008828800000011 ], [ 102.714452879812484, 58.009375562140526 ], [ 102.715795, 58.0103998 ], [ 102.7164066, 58.0110534 ], [ 102.7172434, 58.012247 ], [ 102.7175116, 58.0125652 ], [ 102.7181071, 58.0130483 ], [ 102.7199149, 58.0142532 ], [ 102.7209771, 58.0147647 ], [ 102.7227366, 58.0154125 ], [ 102.7259016, 58.0165036 ], [ 102.7293777, 58.0176061 ], [ 102.7308047, 58.0181402 ], [ 102.7337229, 58.0194983 ], [ 102.7356541, 58.0204416 ], [ 102.7364373, 58.020845 ], [ 102.73866785930359, 58.020024254398763 ], [ 102.739296752242666, 58.019792850054323 ], [ 102.7391919, 58.0197299 ], [ 102.7376899, 58.0188094 ], [ 102.7361533, 58.0179261 ], [ 102.7356718, 58.0176762 ], [ 102.7345234, 58.0172311 ], [ 102.7332935, 58.0168301 ], [ 102.7304943, 58.0159301 ], [ 102.7278027, 58.0150646 ], [ 102.7263498, 58.0145906 ], [ 102.7248896, 58.0140266 ], [ 102.724005, 58.0136477 ], [ 102.7231852, 58.0132333 ], [ 102.7215753, 58.0123268 ], [ 102.7204172, 58.0114833 ], [ 102.7197743, 58.0110389 ], [ 102.7191782, 58.010581 ], [ 102.7183692, 58.0099292 ], [ 102.7173717, 58.0091814 ], [ 102.716791418685489, 58.008739743018076 ], [ 102.7167728, 58.0088164 ], [ 102.716633, 58.0089146 ], [ 102.7164409, 58.0089413 ], [ 102.7162238, 58.008922 ], [ 102.7159456, 58.0088288 ], [ 102.715945599999984, 58.0088288 ] ] ] } },
{ "type": "Feature", "properties": { "area": 205441 }, "geometry": { "type": "Polygon", "coordinates": [ [ [ 102.714452879812484, 58.009375562140526 ], [ 102.715945599999984, 58.008828800000011 ], [ 102.715945599999984, 58.0088288 ], [ 102.7151698, 58.0081492 ], [ 102.7137321, 58.007112 ], [ 102.7123977, 58.0062674 ], [ 102.7109651, 58.0054555 ], [ 102.710807515762042, 58.005378010617378 ], [ 102.7101244, 58.0050421 ], [ 102.7093853, 58.0046786 ], [ 102.7077204, 58.0039344 ], [ 102.7071445, 58.0037245 ], [ 102.7067075, 58.0035651 ], [ 102.7063421, 58.0034319 ], [ 102.7058494, 58.0032523 ], [ 102.7056533, 58.0031864 ], [ 102.7051628, 58.0030215 ], [ 102.7038217, 58.0026008 ], [ 102.7032798, 58.0024047 ], [ 102.7027327, 58.0021858 ], [ 102.7022606, 58.001947 ], [ 102.7018154, 58.0016912 ], [ 102.7014184, 58.0012705 ], [ 102.701252511067096, 58.0010019286293 ], [ 102.701194724409547, 58.000908373010169 ], [ 102.700526418570092, 58.000975491236474 ], [ 102.700574780948983, 58.00106409811827 ], [ 102.7006727, 58.0012435 ], [ 102.7008015, 58.0014013 ], [ 102.7012038, 58.0018106 ], [ 102.7019334, 58.0026975 ], [ 102.7024645, 58.0034166 ], [ 102.7027863, 58.0038174 ], [ 102.703312, 58.0044313 ], [ 102.7038324, 58.0049117 ], [ 102.7044064, 58.0053153 ], [ 102.7046451, 58.0055285 ], [ 102.7049696, 58.0059747 ], [ 102.7051064, 58.0060941 ], [ 102.7053639, 58.0062092 ], [ 102.7060318, 58.0064323 ], [ 102.706874, 58.0066227 ], [ 102.7081722, 58.0068302 ], [ 102.7088025, 58.0069716 ], [ 102.7088572, 58.006986 ], [ 102.7095643, 58.0071642 ], [ 102.7112165, 58.007663 ], [ 102.7130914, 58.0084559 ], [ 102.7139926, 58.0090243 ], [ 102.714452879812484, 58.009375562140526 ] ] ] } },
{ "type": "Feature", "properties": { "area": 1574301 }, "geometry": { "type": "Polygon", "coordinates": [ [ [ 102.624460927131423, 57.959176364156683 ], [ 102.627021151160548, 57.955801981681496 ], [ 102.5967064, 57.9627034 ], [ 102.5974557, 57.9632828 ], [ 102.5987051, 57.9644739 ], [ 102.5998135, 57.9656731 ], [ 102.6008612, 57.9667665 ], [ 102.601385, 57.9671788 ], [ 102.6025093, 57.9679482 ], [ 102.6032888, 57.9683574 ], [ 102.6041127, 57.9687187 ], [ 102.6049707, 57.9690247 ], [ 102.6059414, 57.9693409 ], [ 102.6071634, 57.9696299 ], [ 102.6080682, 57.9698162 ], [ 102.6090581, 57.969989 ], [ 102.6101694, 57.9702046 ], [ 102.6134561, 57.9707832 ], [ 102.6142468, 57.9709266 ], [ 102.6150849, 57.9710879 ], [ 102.6158014, 57.9712241 ], [ 102.6173761, 57.9715037 ], [ 102.619593, 57.9719069 ], [ 102.6221004, 57.9686559 ], [ 102.622100399999979, 57.968655899999987 ], [ 102.618196839603158, 57.967999066566406 ], [ 102.624460927131423, 57.959176364156683 ] ] ] } },
{ "type": "Feature", "properties": { "area": 178828 }, "geometry": { "type": "Polygon", "coordinates": [ [ [ 102.637441463916204, 57.969795278810679 ], [ 102.635384, 57.9688155 ], [ 102.6348229, 57.9690176 ], [ 102.6342253, 57.9689634 ], [ 102.6337643, 57.9688196 ], [ 102.6332017, 57.9683544 ], [ 102.6331296, 57.9688106 ], [ 102.6327072, 57.9693297 ], [ 102.6318316, 57.970111 ], [ 102.6309611, 57.9708977 ], [ 102.6306108, 57.9714059 ], [ 102.6305593, 57.9716763 ], [ 102.6303996, 57.9726488 ], [ 102.6303121, 57.973512 ], [ 102.6302657, 57.9739174 ], [ 102.6318037, 57.9743096 ], [ 102.633633, 57.9750641 ], [ 102.637441463916204, 57.969795278810679 ] ] ] } },
{ "type": "Feature", "properties": { "area": 258613 }, "geometry": { "type": "Polygon", "coordinates": [ [ [ 102.6312907, 57.9674774 ], [ 102.626422954546882, 57.965755403313352 ], [ 102.621238507352103, 57.963715006157422 ], [ 102.618196839603158, 57.967999066566406 ], [ 102.622100399999979, 57.968655899999987 ], [ 102.6221004, 57.9686559 ], [ 102.6228747, 57.9686939 ], [ 102.6240806, 57.9688662 ], [ 102.6246915, 57.9688807 ], [ 102.6264725, 57.9684596 ], [ 102.6270206, 57.9684549 ], [ 102.6273923, 57.9685146 ], [ 102.6280458, 57.9688014 ], [ 102.6284252, 57.9688238 ], [ 102.6294878, 57.9688253 ], [ 102.6308623, 57.9687417 ], [ 102.6332017, 57.9683544 ], [ 102.6328349, 57.9681221 ], [ 102.6317511, 57.9677253 ], [ 102.6312907, 57.9674774 ], [ 102.6312907, 57.9674774 ] ] ] } },
{ "type": "Feature", "properties": { "area": 758428 }, "geometry": { "type": "Polygon", "coordinates": [ [ [ 102.6348229, 57.9690176 ], [ 102.635384, 57.9688155 ], [ 102.6368802, 57.9673712 ], [ 102.6370601, 57.9672923 ], [ 102.6381683, 57.9671424 ], [ 102.6393037, 57.9668948 ], [ 102.639609, 57.9667966 ], [ 102.639609, 57.9667966 ], [ 102.639609, 57.966796599999988 ], [ 102.642317176637377, 57.962575844264357 ], [ 102.624460927131423, 57.959176364156683 ], [ 102.621238507352103, 57.963715006157422 ], [ 102.626422954546882, 57.965755403313352 ], [ 102.6312907, 57.9674774 ], [ 102.6314483, 57.9671615 ], [ 102.6312907, 57.9674774 ], [ 102.6317511, 57.9677253 ], [ 102.6328349, 57.9681221 ], [ 102.6332017, 57.9683544 ], [ 102.6337643, 57.9688196 ], [ 102.6342253, 57.9689634 ], [ 102.6348229, 57.9690176 ] ] ] } },
{ "type": "Feature", "properties": { "area": 1512715 }, "geometry": { "type": "Polygon", "coordinates": [ [ [ 102.6604915, 57.9796946 ], [ 102.637441463916204, 57.969795278810679 ], [ 102.633633, 57.9750641 ], [ 102.6354623, 57.9761527 ], [ 102.6366819, 57.9770257 ], [ 102.6376982, 57.9778879 ], [ 102.6384299, 57.9787825 ], [ 102.6389381, 57.979677 ], [ 102.6393446, 57.980787 ], [ 102.6396495, 57.9819186 ], [ 102.6400957, 57.9833752 ], [ 102.6402545, 57.9839574 ], [ 102.6404775, 57.9843856 ], [ 102.6409101, 57.9849428 ], [ 102.6414788, 57.9854316 ], [ 102.6430846, 57.9867138 ], [ 102.6446059, 57.9879499 ], [ 102.6453864, 57.9876504 ], [ 102.6460153, 57.9873797 ], [ 102.6487466, 57.9862038 ], [ 102.6492161, 57.9860016 ], [ 102.6535801, 57.9841227 ], [ 102.6550449, 57.983124 ], [ 102.6573417, 57.9815992 ], [ 102.6591441, 57.980403 ], [ 102.6604915, 57.9796946 ] ] ] } },
{ "type": "Feature", "properties": { "area": 1022024 }, "geometry": { "type": "Polygon", "coordinates": [ [ [ 102.6606917, 57.9703523 ], [ 102.660691699999987, 57.9703523 ], [ 102.639609, 57.966796599999981 ], [ 102.639609, 57.966796599999988 ], [ 102.639609, 57.9667966 ], [ 102.639609, 57.9667966 ], [ 102.637441463916204, 57.969795278810679 ], [ 102.6604915, 57.9796946 ], [ 102.6615652, 57.9794586 ], [ 102.6626889, 57.9793328 ], [ 102.6633844, 57.9793514 ], [ 102.6637937, 57.9793701 ], [ 102.6640087, 57.9793876 ], [ 102.664805928822304, 57.979458816922438 ], [ 102.6649201, 57.9789972 ], [ 102.6647285, 57.9789007 ], [ 102.6645113, 57.9787784 ], [ 102.6644227, 57.978713 ], [ 102.6643583, 57.9786191 ], [ 102.6643208, 57.9784911 ], [ 102.6643127, 57.9783902 ], [ 102.6643208, 57.978302 ], [ 102.664369, 57.9781711 ], [ 102.66442, 57.9781185 ], [ 102.6644737, 57.9781 ], [ 102.6645729, 57.9780986 ], [ 102.6646507, 57.9780716 ], [ 102.6646855, 57.9780218 ], [ 102.6646695, 57.9779692 ], [ 102.6646373, 57.9778625 ], [ 102.6646104, 57.9777715 ], [ 102.6645917, 57.9777146 ], [ 102.6645434, 57.9776478 ], [ 102.6644683, 57.9775852 ], [ 102.6643583, 57.9775126 ], [ 102.6642886, 57.9774486 ], [ 102.6642752, 57.9773989 ], [ 102.664369, 57.9773619 ], [ 102.6641486, 57.9771917 ], [ 102.6639962, 57.9772396 ], [ 102.6639211, 57.9772282 ], [ 102.6638138, 57.9771471 ], [ 102.6637414, 57.977103 ], [ 102.6636797, 57.9770845 ], [ 102.6635333, 57.9770793 ], [ 102.663331, 57.9771116 ], [ 102.6631164, 57.9771173 ], [ 102.662823, 57.977085 ], [ 102.662183, 57.9769494 ], [ 102.6615554, 57.9767788 ], [ 102.6610833, 57.9766195 ], [ 102.6607454, 57.9764886 ], [ 102.6605925, 57.9764232 ], [ 102.660394, 57.9763279 ], [ 102.6601714, 57.9762297 ], [ 102.6599622, 57.9761316 ], [ 102.6598415, 57.9760861 ], [ 102.6596779, 57.9760392 ], [ 102.6594839, 57.9759772 ], [ 102.6592755, 57.9758884 ], [ 102.6590127, 57.9757519 ], [ 102.6588571, 57.9756523 ], [ 102.6588035, 57.9755997 ], [ 102.658782, 57.9755442 ], [ 102.6587793, 57.9754631 ], [ 102.6587927, 57.9754219 ], [ 102.6588222, 57.9753813 ], [ 102.658904, 57.9753394 ], [ 102.6589443, 57.9753188 ], [ 102.6591682, 57.9752313 ], [ 102.6593506, 57.9751815 ], [ 102.6596054, 57.9750962 ], [ 102.6597959, 57.9749966 ], [ 102.6599268, 57.9749445 ], [ 102.6600493, 57.9749255 ], [ 102.6601164, 57.9749262 ], [ 102.6601781, 57.9749283 ], [ 102.6602317, 57.9749226 ], [ 102.6603337, 57.9749191 ], [ 102.6604182, 57.9749041 ], [ 102.660563, 57.97486 ], [ 102.66063, 57.9748302 ], [ 102.6606864, 57.9747875 ], [ 102.6607347, 57.9747384 ], [ 102.6607682, 57.974705 ], [ 102.6607856, 57.9746961 ], [ 102.6607937, 57.9746588 ], [ 102.6607776, 57.9746168 ], [ 102.6607789, 57.974587 ], [ 102.6608151, 57.9745315 ], [ 102.6608929, 57.9744931 ], [ 102.6610404, 57.9744348 ], [ 102.6612201, 57.9743651 ], [ 102.6614267, 57.9742584 ], [ 102.6615769, 57.9741375 ], [ 102.661711, 57.974055 ], [ 102.661778, 57.9740166 ], [ 102.6618585, 57.9739967 ], [ 102.6619685, 57.9739881 ], [ 102.6620129, 57.9739573 ], [ 102.6620033, 57.9739199 ], [ 102.661947, 57.97388 ], [ 102.6618478, 57.9738246 ], [ 102.6617807, 57.9737662 ], [ 102.6616573, 57.9736212 ], [ 102.661609, 57.9734419 ], [ 102.6615876, 57.9733253 ], [ 102.6616037, 57.9731688 ], [ 102.6616213, 57.9729772 ], [ 102.6616251, 57.9727762 ], [ 102.6616266, 57.9725284 ], [ 102.6616037, 57.9724036 ], [ 102.6615018, 57.9722983 ], [ 102.6612872, 57.9722101 ], [ 102.6610351, 57.9720792 ], [ 102.6609117, 57.9719854 ], [ 102.6607454, 57.9718545 ], [ 102.6606595, 57.9717293 ], [ 102.660681, 57.9715984 ], [ 102.6608097, 57.9714192 ], [ 102.66096, 57.9711774 ], [ 102.6609921, 57.971038 ], [ 102.6609707, 57.97089 ], [ 102.6608902, 57.9707762 ], [ 102.660858, 57.9706909 ], [ 102.6608495, 57.9704853 ], [ 102.6606917, 57.9703523 ] ] ] } },
{ "type": "Feature", "properties": { "area": 4445254 }, "geometry": { "type": "Polygon", "coordinates": [ [ [ 102.8385916, 58.0250327 ], [ 102.8386486, 58.0249834 ], [ 102.8388179, 58.0249218 ], [ 102.8379831, 58.0249817 ], [ 102.8348626, 58.0251341 ], [ 102.8319839, 58.0252746 ], [ 102.8287611, 58.0254319 ], [ 102.8250441, 58.0256133 ], [ 102.8222154, 58.0257514 ], [ 102.8207464, 58.0258146 ], [ 102.8191241, 58.0258844 ], [ 102.816249, 58.0260061 ], [ 102.8135098, 58.0261417 ], [ 102.8127909, 58.0261779 ], [ 102.8121076, 58.0262305 ], [ 102.8109023, 58.0263415 ], [ 102.8099001, 58.0264972 ], [ 102.8073662, 58.0268559 ], [ 102.8068609, 58.0269274 ], [ 102.8059963525413, 58.027055025287574 ], [ 102.8050766, 58.0271908 ], [ 102.8046443, 58.0272508 ], [ 102.803589, 58.0273684 ], [ 102.8029873, 58.0274477 ], [ 102.8028871, 58.0274609 ], [ 102.8028083, 58.0274713 ], [ 102.8028499, 58.0275608 ], [ 102.8027291, 58.0275777 ], [ 102.8024007, 58.0276168 ], [ 102.8018052, 58.0276957 ], [ 102.8004328, 58.0278921 ], [ 102.7997742, 58.0279726 ], [ 102.7991995, 58.0280196 ], [ 102.7985802, 58.028046 ], [ 102.7977581, 58.0280524 ], [ 102.7969912, 58.0280447 ], [ 102.7961814, 58.0280281 ], [ 102.7953168, 58.0280121 ], [ 102.7946316, 58.0280014 ], [ 102.794291519877788, 58.027993002299596 ], [ 102.794015699863181, 58.027986191393289 ], [ 102.7943134, 58.0284965 ], [ 102.7945001, 58.02879 ], [ 102.7956465, 58.0309439 ], [ 102.7960554, 58.0317119 ], [ 102.7961085, 58.0318203 ], [ 102.7964335, 58.0324839 ], [ 102.7966495, 58.0329333 ], [ 102.7970353, 58.0336931 ], [ 102.797122063626631, 58.033887590720965 ], [ 102.7971665, 58.0339872 ], [ 102.7972899, 58.034269 ], [ 102.7975985, 58.0350206 ], [ 102.797776, 58.0355679 ], [ 102.7979998, 58.0362868 ], [ 102.7980538, 58.0365564 ], [ 102.7982081, 58.0373896 ], [ 102.7982929, 58.0379532 ], [ 102.7984473, 58.038815 ], [ 102.7985013, 58.0391948 ], [ 102.7986942, 58.0402689 ], [ 102.7987945, 58.0409877 ], [ 102.7988596, 58.041337 ], [ 102.7989179, 58.0416493 ], [ 102.7990259, 58.0422415 ], [ 102.7991802, 58.0431562 ], [ 102.7992728, 58.0436259 ], [ 102.7993808, 58.0440015 ], [ 102.7994734, 58.0445079 ], [ 102.7994967, 58.0446765 ], [ 102.799427, 58.04479 ], [ 102.7993544, 58.0448696 ], [ 102.7996728, 58.0448153 ], [ 102.8006039, 58.0447351 ], [ 102.8006971, 58.0447307 ], [ 102.8019226, 58.0446724 ], [ 102.8022196, 58.0446595 ], [ 102.8030931, 58.0446214 ], [ 102.8031857, 58.044617 ], [ 102.8036684, 58.0445939 ], [ 102.8038938, 58.0445831 ], [ 102.8042414, 58.0445665 ], [ 102.8046233, 58.0445489 ], [ 102.8048812, 58.044537 ], [ 102.8052402, 58.0445204 ], [ 102.8055157, 58.0445077 ], [ 102.8056108, 58.0445033 ], [ 102.807027, 58.0444371 ], [ 102.8089606, 58.0443731 ], [ 102.8103355, 58.0442913 ], [ 102.811082, 58.0442614 ], [ 102.811623, 58.044234 ], [ 102.8129485, 58.044165 ], [ 102.8132205, 58.0441548 ], [ 102.8159523, 58.044026 ], [ 102.8174334, 58.0439547 ], [ 102.8187075, 58.0438933 ], [ 102.8210346, 58.0437751 ], [ 102.8223619, 58.0437436 ], [ 102.8222761, 58.0432543 ], [ 102.8222176, 58.0428518 ], [ 102.822163, 58.0424946 ], [ 102.8220421, 58.0418319 ], [ 102.8219211, 58.0411052 ], [ 102.8218197, 58.040426 ], [ 102.8217688, 58.0401366 ], [ 102.8216635, 58.0396571 ], [ 102.8220766, 58.0396136 ], [ 102.8227948, 58.0395671 ], [ 102.8243004, 58.0395072 ], [ 102.8257631, 58.0394432 ], [ 102.8279668, 58.0393359 ], [ 102.8284934, 58.0393084 ], [ 102.8291315, 58.0392868 ], [ 102.8294987, 58.0392743 ], [ 102.8298286, 58.0392698 ], [ 102.8349027, 58.0390381 ], [ 102.8350674, 58.0390304 ], [ 102.8365138, 58.0389632 ], [ 102.8377926, 58.0389043 ], [ 102.8398014, 58.0388119 ], [ 102.8402063, 58.0387942 ], [ 102.8403991, 58.0387824 ], [ 102.8407825, 58.0387633 ], [ 102.8403153, 58.0360535 ], [ 102.8402478, 58.035662 ], [ 102.8399872, 58.0341503 ], [ 102.8399038, 58.0337894 ], [ 102.8398291, 58.0332906 ], [ 102.8397957, 58.0330418 ], [ 102.8396493, 58.0322671 ], [ 102.8396204, 58.0320154 ], [ 102.8395001, 58.0314948 ], [ 102.8394238, 58.0308444 ], [ 102.8392663, 58.0300015 ], [ 102.839124, 58.0292065 ], [ 102.8389595, 58.0283091 ], [ 102.8387642, 58.027104 ], [ 102.8386732, 58.0264635 ], [ 102.838658603619251, 58.026363665862242 ], [ 102.8386389, 58.0262289 ], [ 102.8385921, 58.0258217 ], [ 102.8385035, 58.0252647 ], [ 102.8384865, 58.025167 ], [ 102.8385916, 58.0250327 ] ] ] } },
{ "type": "Feature", "properties": { "area": 499752 }, "geometry": { "type": "Polygon", "coordinates": [ [ [ 102.8399038, 58.0337894 ], [ 102.8399872, 58.0341503 ], [ 102.8416216, 58.0340511 ], [ 102.8422817, 58.0340373 ], [ 102.8439273, 58.0339563 ], [ 102.8448631, 58.0339363 ], [ 102.8483473, 58.0337664 ], [ 102.8502808, 58.0336303 ], [ 102.854601, 58.0334207 ], [ 102.8554843, 58.0333322 ], [ 102.8557866, 58.0332957 ], [ 102.8558922, 58.0332318 ], [ 102.8552129, 58.0329438 ], [ 102.8543106, 58.0324482 ], [ 102.8537294, 58.0320921 ], [ 102.8530907, 58.0317414 ], [ 102.8516376, 58.031092 ], [ 102.8509791, 58.0307962 ], [ 102.8507015, 58.0306715 ], [ 102.8493903, 58.0300792 ], [ 102.8477749, 58.0293832 ], [ 102.8454533, 58.0283686 ], [ 102.8439968, 58.0277119 ], [ 102.8431249, 58.0273236 ], [ 102.8426088, 58.0270672 ], [ 102.8422658, 58.026885 ], [ 102.8416764, 58.0265636 ], [ 102.8408935, 58.0260698 ], [ 102.8404052, 58.0256627 ], [ 102.8401898, 58.0254409 ], [ 102.8401175, 58.025337 ], [ 102.8400389, 58.0251652 ], [ 102.8398436, 58.0249304 ], [ 102.8394765, 58.024882 ], [ 102.8388179, 58.0249218 ], [ 102.8386486, 58.0249834 ], [ 102.8385916, 58.0250327 ], [ 102.8384865, 58.025167 ], [ 102.8385035, 58.0252647 ], [ 102.8385921, 58.0258217 ], [ 102.8386389, 58.0262289 ], [ 102.838658603619251, 58.026363665862242 ], [ 102.8386732, 58.0264635 ], [ 102.8387642, 58.027104 ], [ 102.8389595, 58.0283091 ], [ 102.839124, 58.0292065 ], [ 102.8392663, 58.0300015 ], [ 102.8394238, 58.0308444 ], [ 102.8395001, 58.0314948 ], [ 102.8396204, 58.0320154 ], [ 102.8396493, 58.0322671 ], [ 102.8397957, 58.0330418 ], [ 102.8398291, 58.0332906 ], [ 102.8399038, 58.0337894 ] ] ] } },
{ "type": "Feature", "properties": { "area": 4188363 }, "geometry": { "type": "Polygon", "coordinates": [ [ [ 102.8059963525413, 58.027055025287574 ], [ 102.8068609, 58.0269274 ], [ 102.8073662, 58.0268559 ], [ 102.8099001, 58.0264972 ], [ 102.8109023, 58.0263415 ], [ 102.8121076, 58.0262305 ], [ 102.8127909, 58.0261779 ], [ 102.8135098, 58.0261417 ], [ 102.816249, 58.0260061 ], [ 102.8191241, 58.0258844 ], [ 102.8207464, 58.0258146 ], [ 102.8222154, 58.0257514 ], [ 102.8250441, 58.0256133 ], [ 102.8287611, 58.0254319 ], [ 102.8319839, 58.0252746 ], [ 102.8348626, 58.0251341 ], [ 102.8379831, 58.0249817 ], [ 102.8388179, 58.0249218 ], [ 102.8394765, 58.024882 ], [ 102.8398436, 58.0249304 ], [ 102.8398853, 58.0246832 ], [ 102.8398381, 58.0244553 ], [ 102.8395923, 58.0234737 ], [ 102.8393677, 58.0225814 ], [ 102.8390166, 58.0211796 ], [ 102.8386796, 58.0198894 ], [ 102.8383496, 58.0186326 ], [ 102.8380829, 58.0176137 ], [ 102.8379354, 58.017041 ], [ 102.8378793, 58.0160481 ], [ 102.8379082, 58.0152115 ], [ 102.8378064, 58.0147299 ], [ 102.8374062, 58.014068 ], [ 102.8370973, 58.0136849 ], [ 102.8367884, 58.0125469 ], [ 102.8365918, 58.0116357 ], [ 102.8363953, 58.0109178 ], [ 102.8361214, 58.0098727 ], [ 102.8359529, 58.0092181 ], [ 102.8355879, 58.0082324 ], [ 102.794963599999988, 58.0120117 ], [ 102.794649803129772, 58.012005007532871 ], [ 102.7951491, 58.012968 ], [ 102.7960068, 58.0146041 ], [ 102.7975276, 58.0172665 ], [ 102.8009013, 58.0238649 ], [ 102.8014471, 58.0249097 ], [ 102.8027804, 58.0274186 ], [ 102.8028083, 58.0274713 ], [ 102.8028871, 58.0274609 ], [ 102.8029873, 58.0274477 ], [ 102.803589, 58.0273684 ], [ 102.8046443, 58.0272508 ], [ 102.8050766, 58.0271908 ], [ 102.8059963525413, 58.027055025287574 ] ] ] } },
{ "type": "Feature", "properties": { "area": 188049 }, "geometry": { "type": "Polygon", "coordinates": [ [ [ 102.6715042, 57.9852546 ], [ 102.6715042, 57.9852546 ], [ 102.671522, 57.9854379 ], [ 102.6715512, 57.985799 ], [ 102.6714719, 57.9864414 ], [ 102.6714471, 57.9865723 ], [ 102.6714439, 57.9877429 ], [ 102.6714429, 57.9881022 ], [ 102.6714403, 57.9890765 ], [ 102.6714402, 57.9891111 ], [ 102.6714713, 57.9904828 ], [ 102.6714714, 57.9905508 ], [ 102.6714717, 57.9907036 ], [ 102.6714356, 57.9908682 ], [ 102.6718418, 57.9906891 ], [ 102.6722731, 57.990499 ], [ 102.6724808, 57.990388 ], [ 102.6726271, 57.9903247 ], [ 102.6730446, 57.9901442 ], [ 102.6736506, 57.9898821 ], [ 102.67374, 57.9898434 ], [ 102.6740743, 57.9896988 ], [ 102.6747194, 57.9894198 ], [ 102.6755061, 57.9891026 ], [ 102.6767689, 57.988579 ], [ 102.6789989, 57.9876093 ], [ 102.6788685, 57.9875596 ], [ 102.6787457, 57.9874661 ], [ 102.6786131, 57.9874191 ], [ 102.678546, 57.9872698 ], [ 102.6784549, 57.9869143 ], [ 102.6780698, 57.9869253 ], [ 102.6779747, 57.9869158 ], [ 102.6779747, 57.9869158 ], [ 102.67797469999995, 57.986915799999977 ], [ 102.6779184, 57.9868816 ], [ 102.67797469999995, 57.98691579999997 ], [ 102.677900031033417, 57.986858161042619 ], [ 102.677897192434585, 57.986854538966412 ], [ 102.674492626226183, 57.984163611393768 ], [ 102.6715042, 57.9852546 ] ] ] } },
{ "type": "Feature", "properties": { "area": 337512 }, "geometry": { "type": "Polygon", "coordinates": [ [ [ 102.7299642, 57.9597666 ], [ 102.7310204, 57.9595946 ], [ 102.7311225, 57.9595773 ], [ 102.7313213, 57.9595352 ], [ 102.7321445, 57.9593524 ], [ 102.73235, 57.9593176 ], [ 102.7338072, 57.9590892 ], [ 102.7344367, 57.9589946 ], [ 102.7352504, 57.958874 ], [ 102.7381194, 57.9584523 ], [ 102.7386485, 57.9583707 ], [ 102.7390558, 57.9583076 ], [ 102.7389687, 57.9581521 ], [ 102.7388517, 57.9579455 ], [ 102.7386688, 57.9576226 ], [ 102.7385884, 57.9574807 ], [ 102.7376042, 57.9557267 ], [ 102.7369718, 57.9545231 ], [ 102.7351236, 57.9544021 ], [ 102.7339867, 57.9543161 ], [ 102.7338306, 57.9543043 ], [ 102.7319026, 57.9541273 ], [ 102.7308892, 57.9540393 ], [ 102.7288574, 57.9538671 ], [ 102.7278173, 57.9537705 ], [ 102.7277049, 57.9537588 ], [ 102.7275541, 57.9537432 ], [ 102.7272128, 57.9537094 ], [ 102.7271363, 57.9539783 ], [ 102.727063, 57.9543042 ], [ 102.7270289, 57.9546517 ], [ 102.7270228, 57.9550005 ], [ 102.7270373, 57.9552572 ], [ 102.7270973, 57.9555103 ], [ 102.7271593, 57.9557199 ], [ 102.7272686, 57.9559866 ], [ 102.7274949, 57.9564298 ], [ 102.7276887, 57.9567862 ], [ 102.7282672, 57.9578414 ], [ 102.7289085, 57.9589683 ], [ 102.7291117, 57.9593254 ], [ 102.729212, 57.9594683 ], [ 102.7292982, 57.959566 ], [ 102.72921, 57.9595879 ], [ 102.7291587, 57.9595928 ], [ 102.7291101, 57.9596028 ], [ 102.7290661, 57.9596176 ], [ 102.7290283, 57.9596366 ], [ 102.7289983, 57.9596592 ], [ 102.728977, 57.9596844 ], [ 102.7289653, 57.9597114 ], [ 102.7289636, 57.9597377 ], [ 102.7289711, 57.9597637 ], [ 102.7289875, 57.9597886 ], [ 102.7290123, 57.9598114 ], [ 102.7290627, 57.9598399 ], [ 102.7291259, 57.9598601 ], [ 102.7291971, 57.9598703 ], [ 102.7292707, 57.9598698 ], [ 102.7293414, 57.9598587 ], [ 102.7294487, 57.959847 ], [ 102.7299642, 57.9597666 ] ] ] } },
{ "type": "Feature", "properties": { "area": 457343 }, "geometry": { "type": "Polygon", "coordinates": [ [ [ 102.7861143, 57.970247 ], [ 102.7853843, 57.970547 ], [ 102.7859413, 57.9708693 ], [ 102.7864108, 57.9711867 ], [ 102.7867216, 57.971465 ], [ 102.7870277, 57.971808 ], [ 102.7872187, 57.9721205 ], [ 102.7874388, 57.9726566 ], [ 102.7876068, 57.973107 ], [ 102.7879373, 57.974175 ], [ 102.8129854, 57.9712539 ], [ 102.8129854, 57.9712539 ], [ 102.8127496, 57.9708656 ], [ 102.8124372, 57.9703512 ], [ 102.8117232, 57.9691233 ], [ 102.8113337, 57.96852650000001 ], [ 102.8113337, 57.968526500000017 ], [ 102.7938756, 57.9709372 ], [ 102.793601, 57.971030315781675 ], [ 102.7934707, 57.9710745 ], [ 102.7930353, 57.9710422 ], [ 102.7929196, 57.9709243 ], [ 102.7925542, 57.9708839 ], [ 102.7920549, 57.97111 ], [ 102.7905326, 57.9711617 ], [ 102.7899419, 57.9713409 ], [ 102.7887728, 57.9711487 ], [ 102.7861143, 57.970247 ] ] ] } },
{ "type": "Feature", "properties": { "area": 188382 }, "geometry": { "type": "Polygon", "coordinates": [ [ [ 102.777731, 57.9670598 ], [ 102.777731, 57.967059799999987 ], [ 102.777829099999977, 57.966742 ], [ 102.7778291, 57.966742 ], [ 102.7836764, 57.9609487 ], [ 102.7830645, 57.9609564 ], [ 102.780107, 57.9610878 ], [ 102.7775574, 57.9611728 ], [ 102.775866, 57.9611993 ], [ 102.7751413, 57.9612107 ], [ 102.7750726, 57.9614272 ], [ 102.7749948, 57.9619084 ], [ 102.7753053, 57.9633658 ], [ 102.7757403, 57.964881 ], [ 102.7761977, 57.9658056 ], [ 102.7769529, 57.9665258 ], [ 102.777731, 57.9670598 ] ] ] } }
]
}
